price_history_id,part_id,dateprice,Field,source
1,1,80190,2026-10-01,다나와
2,2,67790,2026-10-01,다나와
3,3,55000,2026-10-01,다나와
4,4,95000,2026-10-01,다나와
5,5,85480,2026-10-01,다나와
6,6,85920,2026-10-01,다나와
7,7,119000,2026-10-01,다나와
8,8,94000,2026-10-01,다나와
9,9,96950,2026-10-01,다나와
10,10,107000,2026-10-01,다나와
11,11,85480,2026-10-01,다나와
12,12,86000,2026-10-01,다나와
13,13,193980,2026-10-01,다나와
14,14,128590,2026-10-01,다나와
15,15,147560,2026-10-01,다나와
16,16,129900,2026-10-01,다나와
17,17,199890,2026-10-01,다나와
18,18,166110,2026-10-01,다나와
19,19,150000,2026-10-01,다나와
20,20,171670,2026-10-01,다나와
21,21,181000,2026-10-01,다나와
22,22,227040,2026-10-01,다나와
23,23,184350,2026-10-01,다나와
24,24,224090,2026-10-01,다나와
25,25,240000,2026-10-01,다나와
26,26,215000,2026-10-01,다나와
27,27,161500,2026-10-01,다나와
28,28,214970,2026-10-01,다나와
29,29,228010,2026-10-01,다나와
30,30,206230,2026-10-01,다나와
31,31,245810,2026-10-01,다나와
32,32,230000,2026-10-01,다나와
33,33,195000,2026-10-01,다나와
34,34,233000,2026-10-01,다나와
35,35,227050,2026-10-01,다나와
36,36,223890,2026-10-01,다나와
37,37,222000,2026-10-01,다나와
38,38,223140,2026-10-01,다나와
39,39,215060,2026-10-01,다나와
40,40,198900,2026-10-01,다나와
41,41,226860,2026-10-01,다나와
42,42,233000,2026-10-01,다나와
43,43,279650,2026-10-01,다나와
44,44,490990,2026-10-01,다나와
45,45,299000,2026-10-01,다나와
46,46,320570,2026-10-01,다나와
47,47,338230,2026-10-01,다나와
48,48,369900,2026-10-01,다나와
49,49,429430,2026-10-01,다나와
50,50,453470,2026-10-01,다나와
51,51,376210,2026-10-01,다나와
52,52,445000,2026-10-01,다나와
53,53,425640,2026-10-01,다나와
54,54,445000,2026-10-01,다나와
55,55,429000,2026-10-01,다나와
56,56,433560,2026-10-01,다나와
57,57,440000,2026-10-01,다나와
58,58,399000,2026-10-01,다나와
59,59,440000,2026-10-01,다나와
60,60,413590,2026-10-01,다나와
61,61,428940,2026-10-01,다나와
62,62,428240,2026-10-01,다나와
63,63,445000,2026-10-01,다나와
64,64,770000,2026-10-01,다나와
65,65,627010,2026-10-01,다나와
66,66,182580,2026-10-01,다나와
67,67,182870,2026-10-01,다나와
68,68,181600,2026-10-01,다나와
69,69,173910,2026-10-01,다나와
70,70,185320,2026-10-01,다나와
71,71,180000,2026-10-01,다나와
72,72,194980,2026-10-01,다나와
73,73,189980,2026-10-01,다나와
74,74,181600,2026-10-01,다나와
75,75,192500,2026-10-01,다나와
76,76,225000,2026-10-01,다나와
77,77,234990,2026-10-01,다나와
78,78,183000,2026-10-01,다나와
79,79,183000,2026-10-01,다나와
80,80,349920,2026-10-01,다나와
81,81,417920,2026-10-01,다나와
82,82,350180,2026-10-01,다나와
83,83,363950,2026-10-01,다나와
84,84,320890,2026-10-01,다나와
85,85,330000,2026-10-01,다나와
86,86,323970,2026-10-01,다나와
87,87,319770,2026-10-01,다나와
88,88,409000,2026-10-01,다나와
89,89,319770,2026-10-01,다나와
90,90,327500,2026-10-01,다나와
91,91,443880,2026-10-01,다나와
92,92,335000,2026-10-01,다나와
93,93,330840,2026-10-01,다나와
94,94,375000,2026-10-01,다나와
95,95,353240,2026-10-01,다나와
96,96,360000,2026-10-01,다나와
97,97,375000,2026-10-01,다나와
98,98,359180,2026-10-01,다나와
99,99,355760,2026-10-01,다나와
100,100,381700,2026-10-01,다나와
101,101,407500,2026-10-01,다나와
102,102,350000,2026-10-01,다나와
103,103,318890,2026-10-01,다나와
104,104,337500,2026-10-01,다나와
105,105,372000,2026-10-01,다나와
106,106,336460,2026-10-01,다나와
107,107,793940,2026-10-01,다나와
108,108,697990,2026-10-01,다나와
109,109,621890,2026-10-01,다나와
110,110,650000,2026-10-01,다나와
111,111,659980,2026-10-01,다나와
112,112,816750,2026-10-01,다나와
113,113,696270,2026-10-01,다나와
114,114,684550,2026-10-01,다나와
115,115,714340,2026-10-01,다나와
116,116,674910,2026-10-01,다나와
117,117,687910,2026-10-01,다나와
118,118,983440,2026-10-01,다나와
119,119,973790,2026-10-01,다나와
120,120,944870,2026-10-01,다나와
121,121,954510,2026-10-01,다나와
122,122,964150,2026-10-01,다나와
123,123,841540,2026-10-01,다나와
124,124,684550,2026-10-01,다나와
125,125,762960,2026-10-01,다나와
126,126,838810,2026-10-01,다나와
127,127,964140,2026-10-01,다나와
128,128,685330,2026-10-01,다나와
129,129,704950,2026-10-01,다나와
130,130,858100,2026-10-01,다나와
131,131,839910,2026-10-01,다나와
132,132,790600,2026-10-01,다나와
133,133,863240,2026-10-01,다나와
134,134,999760,2026-10-01,다나와
135,135,709990,2026-10-01,다나와
136,136,979180,2026-10-01,다나와
137,137,690000,2026-10-01,다나와
138,138,645480,2026-10-01,다나와
139,139,918900,2026-10-01,다나와
140,140,759000,2026-10-01,다나와
141,141,919000,2026-10-01,다나와
142,142,759000,2026-10-01,다나와
143,143,889000,2026-10-01,다나와
144,144,805740,2026-10-01,다나와
145,145,819000,2026-10-01,다나와
146,146,739000,2026-10-01,다나와
147,147,889000,2026-10-01,다나와
148,148,884690,2026-10-01,다나와
149,149,797430,2026-10-01,다나와
150,150,739000,2026-10-01,다나와
151,151,797430,2026-10-01,다나와
152,152,879000,2026-10-01,다나와
153,153,889000,2026-10-01,다나와
154,154,919000,2026-10-01,다나와
155,155,759000,2026-10-01,다나와
156,156,795200,2026-10-01,다나와
157,157,922740,2026-10-01,다나와
158,158,861000,2026-10-01,다나와
159,159,801500,2026-10-01,다나와
160,160,919000,2026-10-01,다나와
161,161,869830,2026-10-01,다나와
162,162,886010,2026-10-01,다나와
163,163,879000,2026-10-01,다나와
164,164,875500,2026-10-01,다나와
165,165,789000,2026-10-01,다나와
166,166,935490,2026-10-01,다나와
167,167,899000,2026-10-01,다나와
168,168,984000,2026-10-01,다나와
169,169,2190000,2026-10-01,다나와
170,170,2090000,2026-10-01,다나와
171,171,1067690,2026-10-01,다나와
172,172,829000,2026-10-01,다나와
173,173,2190000,2026-10-01,다나와
174,174,1089990,2026-10-01,다나와
175,175,747120,2026-10-01,다나와
176,176,818990,2026-10-01,다나와
177,177,1990000,2026-10-01,다나와
178,178,1049990,2026-10-01,다나와
179,179,1079990,2026-10-01,다나와
180,180,1182000,2026-10-01,다나와
181,181,829070,2026-10-01,다나와
182,182,1160000,2026-10-01,다나와
183,183,1069990,2026-10-01,다나와
184,184,856790,2026-10-01,다나와
185,185,963120,2026-10-01,다나와
186,186,1180000,2026-10-01,다나와
187,187,944990,2026-10-01,다나와
188,188,847000,2026-10-01,다나와
189,189,1990000,2026-10-01,다나와
190,190,1990000,2026-10-01,다나와
191,191,986000,2026-10-01,다나와
192,192,909000,2026-10-01,다나와
193,193,888990,2026-10-01,다나와
194,194,734000,2026-10-01,다나와
195,195,898990,2026-10-01,다나와
196,196,887000,2026-10-01,다나와
197,197,799000,2026-10-01,다나와
198,198,741450,2026-10-01,다나와
199,199,829990,2026-10-01,다나와
200,200,739000,2026-10-01,다나와
201,201,779000,2026-10-01,다나와
202,202,990000,2026-10-01,다나와
203,203,848000,2026-10-01,다나와
204,204,838990,2026-10-01,다나와
205,205,856790,2026-10-01,다나와
206,206,990000,2026-10-01,다나와
207,207,999000,2026-10-01,다나와
208,208,963000,2026-10-01,다나와
209,209,990000,2026-10-01,다나와
210,210,838370,2026-10-01,다나와
211,211,894990,2026-10-01,다나와
212,212,932500,2026-10-01,다나와
213,213,932500,2026-10-01,다나와
214,214,1058990,2026-10-01,다나와
215,215,986000,2026-10-01,다나와
216,216,986000,2026-10-01,다나와
217,217,839000,2026-10-01,다나와
218,218,999000,2026-10-01,다나와
219,219,1058990,2026-10-01,다나와
220,220,789000,2026-10-01,다나와
221,221,1060000,2026-10-01,다나와
222,222,919000,2026-10-01,다나와
223,223,969000,2026-10-01,다나와
224,224,989990,2026-10-01,다나와
225,225,1070000,2026-10-01,다나와
226,226,989990,2026-10-01,다나와
227,227,891430,2026-10-01,다나와
228,228,899000,2026-10-01,다나와
229,229,763810,2026-10-01,다나와
230,230,752490,2026-10-01,다나와
231,231,859000,2026-10-01,다나와
232,232,859000,2026-10-01,다나와
233,233,720000,2026-10-01,다나와
234,234,810000,2026-10-01,다나와
235,235,794360,2026-10-01,다나와
236,236,784000,2026-10-01,다나와
237,237,810000,2026-10-01,다나와
238,238,766000,2026-10-01,다나와
239,239,799000,2026-10-01,다나와
240,240,784000,2026-10-01,다나와
241,241,762170,2026-10-01,다나와
242,242,750000,2026-10-01,다나와
243,243,720000,2026-10-01,다나와
244,244,729280,2026-10-01,다나와
245,245,918000,2026-10-01,다나와
246,246,610400,2026-10-01,다나와
247,247,700310,2026-10-01,다나와
248,248,918000,2026-10-01,다나와
249,249,762170,2026-10-01,다나와
250,250,740000,2026-10-01,다나와
251,251,761300,2026-10-01,다나와
252,252,799000,2026-10-01,다나와
253,253,722500,2026-10-01,다나와
254,254,730000,2026-10-01,다나와
255,255,784000,2026-10-01,다나와
256,256,1300000,2026-10-01,다나와
257,257,1825000,2026-10-01,다나와
258,258,1650000,2026-10-01,다나와
259,259,1825000,2026-10-01,다나와
260,260,1850000,2026-10-01,다나와
261,261,1650000,2026-10-01,다나와
262,262,1989990,2026-10-01,다나와
263,263,2150000,2026-10-01,다나와
264,264,2190000,2026-10-01,다나와
265,265,1774990,2026-10-01,다나와
266,266,2180000,2026-10-01,다나와
267,267,1653050,2026-10-01,다나와
268,268,1504790,2026-10-01,다나와
269,269,1789990,2026-10-01,다나와
270,270,1590000,2026-10-01,다나와
271,271,1689990,2026-10-01,다나와
272,272,2089990,2026-10-01,다나와
273,273,1539990,2026-10-01,다나와
274,274,1679990,2026-10-01,다나와
275,275,2190000,2026-10-01,다나와
276,276,1989990,2026-10-01,다나와
277,277,2037190,2026-10-01,다나와
278,278,1689990,2026-10-01,다나와
279,279,2042690,2026-10-01,다나와
280,280,2100000,2026-10-01,다나와
281,281,2126360,2026-10-01,다나와
282,282,2036450,2026-10-01,다나와
283,283,2190000,2026-10-01,다나와
284,284,2090000,2026-10-01,다나와
285,285,2100000,2026-10-01,다나와
286,286,2144990,2026-10-01,다나와
287,287,1680000,2026-10-01,다나와
288,288,1790000,2026-10-01,다나와
289,289,1906190,2026-10-01,다나와
290,290,1979990,2026-10-01,다나와
291,291,2190000,2026-10-01,다나와
292,292,2016490,2026-10-01,다나와
293,293,2166000,2026-10-01,다나와
294,294,1424950,2026-10-01,다나와
295,295,1477370,2026-10-01,다나와
296,296,1650510,2026-10-01,다나와
297,297,1600000,2026-10-01,다나와
298,298,1560000,2026-10-01,다나와
299,299,1581320,2026-10-01,다나와
300,300,1670000,2026-10-01,다나와
301,301,1520000,2026-10-01,다나와
302,302,1520000,2026-10-01,다나와
303,303,1559990,2026-10-01,다나와
304,304,173380,2026-10-01,다나와
305,305,279810,2026-10-01,다나와
306,306,179700,2026-10-01,다나와
307,307,189590,2026-10-01,다나와
308,308,102000,2026-10-01,다나와
309,309,110000,2026-10-01,다나와
310,310,563990,2026-10-01,다나와
311,311,209200,2026-10-01,다나와
312,312,272970,2026-10-01,다나와
313,313,716000,2026-10-01,다나와
314,314,441700,2026-10-01,다나와
315,315,159890,2026-10-01,다나와
316,316,154560,2026-10-01,다나와
317,317,280900,2026-10-01,다나와
318,318,630000,2026-10-01,다나와
319,319,169710,2026-10-01,다나와
320,320,1699940,2026-10-01,다나와
321,321,765600,2026-10-01,다나와
322,322,273940,2026-10-01,다나와
323,323,370290,2026-10-01,다나와
324,324,210600,2026-10-01,다나와
325,325,222450,2026-10-01,다나와
326,326,151100,2026-10-01,다나와
327,327,558000,2026-10-01,다나와
328,328,229510,2026-10-01,다나와
329,329,481360,2026-10-01,다나와
330,330,559730,2026-10-01,다나와
331,331,748000,2026-10-01,다나와
332,332,485000,2026-10-01,다나와
333,333,558470,2026-10-01,다나와
334,334,705000,2026-10-01,다나와
335,335,195000,2026-10-01,다나와
336,336,278250,2026-10-01,다나와
337,337,494000,2026-10-01,다나와
338,338,555980,2026-10-01,다나와
339,339,172750,2026-10-01,다나와
340,340,415140,2026-10-01,다나와
341,341,833990,2026-10-01,다나와
342,342,597990,2026-10-01,다나와
343,343,189990,2026-10-01,다나와
344,344,900000,2026-10-01,다나와
345,345,255990,2026-10-01,다나와
346,346,515440,2026-10-01,다나와
347,347,320250,2026-10-01,다나와
348,348,383350,2026-10-01,다나와
349,349,590000,2026-10-01,다나와
350,350,908000,2026-10-01,다나와
351,351,442000,2026-10-01,다나와
352,352,605000,2026-10-01,다나와
353,353,377990,2026-10-01,다나와
354,354,974000,2026-10-01,다나와
355,355,208000,2026-10-01,다나와
356,356,378000,2026-10-01,다나와
357,357,10000000,2026-10-01,다나와
358,358,525000,2026-10-01,다나와
359,359,325450,2026-10-01,다나와
360,360,752990,2026-10-01,다나와
361,361,389000,2026-10-01,다나와
362,362,667600,2026-10-01,다나와
363,363,434000,2026-10-01,다나와
364,364,1043700,2026-10-01,다나와
365,365,497990,2026-10-01,다나와
366,366,703080,2026-10-01,다나와
367,367,286830,2026-10-01,다나와
368,368,410000,2026-10-01,다나와
369,369,386410,2026-10-01,다나와
370,370,582440,2026-10-01,다나와
371,371,336710,2026-10-01,다나와
372,372,208000,2026-10-01,다나와
373,373,1100000,2026-10-01,다나와
374,374,971490,2026-10-01,다나와
375,375,760990,2026-10-01,다나와
376,376,477990,2026-10-01,다나와
377,377,477990,2026-10-01,다나와
378,378,232690,2026-10-01,다나와
379,379,296980,2026-10-01,다나와
380,380,340150,2026-10-01,다나와
381,381,296050,2026-10-01,다나와
382,382,195990,2026-10-01,다나와
383,383,820480,2026-10-01,다나와
384,384,363440,2026-10-01,다나와
385,385,572490,2026-10-01,다나와
386,386,534700,2026-10-01,다나와
387,387,491160,2026-10-01,다나와
388,388,152080,2026-10-01,다나와
389,389,711120,2026-10-01,다나와
390,390,824990,2026-10-01,다나와
391,391,857310,2026-10-01,다나와
392,392,780000,2026-10-01,다나와
393,393,1150000,2026-10-01,다나와
394,394,281280,2026-10-01,다나와
395,395,397730,2026-10-01,다나와
396,396,761000,2026-10-01,다나와
397,397,978990,2026-10-01,다나와
398,398,501390,2026-10-01,다나와
399,399,342240,2026-10-01,다나와
400,400,923990,2026-10-01,다나와
401,401,283990,2026-10-01,다나와
402,402,477000,2026-10-01,다나와
403,403,508000,2026-10-01,다나와
404,404,320280,2026-10-01,다나와
405,405,214930,2026-10-01,다나와
406,406,328930,2026-10-01,다나와
407,407,904000,2026-10-01,다나와
408,408,289670,2026-10-01,다나와
409,409,411000,2026-10-01,다나와
410,410,552420,2026-10-01,다나와
411,411,534000,2026-10-01,다나와
412,412,368000,2026-10-01,다나와
413,413,1005860,2026-10-01,다나와
414,414,508990,2026-10-01,다나와
415,415,734990,2026-10-01,다나와
416,416,487310,2026-10-01,다나와
417,417,104710,2026-10-01,다나와
418,418,115380,2026-10-01,다나와
419,419,1500000,2026-10-01,다나와
420,420,87700,2026-10-01,다나와
421,421,270000,2026-10-01,다나와
422,422,109700,2026-10-01,다나와
423,423,405000,2026-10-01,다나와
424,424,560760,2026-10-01,다나와
425,425,442400,2026-10-01,다나와
426,426,74490,2026-10-01,다나와
427,427,98940,2026-10-01,다나와
428,428,500000,2026-10-01,다나와
429,429,166250,2026-10-01,다나와
430,430,113540,2026-10-01,다나와
431,431,106880,2026-10-01,다나와
432,432,8530,2026-10-01,다나와
433,433,81000,2026-10-01,다나와
434,434,220000,2026-10-01,다나와
435,435,103630,2026-10-01,다나와
436,436,273270,2026-10-01,다나와
437,437,104990,2026-10-01,다나와
438,438,194580,2026-10-01,다나와
439,439,160180,2026-10-01,다나와
440,440,298980,2026-10-01,다나와
441,441,581680,2026-10-01,다나와
442,442,224460,2026-10-01,다나와
443,443,92250,2026-10-01,다나와
444,444,219490,2026-10-01,다나와
445,445,565440,2026-10-01,다나와
446,446,322990,2026-10-01,다나와
447,447,699500,2026-10-01,다나와
448,448,600000,2026-10-01,다나와
449,449,159690,2026-10-01,다나와
450,450,365000,2026-10-01,다나와
451,451,759000,2026-10-01,다나와
452,452,735000,2026-10-01,다나와
453,453,168000,2026-10-01,다나와
454,454,398000,2026-10-01,다나와
455,455,700000,2026-10-01,다나와
456,456,230170,2026-10-01,다나와
457,457,334810,2026-10-01,다나와
458,458,178670,2026-10-01,다나와
459,459,441380,2026-10-01,다나와
460,460,174800,2026-10-01,다나와
461,461,324690,2026-10-01,다나와
462,462,433180,2026-10-01,다나와
463,463,221760,2026-10-01,다나와
464,464,415000,2026-10-01,다나와
465,465,345990,2026-10-01,다나와
466,466,484930,2026-10-01,다나와
467,467,689550,2026-10-01,다나와
468,468,363000,2026-10-01,다나와
469,469,169310,2026-10-01,다나와
470,470,1500000,2026-10-01,다나와
471,471,189230,2026-10-01,다나와
472,472,292390,2026-10-01,다나와
473,473,804590,2026-10-01,다나와
474,474,269380,2026-10-01,다나와
475,475,513620,2026-10-01,다나와
476,476,751890,2026-10-01,다나와
477,477,268480,2026-10-01,다나와
478,478,412900,2026-10-01,다나와
479,479,236760,2026-10-01,다나와
480,480,232990,2026-10-01,다나와
481,481,172340,2026-10-01,다나와
482,482,305750,2026-10-01,다나와
483,483,285890,2026-10-01,다나와
484,484,646720,2026-10-01,다나와
485,485,271660,2026-10-01,다나와
486,486,935720,2026-10-01,다나와
487,487,392950,2026-10-01,다나와
488,488,715980,2026-10-01,다나와
489,489,1419620,2026-10-01,다나와
490,490,235000,2026-10-01,다나와
491,491,827440,2026-10-01,다나와
492,492,620370,2026-10-01,다나와
493,493,262280,2026-10-01,다나와
494,494,809370,2026-10-01,다나와
495,495,153690,2026-10-01,다나와
496,496,60300,2026-10-01,다나와
497,497,108170,2026-10-01,다나와
498,498,123380,2026-10-01,다나와
499,499,64000,2026-10-01,다나와
500,500,66560,2026-10-01,다나와
501,501,62520,2026-10-01,다나와
502,502,62070,2026-10-01,다나와
503,503,116000,2026-10-01,다나와
504,504,750000,2026-10-01,다나와
505,505,113940,2026-10-01,다나와
506,506,171420,2026-10-01,다나와
507,507,268990,2026-10-01,다나와
508,508,183100,2026-10-01,다나와
509,509,265980,2026-10-01,다나와
510,510,376670,2026-10-01,다나와
511,511,135000,2026-10-01,다나와
512,512,309430,2026-10-01,다나와
513,513,744030,2026-10-01,다나와
514,514,368610,2026-10-01,다나와
515,515,833490,2026-10-01,다나와
516,516,189000,2026-10-01,다나와
517,517,317750,2026-10-01,다나와
518,518,1050180,2026-10-01,다나와
519,519,182430,2026-10-01,다나와
520,520,768000,2026-10-01,다나와
521,521,129810,2026-10-01,다나와
522,522,330850,2026-10-01,다나와
523,523,230240,2026-10-01,다나와
524,524,520000,2026-10-01,다나와
525,525,910980,2026-10-01,다나와
526,526,1473290,2026-10-01,다나와
527,527,180030,2026-10-01,다나와
528,528,652300,2026-10-01,다나와
529,529,230890,2026-10-01,다나와
530,530,418980,2026-10-01,다나와
531,531,250120,2026-10-01,다나와
532,532,557550,2026-10-01,다나와
533,533,528990,2026-10-01,다나와
534,534,368330,2026-10-01,다나와
535,535,265880,2026-10-01,다나와
536,536,338260,2026-10-01,다나와
537,537,1123980,2026-10-01,다나와
538,538,240370,2026-10-01,다나와
539,539,108450,2026-10-01,다나와
540,540,537990,2026-10-01,다나와
541,541,310070,2026-10-01,다나와
542,542,403150,2026-10-01,다나와
543,543,967670,2026-10-01,다나와
544,544,269950,2026-10-01,다나와
545,545,1017610,2026-10-01,다나와
546,546,1115700,2026-10-01,다나와
547,547,406500,2026-10-01,다나와
548,548,745990,2026-10-01,다나와
549,549,622480,2026-10-01,다나와
550,550,441430,2026-10-01,다나와
551,551,1449000,2026-10-01,다나와
552,552,181200,2026-10-01,다나와
553,553,1244960,2026-10-01,다나와
554,554,403210,2026-10-01,다나와
555,555,657290,2026-10-01,다나와
556,556,391710,2026-10-01,다나와
557,557,144250,2026-10-01,다나와
558,558,389000,2026-10-01,다나와
559,559,1189050,2026-10-01,다나와
560,560,238990,2026-10-01,다나와
561,561,425060,2026-10-01,다나와
562,562,270620,2026-10-01,다나와
563,563,516080,2026-10-01,다나와
564,564,408290,2026-10-01,다나와
565,565,260920,2026-10-01,다나와
566,566,401420,2026-10-01,다나와
567,567,476500,2026-10-01,다나와
568,568,270270,2026-10-01,다나와
569,569,390730,2026-10-01,다나와
570,570,418990,2026-10-01,다나와
571,571,1050000,2026-10-01,다나와
572,572,277280,2026-10-01,다나와
573,573,647460,2026-10-01,다나와
574,574,919190,2026-10-01,다나와
575,575,324940,2026-10-01,다나와
576,576,253000,2026-10-01,다나와
577,577,188000,2026-10-01,다나와
578,578,194060,2026-10-01,다나와
579,579,513520,2026-10-01,다나와
580,580,223110,2026-10-01,다나와
581,581,1357700,2026-10-01,다나와
582,582,338530,2026-10-01,다나와
583,583,425250,2026-10-01,다나와
584,584,742480,2026-10-01,다나와
585,585,117300,2026-10-01,다나와
586,586,346000,2026-10-01,다나와
587,587,346500,2026-10-01,다나와
588,588,236880,2026-10-01,다나와
589,589,593000,2026-10-01,다나와
590,590,460740,2026-10-01,다나와
591,591,330700,2026-10-01,다나와
592,592,670900,2026-10-01,다나와
593,593,219020,2026-10-01,다나와
594,594,144000,2026-10-01,다나와
595,595,109280,2026-10-01,다나와
596,596,302150,2026-10-01,다나와
597,597,191040,2026-10-01,다나와
598,598,251000,2026-10-01,다나와
599,599,147000,2026-10-01,다나와
600,600,154990,2026-10-01,다나와
601,601,234980,2026-10-01,다나와
602,602,392630,2026-10-01,다나와
603,603,254000,2026-10-01,다나와
604,604,835000,2026-10-01,다나와
605,605,124850,2026-10-01,다나와
606,606,319540,2026-10-01,다나와
607,607,376650,2026-10-01,다나와
608,608,668000,2026-10-01,다나와
609,609,394000,2026-10-01,다나와
610,610,749000,2026-10-01,다나와
611,611,267430,2026-10-01,다나와
612,612,267000,2026-10-01,다나와
613,613,395950,2026-10-01,다나와
614,614,193800,2026-10-01,다나와
615,615,539000,2026-10-01,다나와
616,616,381960,2026-10-01,다나와
617,617,282720,2026-10-01,다나와
618,618,377200,2026-10-01,다나와
619,619,421940,2026-10-01,다나와
620,620,626000,2026-10-01,다나와
621,621,559000,2026-10-01,다나와
622,622,142990,2026-10-01,다나와
623,623,339990,2026-10-01,다나와
624,624,278380,2026-10-01,다나와
625,625,205000,2026-10-01,다나와
626,626,328890,2026-10-01,다나와
627,627,199000,2026-10-01,다나와
628,628,422550,2026-10-01,다나와
629,629,408990,2026-10-01,다나와
630,630,227000,2026-10-01,다나와
631,631,364000,2026-10-01,다나와
632,632,250660,2026-10-01,다나와
633,633,186000,2026-10-01,다나와
634,634,280000,2026-10-01,다나와
635,635,411270,2026-10-01,다나와
636,636,181000,2026-10-01,다나와
637,637,1245390,2026-10-01,다나와
638,638,163880,2026-10-01,다나와
639,639,368110,2026-10-01,다나와
640,640,891130,2026-10-01,다나와
641,641,378280,2026-10-01,다나와
642,642,374980,2026-10-01,다나와
643,643,390370,2026-10-01,다나와
644,644,327990,2026-10-01,다나와
645,645,670660,2026-10-01,다나와
646,646,115390,2026-10-01,다나와
647,647,358980,2026-10-01,다나와
648,648,500000,2026-10-01,다나와
649,649,142100,2026-10-01,다나와
650,650,650000,2026-10-01,다나와
651,651,120000,2026-10-01,다나와
652,652,330000,2026-10-01,다나와
653,653,500000,2026-10-01,다나와
654,654,300000,2026-10-01,다나와
655,655,500000,2026-10-01,다나와
656,656,600000,2026-10-01,다나와
657,657,257800,2026-10-01,다나와
658,658,76600,2026-10-01,다나와
659,659,128990,2026-10-01,다나와
660,660,75080,2026-10-01,다나와
661,661,340180,2026-10-01,다나와
662,662,219750,2026-10-01,다나와
663,663,143800,2026-10-01,다나와
664,664,368500,2026-10-01,다나와
665,665,173990,2026-10-01,다나와
666,666,106490,2026-10-01,다나와
667,667,161960,2026-10-01,다나와
668,668,250250,2026-10-01,다나와
669,669,219230,2026-10-01,다나와
670,670,123740,2026-10-01,다나와
671,671,897990,2026-10-01,다나와
672,672,278090,2026-10-01,다나와
673,673,123490,2026-10-01,다나와
674,674,376970,2026-10-01,다나와
675,675,1038490,2026-10-01,다나와
676,676,729980,2026-10-01,다나와
677,677,226900,2026-10-01,다나와
678,678,108620,2026-10-01,다나와
679,679,190470,2026-10-01,다나와
680,680,121990,2026-10-01,다나와
681,681,130890,2026-10-01,다나와
682,682,348990,2026-10-01,다나와
683,683,141000,2026-10-01,다나와
684,684,156000,2026-10-01,다나와
685,685,690990,2026-10-01,다나와
686,686,190890,2026-10-01,다나와
687,687,103950,2026-10-01,다나와
688,688,158990,2026-10-01,다나와
689,689,112990,2026-10-01,다나와
690,690,807410,2026-10-01,다나와
691,691,743320,2026-10-01,다나와
692,692,2994000,2026-10-01,다나와
693,693,169000,2026-10-01,다나와
694,694,134710,2026-10-01,다나와
695,695,123350,2026-10-01,다나와
696,696,279000,2026-10-01,다나와
697,697,166170,2026-10-01,다나와
698,698,386980,2026-10-01,다나와
699,699,79900,2026-10-01,다나와
700,700,462000,2026-10-01,다나와
701,701,1444980,2026-10-01,다나와
702,702,224630,2026-10-01,다나와
703,703,127000,2026-10-01,다나와
704,704,288000,2026-10-01,다나와
705,705,200990,2026-10-01,다나와
706,706,132710,2026-10-01,다나와
707,707,148310,2026-10-01,다나와
708,708,3264000,2026-10-01,다나와
709,709,201590,2026-10-01,다나와
710,710,79530,2026-10-01,다나와
711,711,1541000,2026-10-01,다나와
712,712,859000,2026-10-01,다나와
713,713,157560,2026-10-01,다나와
714,714,280300,2026-10-01,다나와
715,715,178050,2026-10-01,다나와
716,716,274980,2026-10-01,다나와
717,717,118340,2026-10-01,다나와
718,718,174990,2026-10-01,다나와
719,719,397420,2026-10-01,다나와
720,720,87970,2026-10-01,다나와
721,721,518900,2026-10-01,다나와
722,722,328960,2026-10-01,다나와
723,723,240010,2026-10-01,다나와
724,724,853500,2026-10-01,다나와
725,725,837620,2026-10-01,다나와
726,726,122260,2026-10-01,다나와
727,727,934990,2026-10-01,다나와
728,728,120440,2026-10-01,다나와
729,729,429000,2026-10-01,다나와
730,730,270000,2026-10-01,다나와
731,731,417340,2026-10-01,다나와
732,732,841990,2026-10-01,다나와
733,733,911160,2026-10-01,다나와
734,734,292440,2026-10-01,다나와
735,735,113170,2026-10-01,다나와
736,736,738280,2026-10-01,다나와
737,737,392300,2026-10-01,다나와
738,738,330220,2026-10-01,다나와
739,739,297830,2026-10-01,다나와
740,740,375900,2026-10-01,다나와
741,741,407090,2026-10-01,다나와
742,742,784730,2026-10-01,다나와
743,743,428140,2026-10-01,다나와
744,744,391880,2026-10-01,다나와
745,745,378980,2026-10-01,다나와
746,746,365320,2026-10-01,다나와
747,747,189500,2026-10-01,다나와
748,748,158980,2026-10-01,다나와
749,749,186000,2026-10-01,다나와
750,750,153470,2026-10-01,다나와
751,751,409000,2026-10-01,다나와
752,752,810600,2026-10-01,다나와
753,753,178990,2026-10-01,다나와
754,754,207690,2026-10-01,다나와
755,755,1192320,2026-10-01,다나와
756,756,125390,2026-10-01,다나와
757,757,140180,2026-10-01,다나와
758,758,207670,2026-10-01,다나와
759,759,214000,2026-10-01,다나와
760,760,161000,2026-10-01,다나와
761,761,154980,2026-10-01,다나와
762,762,278310,2026-10-01,다나와
763,763,398880,2026-10-01,다나와
764,764,119490,2026-10-01,다나와
765,765,336330,2026-10-01,다나와
766,766,722240,2026-10-01,다나와
767,767,154720,2026-10-01,다나와
768,768,758950,2026-10-01,다나와
769,769,399000,2026-10-01,다나와
770,770,431940,2026-10-01,다나와
771,771,784730,2026-10-01,다나와
772,772,398590,2026-10-01,다나와
773,773,839000,2026-10-01,다나와
774,774,716830,2026-10-01,다나와
775,775,205960,2026-10-01,다나와
776,776,424710,2026-10-01,다나와
777,777,289710,2026-10-01,다나와
778,778,275000,2026-10-01,다나와
779,779,137990,2026-10-01,다나와
780,780,209240,2026-10-01,다나와
781,781,369000,2026-10-01,다나와
782,782,502850,2026-10-01,다나와
783,783,240900,2026-10-01,다나와
784,784,117680,2026-10-01,다나와
785,785,55990,2026-10-01,다나와
786,786,116960,2026-10-01,다나와
787,787,60210,2026-10-01,다나와
788,788,110000,2026-10-01,다나와
789,789,110000,2026-10-01,다나와
790,790,480000,2026-10-01,다나와
791,791,188070,2026-10-01,다나와
792,792,220740,2026-10-01,다나와
793,793,112210,2026-10-01,다나와
794,794,319710,2026-10-01,다나와
795,795,416910,2026-10-01,다나와
796,796,218180,2026-10-01,다나와
797,797,319020,2026-10-01,다나와
798,798,194990,2026-10-01,다나와
799,799,115170,2026-10-01,다나와
800,800,222440,2026-10-01,다나와
801,801,420070,2026-10-01,다나와
802,802,217840,2026-10-01,다나와
803,803,255010,2026-10-01,다나와
804,804,280370,2026-10-01,다나와
805,805,342910,2026-10-01,다나와
806,806,160160,2026-10-01,다나와
807,807,428000,2026-10-01,다나와
808,808,562040,2026-10-01,다나와
809,809,839000,2026-10-01,다나와
810,810,281020,2026-10-01,다나와
811,811,161400,2026-10-01,다나와
812,812,317980,2026-10-01,다나와
813,813,378210,2026-10-01,다나와
814,814,342900,2026-10-01,다나와
815,815,421590,2026-10-01,다나와
816,816,147760,2026-10-01,다나와
817,817,220230,2026-10-01,다나와
818,818,337000,2026-10-01,다나와
819,819,820850,2026-10-01,다나와
820,820,312960,2026-10-01,다나와
821,821,324990,2026-10-01,다나와
822,822,416370,2026-10-01,다나와
823,823,174490,2026-10-01,다나와
824,824,288000,2026-10-01,다나와
825,825,553950,2026-10-01,다나와
826,826,165250,2026-10-01,다나와
827,827,593080,2026-10-01,다나와
828,828,446880,2026-10-01,다나와
829,829,295200,2026-10-01,다나와
830,830,283460,2026-10-01,다나와
831,831,560440,2026-10-01,다나와
832,832,258990,2026-10-01,다나와
833,833,939000,2026-10-01,다나와
834,834,1022690,2026-10-01,다나와
835,835,165700,2026-10-01,다나와
836,836,279310,2026-10-01,다나와
837,837,447180,2026-10-01,다나와
838,838,1064520,2026-10-01,다나와
839,839,250870,2026-10-01,다나와
840,840,280370,2026-10-01,다나와
841,841,94540,2026-10-01,다나와
842,842,463190,2026-10-01,다나와
843,843,152406,2026-10-01,다나와
844,844,166190,2026-10-01,다나와
845,845,209000,2026-10-01,다나와
846,846,296900,2026-10-01,다나와
847,847,375900,2026-10-01,다나와
848,848,224890,2026-10-01,다나와
849,849,603320,2026-10-01,다나와
850,850,295110,2026-10-01,다나와
851,851,444570,2026-10-01,다나와
852,852,164230,2026-10-01,다나와
853,853,262000,2026-10-01,다나와
854,854,291400,2026-10-01,다나와
855,855,289040,2026-10-01,다나와
856,856,379000,2026-10-01,다나와
857,857,444790,2026-10-01,다나와
858,858,334510,2026-10-01,다나와
859,859,295000,2026-10-01,다나와
860,860,621550,2026-10-01,다나와
861,861,477000,2026-10-01,다나와
862,862,251690,2026-10-01,다나와
863,863,308990,2026-10-01,다나와
864,864,425120,2026-10-01,다나와
865,865,216140,2026-10-01,다나와
866,866,166350,2026-10-01,다나와
867,867,648080,2026-10-01,다나와
868,868,212500,2026-10-01,다나와
869,869,279000,2026-10-01,다나와
870,870,174720,2026-10-01,다나와
871,871,198990,2026-10-01,다나와
872,872,151520,2026-10-01,다나와
873,873,297000,2026-10-01,다나와
874,874,199000,2026-10-01,다나와
875,875,115900,2026-10-01,다나와
876,876,422080,2026-10-01,다나와
877,877,418970,2026-10-01,다나와
878,878,960000,2026-10-01,다나와
879,879,550000,2026-10-01,다나와
880,880,550000,2026-10-01,다나와
881,881,278200,2026-10-01,다나와
882,882,126880,2026-10-01,다나와
883,883,173400,2026-10-01,다나와
884,884,71310,2026-10-01,다나와
885,885,150820,2026-10-01,다나와
886,886,129750,2026-10-01,다나와
887,887,82800,2026-10-01,다나와
888,888,155000,2026-10-01,다나와
889,889,178970,2026-10-01,다나와
890,890,177480,2026-10-01,다나와
891,891,134340,2026-10-01,다나와
892,892,161970,2026-10-01,다나와
893,893,71310,2026-10-01,다나와
894,894,301950,2026-10-01,다나와
895,895,126880,2026-10-01,다나와
896,896,176390,2026-10-01,다나와
897,897,99060,2026-10-01,다나와
898,898,133050,2026-10-01,다나와
899,899,72990,2026-10-01,다나와
900,900,234380,2026-10-01,다나와
901,901,132990,2026-10-01,다나와
902,902,197330,2026-10-01,다나와
903,903,104990,2026-10-01,다나와
904,904,216690,2026-10-01,다나와
905,905,3115260,2026-10-01,다나와
906,906,74500,2026-10-01,다나와
907,907,450000,2026-10-01,다나와
908,908,112500,2026-10-01,다나와
909,909,98540,2026-10-01,다나와
910,910,99500,2026-10-01,다나와
911,911,107990,2026-10-01,다나와
912,912,1550000,2026-10-01,다나와
913,913,129000,2026-10-01,다나와
914,914,190000,2026-10-01,다나와
915,915,1080000,2026-10-01,다나와
916,916,114000,2026-10-01,다나와
917,917,450000,2026-10-01,다나와
918,918,108000,2026-10-01,다나와
919,919,151720,2026-10-01,다나와
920,920,450000,2026-10-01,다나와
921,921,139000,2026-10-01,다나와
922,922,189990,2026-10-01,다나와
923,923,82990,2026-10-01,다나와
924,924,369000,2026-10-01,다나와
925,925,92120,2026-10-01,다나와
926,926,81000,2026-10-01,다나와
927,927,121000,2026-10-01,다나와
928,928,135000,2026-10-01,다나와
929,929,102000,2026-10-01,다나와
930,930,514500,2026-10-01,다나와
931,931,70380,2026-10-01,다나와
932,932,71500,2026-10-01,다나와
933,933,95450,2026-10-01,다나와
934,934,73000,2026-10-01,다나와
935,935,86380,2026-10-01,다나와
936,936,99000,2026-10-01,다나와
937,937,556570,2026-10-01,다나와
938,938,167460,2026-10-01,다나와
939,939,180740,2026-10-01,다나와
940,940,245500,2026-10-01,다나와
941,941,347190,2026-10-01,다나와
942,942,1650240,2026-10-01,다나와
943,943,115260,2026-10-01,다나와
944,944,100320,2026-10-01,다나와
945,945,319680,2026-10-01,다나와
946,946,331770,2026-10-01,다나와
947,947,283790,2026-10-01,다나와
948,948,212990,2026-10-01,다나와
949,949,248100,2026-10-01,다나와
950,950,469620,2026-10-01,다나와
951,951,216980,2026-10-01,다나와
952,952,414890,2026-10-01,다나와
953,953,348500,2026-10-01,다나와
954,954,409000,2026-10-01,다나와
955,955,638520,2026-10-01,다나와
956,956,295490,2026-10-01,다나와
957,957,418910,2026-10-01,다나와
958,958,181590,2026-10-01,다나와
959,959,289040,2026-10-01,다나와
960,960,341720,2026-10-01,다나와
961,961,350510,2026-10-01,다나와
962,962,285690,2026-10-01,다나와
963,963,167750,2026-10-01,다나와
964,964,437000,2026-10-01,다나와
965,965,281320,2026-10-01,다나와
966,966,257980,2026-10-01,다나와
967,967,115340,2026-10-01,다나와
968,968,100990,2026-10-01,다나와
969,969,261090,2026-10-01,다나와
970,970,104990,2026-10-01,다나와
971,971,101030,2026-10-01,다나와
972,972,353000,2026-10-01,다나와
973,973,111070,2026-10-01,다나와
974,974,111980,2026-10-01,다나와
975,975,669000,2026-10-01,다나와
976,976,487990,2026-10-01,다나와
977,977,115970,2026-10-01,다나와
978,978,109800,2026-10-01,다나와
979,979,113450,2026-10-01,다나와
980,980,101230,2026-10-01,다나와
981,981,112750,2026-10-01,다나와
982,982,114870,2026-10-01,다나와
983,983,55270,2026-10-01,다나와
984,984,107900,2026-10-01,다나와
985,985,116990,2026-10-01,다나와
986,986,143320,2026-10-01,다나와
987,987,172430,2026-10-01,다나와
988,988,109710,2026-10-01,다나와
989,989,110830,2026-10-01,다나와
990,990,159600,2026-10-01,다나와
991,991,121180,2026-10-01,다나와
992,992,68390,2026-10-01,다나와
993,993,123000,2026-10-01,다나와
994,994,174930,2026-10-01,다나와
995,995,116650,2026-10-01,다나와
996,996,65840,2026-10-01,다나와
997,997,166000,2026-10-01,다나와
998,998,136590,2026-10-01,다나와
999,999,157000,2026-10-01,다나와
1000,1000,111690,2026-10-01,다나와
1001,1001,980000,2026-10-01,다나와
1002,1002,65120,2026-10-01,다나와
1003,1003,166000,2026-10-01,다나와
1004,1004,69890,2026-10-01,다나와
1005,1005,150000,2026-10-01,다나와
1006,1006,153470,2026-10-01,다나와
1007,1007,66650,2026-10-01,다나와
1008,1008,122810,2026-10-01,다나와
1009,1009,181000,2026-10-01,다나와
1010,1010,128510,2026-10-01,다나와
1011,1011,221280,2026-10-01,다나와
1012,1012,132990,2026-10-01,다나와
1013,1013,287980,2026-10-01,다나와
1014,1014,800010,2026-10-01,다나와
1015,1015,113880,2026-10-01,다나와
1016,1016,338590,2026-10-01,다나와
1017,1017,226610,2026-10-01,다나와
1018,1018,335210,2026-10-01,다나와
1019,1019,178230,2026-10-01,다나와
1020,1020,90750,2026-10-01,다나와
1021,1021,278920,2026-10-01,다나와
1022,1022,472400,2026-10-01,다나와
1023,1023,91680,2026-10-01,다나와
1024,1024,187060,2026-10-01,다나와
1025,1025,226570,2026-10-01,다나와
1026,1026,177600,2026-10-01,다나와
1027,1027,338990,2026-10-01,다나와
1028,1028,218320,2026-10-01,다나와
1029,1029,132040,2026-10-01,다나와
1030,1030,241530,2026-10-01,다나와
1031,1031,218430,2026-10-01,다나와
1032,1032,189680,2026-10-01,다나와
1033,1033,173500,2026-10-01,다나와
1034,1034,455000,2026-10-01,다나와
1035,1035,161210,2026-10-01,다나와
1036,1036,197860,2026-10-01,다나와
1037,1037,198030,2026-10-01,다나와
1038,1038,216220,2026-10-01,다나와
1039,1039,165000,2026-10-01,다나와
1040,1040,634380,2026-10-01,다나와
1041,1041,241440,2026-10-01,다나와
1042,1042,166270,2026-10-01,다나와
1043,1043,185330,2026-10-01,다나와
1044,1044,220500,2026-10-01,다나와
1045,1045,198460,2026-10-01,다나와
1046,1046,129000,2026-10-01,다나와
1047,1047,768000,2026-10-01,다나와
1048,1048,159790,2026-10-01,다나와
1049,1049,753000,2026-10-01,다나와
1050,1050,147390,2026-10-01,다나와
1051,1051,180190,2026-10-01,다나와
1052,1052,247590,2026-10-01,다나와
1053,1053,207410,2026-10-01,다나와
1054,1054,149630,2026-10-01,다나와
1055,1055,252000,2026-10-01,다나와
1056,1056,227510,2026-10-01,다나와
1057,1057,254350,2026-10-01,다나와
1058,1058,247020,2026-10-01,다나와
1059,1059,190000,2026-10-01,다나와
1060,1060,209330,2026-10-01,다나와
1061,1061,476680,2026-10-01,다나와
1062,1062,229000,2026-10-01,다나와
1063,1063,155190,2026-10-01,다나와
1064,1064,809000,2026-10-01,다나와
1065,1065,228950,2026-10-01,다나와
1066,1066,220010,2026-10-01,다나와
1067,1067,363200,2026-10-01,다나와
1068,1068,230390,2026-10-01,다나와
1069,1069,228500,2026-10-01,다나와
1070,1070,228750,2026-10-01,다나와
1071,1071,286470,2026-10-01,다나와
1072,1072,240400,2026-10-01,다나와
1073,1073,93500,2026-10-01,다나와
1074,1074,200490,2026-10-01,다나와
1075,1075,322850,2026-10-01,다나와
1076,1076,197980,2026-10-01,다나와
1077,1077,207990,2026-10-01,다나와
1078,1078,196990,2026-10-01,다나와
1079,1079,182000,2026-10-01,다나와
1080,1080,237800,2026-10-01,다나와
1081,1081,283330,2026-10-01,다나와
1082,1082,114000,2026-10-01,다나와
1083,1083,158540,2026-10-01,다나와
1084,1084,650320,2026-10-01,다나와
1085,1085,266650,2026-10-01,다나와
1086,1086,259000,2026-10-01,다나와
1087,1087,238460,2026-10-01,다나와
1088,1088,185000,2026-10-01,다나와
1089,1089,239500,2026-10-01,다나와
1090,1090,232810,2026-10-01,다나와
1091,1091,287770,2026-10-01,다나와
1092,1092,295200,2026-10-01,다나와
1093,1093,237900,2026-10-01,다나와
1094,1094,229000,2026-10-01,다나와
1095,1095,184710,2026-10-01,다나와
1096,1096,329000,2026-10-01,다나와
1097,1097,278000,2026-10-01,다나와
1098,1098,171590,2026-10-01,다나와
1099,1099,315590,2026-10-01,다나와
1100,1100,354790,2026-10-01,다나와
1101,1101,323750,2026-10-01,다나와
1102,1102,178990,2026-10-01,다나와
1103,1103,282970,2026-10-01,다나와
1104,1104,314000,2026-10-01,다나와
1105,1105,379000,2026-10-01,다나와
1106,1106,299000,2026-10-01,다나와
1107,1107,324000,2026-10-01,다나와
1108,1108,197910,2026-10-01,다나와
1109,1109,355100,2026-10-01,다나와
1110,1110,170000,2026-10-01,다나와
1111,1111,379320,2026-10-01,다나와
1112,1112,438970,2026-10-01,다나와
1113,1113,160630,2026-10-01,다나와
1114,1114,128130,2026-10-01,다나와
1115,1115,123000,2026-10-01,다나와
1116,1116,226000,2026-10-01,다나와
1117,1117,156000,2026-10-01,다나와
1118,1118,246000,2026-10-01,다나와
1119,1119,103360,2026-10-01,다나와
1120,1120,129200,2026-10-01,다나와
1121,1121,73250,2026-10-01,다나와
1122,1122,120320,2026-10-01,다나와
1123,1123,76300,2026-10-01,다나와
1124,1124,89570,2026-10-01,다나와
1125,1125,76000,2026-10-01,다나와
1126,1126,129000,2026-10-01,다나와
1127,1127,142980,2026-10-01,다나와
1128,1128,167700,2026-10-01,다나와
1129,1129,68470,2026-10-01,다나와
1130,1130,124500,2026-10-01,다나와
1131,1131,80850,2026-10-01,다나와
1132,1132,196000,2026-10-01,다나와
1133,1133,112190,2026-10-01,다나와
1134,1134,84240,2026-10-01,다나와
1135,1135,76930,2026-10-01,다나와
1136,1136,152100,2026-10-01,다나와
1137,1137,102190,2026-10-01,다나와
1138,1138,70030,2026-10-01,다나와
1139,1139,87900,2026-10-01,다나와
1140,1140,95460,2026-10-01,다나와
1141,1141,89790,2026-10-01,다나와
1142,1142,98740,2026-10-01,다나와
1143,1143,123900,2026-10-01,다나와
1144,1144,89820,2026-10-01,다나와
1145,1145,203030,2026-10-01,다나와
1146,1146,102380,2026-10-01,다나와
1147,1147,94120,2026-10-01,다나와
1148,1148,83690,2026-10-01,다나와
1149,1149,361250,2026-10-01,다나와
1150,1150,108660,2026-10-01,다나와
1151,1151,90940,2026-10-01,다나와
1152,1152,134500,2026-10-01,다나와
1153,1153,112260,2026-10-01,다나와
1154,1154,113800,2026-10-01,다나와
1155,1155,156000,2026-10-01,다나와
1156,1156,146530,2026-10-01,다나와
1157,1157,89820,2026-10-01,다나와
1158,1158,77390,2026-10-01,다나와
1159,1159,180000,2026-10-01,다나와
1160,1160,184200,2026-10-01,다나와
1161,1161,84000,2026-10-01,다나와
1162,1162,405000,2026-10-01,다나와
1163,1163,386000,2026-10-01,다나와
1164,1164,87900,2026-10-01,다나와
1165,1165,354000,2026-10-01,다나와
1166,1166,351000,2026-10-01,다나와
1167,1167,171500,2026-10-01,다나와
1168,1168,95000,2026-10-01,다나와
1169,1169,225000,2026-10-01,다나와
1170,1170,389000,2026-10-01,다나와
1171,1171,97200,2026-10-01,다나와
1172,1172,73190,2026-10-01,다나와
1173,1173,187570,2026-10-01,다나와
1174,1174,165440,2026-10-01,다나와
1175,1175,74820,2026-10-01,다나와
1176,1176,94490,2026-10-01,다나와
1177,1177,69000,2026-10-01,다나와
1178,1178,208990,2026-10-01,다나와
1179,1179,208800,2026-10-01,다나와
1180,1180,200660,2026-10-01,다나와
1181,1181,344590,2026-10-01,다나와
1182,1182,529000,2026-10-01,다나와
1183,1183,343370,2026-10-01,다나와
1184,1184,490500,2026-10-01,다나와
1185,1185,318500,2026-10-01,다나와
1186,1186,221520,2026-10-01,다나와
1187,1187,178630,2026-10-01,다나와
1188,1188,282140,2026-10-01,다나와
1189,1189,161340,2026-10-01,다나와
1190,1190,146680,2026-10-01,다나와
1191,1191,171560,2026-10-01,다나와
1192,1192,310870,2026-10-01,다나와
1193,1193,271490,2026-10-01,다나와
1194,1194,403210,2026-10-01,다나와
1195,1195,310870,2026-10-01,다나와
1196,1196,165050,2026-10-01,다나와
1197,1197,171560,2026-10-01,다나와
1198,1198,189560,2026-10-01,다나와
1199,1199,144280,2026-10-01,다나와
1200,1200,682830,2026-10-01,다나와
1201,1201,98990,2026-10-01,다나와
1202,1202,252910,2026-10-01,다나와
1203,1203,211670,2026-10-01,다나와
1204,1204,320740,2026-10-01,다나와
1205,1205,645000,2026-10-01,다나와
1206,1206,310490,2026-10-01,다나와
1207,1207,180310,2026-10-01,다나와
1208,1208,267000,2026-10-01,다나와
1209,1209,223270,2026-10-01,다나와
1210,1210,115900,2026-10-01,다나와
1211,1211,93060,2026-10-01,다나와
1212,1212,265160,2026-10-01,다나와
1213,1213,249890,2026-10-01,다나와
1214,1214,369000,2026-10-01,다나와
1215,1215,259690,2026-10-01,다나와
1216,1216,201700,2026-10-01,다나와
1217,1217,665500,2026-10-01,다나와
1218,1218,239000,2026-10-01,다나와
1219,1219,219000,2026-10-01,다나와
1220,1220,316220,2026-10-01,다나와
1221,1221,99000,2026-10-01,다나와
1222,1222,213390,2026-10-01,다나와
1223,1223,227480,2026-10-01,다나와
1224,1224,298800,2026-10-01,다나와
1225,1225,124170,2026-10-01,다나와
1226,1226,223550,2026-10-01,다나와
1227,1227,130010,2026-10-01,다나와
1228,1228,331380,2026-10-01,다나와
1229,1229,129700,2026-10-01,다나와
1230,1230,127580,2026-10-01,다나와
1231,1231,129350,2026-10-01,다나와
1232,1232,191480,2026-10-01,다나와
1233,1233,134970,2026-10-01,다나와
1234,1234,160960,2026-10-01,다나와
1235,1235,99360,2026-10-01,다나와
1236,1236,683300,2026-10-01,다나와
1237,1237,131020,2026-10-01,다나와
1238,1238,150010,2026-10-01,다나와
1239,1239,130660,2026-10-01,다나와
1240,1240,177500,2026-10-01,다나와
1241,1241,156700,2026-10-01,다나와
1242,1242,130660,2026-10-01,다나와
1243,1243,938990,2026-10-01,다나와
1244,1244,131750,2026-10-01,다나와
1245,1245,166110,2026-10-01,다나와
1246,1246,128670,2026-10-01,다나와
1247,1247,174000,2026-10-01,다나와
1248,1248,1514290,2026-10-01,다나와
1249,1249,212180,2026-10-01,다나와
1250,1250,339000,2026-10-01,다나와
1251,1251,168000,2026-10-01,다나와
1252,1252,179000,2026-10-01,다나와
1253,1253,155000,2026-10-01,다나와
1254,1254,263520,2026-10-01,다나와
1255,1255,119000,2026-10-01,다나와
1256,1256,134000,2026-10-01,다나와
1257,1257,399000,2026-10-01,다나와
1258,1258,66640,2026-10-01,다나와
1259,1259,186990,2026-10-01,다나와
1260,1260,600000,2026-10-01,다나와
1261,1261,115000,2026-10-01,다나와
1262,1262,97400,2026-10-01,다나와
1263,1263,302980,2026-10-01,다나와
1264,1264,170240,2026-10-01,다나와
1265,1265,66640,2026-10-01,다나와
1266,1266,295590,2026-10-01,다나와
1267,1267,443860,2026-10-01,다나와
1268,1268,323880,2026-10-01,다나와
1269,1269,163980,2026-10-01,다나와
1270,1270,390300,2026-10-01,다나와
1271,1271,205040,2026-10-01,다나와
1272,1272,479200,2026-10-01,다나와
1273,1273,526490,2026-10-01,다나와
1274,1274,252490,2026-10-01,다나와
1275,1275,98990,2026-10-01,다나와
1276,1276,242580,2026-10-01,다나와
1277,1277,473000,2026-10-01,다나와
1278,1278,203290,2026-10-01,다나와
1279,1279,183050,2026-10-01,다나와
1280,1280,378990,2026-10-01,다나와
1281,1281,118900,2026-10-01,다나와
1282,1282,145130,2026-10-01,다나와
1283,1283,368990,2026-10-01,다나와
1284,1284,220900,2026-10-01,다나와
1285,1285,109970,2026-10-01,다나와
1286,1286,178990,2026-10-01,다나와
1287,1287,118990,2026-10-01,다나와
1288,1288,418160,2026-10-01,다나와
1289,1289,401490,2026-10-01,다나와
1290,1290,109000,2026-10-01,다나와
1291,1291,915000,2026-10-01,다나와
1292,1292,644620,2026-10-01,다나와
1293,1293,442710,2026-10-01,다나와
1294,1294,243300,2026-10-01,다나와
1295,1295,585200,2026-10-01,다나와
1296,1296,310800,2026-10-01,다나와
1297,1297,150000,2026-10-01,다나와
1298,1298,339000,2026-10-01,다나와
1299,1299,209700,2026-10-01,다나와
1300,1300,301190,2026-10-01,다나와
1301,1301,550000,2026-10-01,다나와
1302,1302,142370,2026-10-01,다나와
1303,1303,175700,2026-10-01,다나와
1304,1304,85430,2026-10-01,다나와
1305,1305,227820,2026-10-01,다나와
1306,1306,196000,2026-10-01,다나와
1307,1307,125130,2026-10-01,다나와
1308,1308,117500,2026-10-01,다나와
1309,1309,110000,2026-10-01,다나와
1310,1310,134980,2026-10-01,다나와
1311,1311,283180,2026-10-01,다나와
1312,1312,236200,2026-10-01,다나와
1313,1313,90000,2026-10-01,다나와
1314,1314,122000,2026-10-01,다나와
1315,1315,432580,2026-10-01,다나와
1316,1316,118800,2026-10-01,다나와
1317,1317,351520,2026-10-01,다나와
1318,1318,458900,2026-10-01,다나와
1319,1319,266990,2026-10-01,다나와
1320,1320,458990,2026-10-01,다나와
1321,1321,242620,2026-10-01,다나와
1322,1322,288890,2026-10-01,다나와
1323,1323,594420,2026-10-01,다나와
1324,1324,204810,2026-10-01,다나와
1325,1325,694470,2026-10-01,다나와
1326,1326,373900,2026-10-01,다나와
1327,1327,473000,2026-10-01,다나와
1328,1328,948530,2026-10-01,다나와
1329,1329,548990,2026-10-01,다나와
1330,1330,120990,2026-10-01,다나와
1331,1331,208990,2026-10-01,다나와
1332,1332,117500,2026-10-01,다나와
1333,1333,135000,2026-10-01,다나와
1334,1334,348990,2026-10-01,다나와
1335,1335,945690,2026-10-01,다나와
1336,1336,517000,2026-10-01,다나와
1337,1337,276290,2026-10-01,다나와
1338,1338,169980,2026-10-01,다나와
1339,1339,1442890,2026-10-01,다나와
1340,1340,639000,2026-10-01,다나와
1341,1341,397040,2026-10-01,다나와
1342,1342,230480,2026-10-01,다나와
1343,1343,127510,2026-10-01,다나와
1344,1344,88990,2026-10-01,다나와
1345,1345,499000,2026-10-01,다나와
1346,1346,285000,2026-10-01,다나와
1347,1347,178940,2026-10-01,다나와
1348,1348,447700,2026-10-01,다나와
1349,1349,348400,2026-10-01,다나와
1350,1350,1000000,2026-10-01,다나와
1351,1351,582000,2026-10-01,다나와
1352,1352,377990,2026-10-01,다나와
1353,1353,1047420,2026-10-01,다나와
1354,1354,508980,2026-10-01,다나와
1355,1355,328800,2026-10-01,다나와
1356,1356,669990,2026-10-01,다나와
1357,1357,427800,2026-10-01,다나와
1358,1358,344980,2026-10-01,다나와
1359,1359,618000,2026-10-01,다나와
1360,1360,331900,2026-10-01,다나와
1361,1361,220000,2026-10-01,다나와
1362,1362,93790,2026-10-01,다나와
1363,1363,1933460,2026-10-01,다나와
1364,1364,1048800,2026-10-01,다나와
1365,1365,424990,2026-10-01,다나와
1366,1366,286380,2026-10-01,다나와
1367,1367,1640990,2026-10-01,다나와
1368,1368,933780,2026-10-01,다나와
1369,1369,441010,2026-10-01,다나와
1370,1370,475000,2026-10-01,다나와
1371,1371,269000,2026-10-01,다나와
1372,1372,737000,2026-10-01,다나와
1373,1373,435000,2026-10-01,다나와
1374,1374,382000,2026-10-01,다나와
1375,1375,313990,2026-10-01,다나와
1376,1376,183150,2026-10-01,다나와
1377,1377,74610,2026-10-01,다나와
1378,1378,1006730,2026-10-01,다나와
1379,1379,820340,2026-10-01,다나와
1380,1380,300000,2026-10-01,다나와
1381,1381,169000,2026-10-01,다나와
1382,1382,165000,2026-10-01,다나와
1383,1383,1713590,2026-10-01,다나와
1384,1384,919570,2026-10-01,다나와
1385,1385,499650,2026-10-01,다나와
1386,1386,859290,2026-10-01,다나와
1387,1387,510000,2026-10-01,다나와
1388,1388,289530,2026-10-01,다나와
1389,1389,223460,2026-10-01,다나와
1390,1390,366830,2026-10-01,다나와
1391,1391,295000,2026-10-01,다나와
1392,1392,999000,2026-10-01,다나와
1393,1393,538790,2026-10-01,다나와
1394,1394,299000,2026-10-01,다나와
1395,1395,1086090,2026-10-01,다나와
1396,1396,626180,2026-10-01,다나와
1397,1397,334950,2026-10-01,다나와
1398,1398,173680,2026-10-01,다나와
1399,1399,61070,2026-10-01,다나와
1400,1400,101880,2026-10-01,다나와
1401,1401,272270,2026-10-01,다나와
1402,1402,153710,2026-10-01,다나와
1403,1403,104070,2026-10-01,다나와
1404,1404,1474990,2026-10-01,다나와
1405,1405,592000,2026-10-01,다나와
1406,1406,393980,2026-10-01,다나와
1407,1407,121190,2026-10-01,다나와
1408,1408,90020,2026-10-01,다나와
1409,1409,279000,2026-10-01,다나와
1410,1410,158300,2026-10-01,다나와
1411,1411,62000,2026-10-01,다나와
1412,1412,345000,2026-10-01,다나와
1413,1413,226000,2026-10-01,다나와
1414,1414,88160,2026-10-01,다나와
1415,1415,285660,2026-10-01,다나와
1416,1416,501550,2026-10-01,다나와
1417,1417,1820890,2026-10-01,다나와
1418,1418,777340,2026-10-01,다나와
1419,1419,398780,2026-10-01,다나와
1420,1420,449090,2026-10-01,다나와
1421,1421,289850,2026-10-01,다나와
1422,1422,255000,2026-10-01,다나와
1423,1423,504000,2026-10-01,다나와
1424,1424,284480,2026-10-01,다나와
1425,1425,133400,2026-10-01,다나와
1426,1426,86160,2026-10-01,다나와
1427,1427,238410,2026-10-01,다나와
1428,1428,228800,2026-10-01,다나와
1429,1429,124780,2026-10-01,다나와
1430,1430,78400,2026-10-01,다나와
1431,1431,1815000,2026-10-01,다나와
1432,1432,701000,2026-10-01,다나와
1433,1433,425830,2026-10-01,다나와
1434,1434,785590,2026-10-01,다나와
1435,1435,316000,2026-10-01,다나와
1436,1436,1199000,2026-10-01,다나와
1437,1437,592800,2026-10-01,다나와
1438,1438,619900,2026-10-01,다나와
1439,1439,309900,2026-10-01,다나와
1440,1440,1122400,2026-10-01,다나와
1441,1441,565580,2026-10-01,다나와
1442,1442,381330,2026-10-01,다나와
1443,1443,240900,2026-10-01,다나와
1444,1444,146640,2026-10-01,다나와
1445,1445,1994980,2026-10-01,다나와
1446,1446,910740,2026-10-01,다나와
1447,1447,461990,2026-10-01,다나와
1448,1448,599000,2026-10-01,다나와
1449,1449,395260,2026-10-01,다나와
1450,1450,981990,2026-10-01,다나와
1451,1451,506800,2026-10-01,다나와
1452,1452,328990,2026-10-01,다나와
1453,1453,276000,2026-10-01,다나와
1454,1454,1142100,2026-10-01,다나와
1455,1455,615000,2026-10-01,다나와
1456,1456,359000,2026-10-01,다나와
1457,1457,973770,2026-10-01,다나와
1458,1458,493000,2026-10-01,다나와
1459,1459,266500,2026-10-01,다나와
1460,1460,216790,2026-10-01,다나와
1461,1461,114400,2026-10-01,다나와
1462,1462,68990,2026-10-01,다나와
1463,1463,234990,2026-10-01,다나와
1464,1464,154000,2026-10-01,다나와
1465,1465,159000,2026-10-01,다나와
1466,1466,76960,2026-10-01,다나와
1467,1467,930000,2026-10-01,다나와
1468,1468,547480,2026-10-01,다나와
1469,1469,400000,2026-10-01,다나와
1470,1470,184120,2026-10-01,다나와
1471,1471,122200,2026-10-01,다나와
1472,1472,839990,2026-10-01,다나와
1473,1473,443650,2026-10-01,다나와
1474,1474,297920,2026-10-01,다나와
1475,1475,212500,2026-10-01,다나와
1476,1476,987990,2026-10-01,다나와
1477,1477,680990,2026-10-01,다나와
1478,1478,297830,2026-10-01,다나와
1479,1479,194550,2026-10-01,다나와
1480,1480,129000,2026-10-01,다나와
1481,1481,79000,2026-10-01,다나와
1482,1482,190000,2026-10-01,다나와
1483,1483,100000,2026-10-01,다나와
1484,1484,63000,2026-10-01,다나와
1485,1485,61000,2026-10-01,다나와
1486,1486,1889990,2026-10-01,다나와
1487,1487,978810,2026-10-01,다나와
1488,1488,414990,2026-10-01,다나와
1489,1489,293610,2026-10-01,다나와
1490,1490,220000,2026-10-01,다나와
1491,1491,79000,2026-10-01,다나와
1492,1492,349370,2026-10-01,다나와
1493,1493,87070,2026-10-01,다나와
1494,1494,269000,2026-10-01,다나와
1495,1495,171570,2026-10-01,다나와
1496,1496,76120,2026-10-01,다나와
1497,1497,1148160,2026-10-01,다나와
1498,1498,646400,2026-10-01,다나와
1499,1499,330770,2026-10-01,다나와
1500,1500,254000,2026-10-01,다나와
1501,1501,173500,2026-10-01,다나와
1502,1502,1038310,2026-10-01,다나와
1503,1503,357000,2026-10-01,다나와
1504,1504,618150,2026-10-01,다나와
1505,1505,430300,2026-10-01,다나와
1506,1506,211680,2026-10-01,다나와
1507,1507,469900,2026-10-01,다나와
1508,1508,299000,2026-10-01,다나와
1509,1509,1754520,2026-10-01,다나와
1510,1510,969470,2026-10-01,다나와
1511,1511,538480,2026-10-01,다나와
1512,1512,236500,2026-10-01,다나와
1513,1513,149000,2026-10-01,다나와
1514,1514,83990,2026-10-01,다나와
1515,1515,279000,2026-10-01,다나와
1516,1516,480960,2026-10-01,다나와
1517,1517,262210,2026-10-01,다나와
1518,1518,1645970,2026-10-01,다나와
1519,1519,577470,2026-10-01,다나와
1520,1520,381470,2026-10-01,다나와
1521,1521,1579980,2026-10-01,다나와
1522,1522,779980,2026-10-01,다나와
1523,1523,373980,2026-10-01,다나와
1524,1524,244970,2026-10-01,다나와
1525,1525,160000,2026-10-01,다나와
1526,1526,168960,2026-10-01,다나와
1527,1527,283810,2026-10-01,다나와
1528,1528,154990,2026-10-01,다나와
1529,1529,80000,2026-10-01,다나와
1530,1530,279380,2026-10-01,다나와
1531,1531,162000,2026-10-01,다나와
1532,1532,108700,2026-10-01,다나와
1533,1533,378760,2026-10-01,다나와
1534,1534,570000,2026-10-01,다나와
1535,1535,349990,2026-10-01,다나와
1536,1536,217900,2026-10-01,다나와
1537,1537,1039510,2026-10-01,다나와
1538,1538,497890,2026-10-01,다나와
1539,1539,313940,2026-10-01,다나와
1540,1540,184000,2026-10-01,다나와
1541,1541,1690000,2026-10-01,다나와
1542,1542,884420,2026-10-01,다나와
1543,1543,444170,2026-10-01,다나와
1544,1544,680000,2026-10-01,다나와
1545,1545,226990,2026-10-01,다나와
1546,1546,124990,2026-10-01,다나와
1547,1547,78600,2026-10-01,다나와
1548,1548,233000,2026-10-01,다나와
1549,1549,133260,2026-10-01,다나와
1550,1550,73760,2026-10-01,다나와
1551,1551,1346960,2026-10-01,다나와
1552,1552,540910,2026-10-01,다나와
1553,1553,292650,2026-10-01,다나와
1554,1554,192470,2026-10-01,다나와
1555,1555,448890,2026-10-01,다나와
1556,1556,265820,2026-10-01,다나와
1557,1557,144700,2026-10-01,다나와
1558,1558,185490,2026-10-01,다나와
1559,1559,142540,2026-10-01,다나와
1560,1560,160000,2026-10-01,다나와
1561,1561,679000,2026-10-01,다나와
1562,1562,396000,2026-10-01,다나와
1563,1563,147970,2026-10-01,다나와
1564,1564,84000,2026-10-01,다나와
1565,1565,573140,2026-10-01,다나와
1566,1566,380000,2026-10-01,다나와
1567,1567,439000,2026-10-01,다나와
1568,1568,257800,2026-10-01,다나와
1569,1569,165000,2026-10-01,다나와
1570,1570,508480,2026-10-01,다나와
1571,1571,275900,2026-10-01,다나와
1572,1572,161000,2026-10-01,다나와
1573,1573,647000,2026-10-01,다나와
1574,1574,375000,2026-10-01,다나와
1575,1575,238500,2026-10-01,다나와
1576,1576,127840,2026-10-01,다나와
1577,1577,88000,2026-10-01,다나와
1578,1578,377660,2026-10-01,다나와
1579,1579,198980,2026-10-01,다나와
1580,1580,111580,2026-10-01,다나와
1581,1581,65500,2026-10-01,다나와
1582,1582,375000,2026-10-01,다나와
1583,1583,236000,2026-10-01,다나와
1584,1584,112500,2026-10-01,다나와
1585,1585,66000,2026-10-01,다나와
1586,1586,575000,2026-10-01,다나와
1587,1587,1214990,2026-10-01,다나와
1588,1588,363360,2026-10-01,다나와
1589,1589,1529490,2026-10-01,다나와
1590,1590,798040,2026-10-01,다나와
1591,1591,406380,2026-10-01,다나와
1592,1592,207410,2026-10-01,다나와
1593,1593,191480,2026-10-01,다나와
1594,1594,412500,2026-10-01,다나와
1595,1595,255000,2026-10-01,다나와
1596,1596,642360,2026-10-01,다나와
1597,1597,1484000,2026-10-01,다나와
1598,1598,437910,2026-10-01,다나와
1599,1599,269000,2026-10-01,다나와
1600,1600,278000,2026-10-01,다나와
1601,1601,482000,2026-10-01,다나와
1602,1602,164000,2026-10-01,다나와
1603,1603,1050000,2026-10-01,다나와
1604,1604,511250,2026-10-01,다나와
1605,1605,310000,2026-10-01,다나와
1606,1606,104000,2026-10-01,다나와
1607,1607,59000,2026-10-01,다나와
1608,1608,418000,2026-10-01,다나와
1609,1609,265000,2026-10-01,다나와
1610,1610,158990,2026-10-01,다나와
1611,1611,294690,2026-10-01,다나와
1612,1612,99990,2026-10-01,다나와
1613,1613,119380,2026-10-01,다나와
1614,1614,224380,2026-10-01,다나와
1615,1615,121260,2026-10-01,다나와
1616,1616,72380,2026-10-01,다나와
1617,1617,1723590,2026-10-01,다나와
1618,1618,940500,2026-10-01,다나와
1619,1619,540970,2026-10-01,다나와
1620,1620,235000,2026-10-01,다나와
1621,1621,140000,2026-10-01,다나와
1622,1622,984980,2026-10-01,다나와
1623,1623,680000,2026-10-01,다나와
1624,1624,316720,2026-10-01,다나와
1625,1625,193940,2026-10-01,다나와
1626,1626,499900,2026-10-01,다나와
1627,1627,284900,2026-10-01,다나와
1628,1628,157300,2026-10-01,다나와
1629,1629,594970,2026-10-01,다나와
1630,1630,324900,2026-10-01,다나와
1631,1631,1489800,2026-10-01,다나와
1632,1632,1700000,2026-10-01,다나와
1633,1633,608980,2026-10-01,다나와
1634,1634,310000,2026-10-01,다나와
1635,1635,185980,2026-10-01,다나와
1636,1636,269480,2026-10-01,다나와
1637,1637,162420,2026-10-01,다나와
1638,1638,279300,2026-10-01,다나와
1639,1639,162000,2026-10-01,다나와
1640,1640,108700,2026-10-01,다나와
1641,1641,146640,2026-10-01,다나와
1642,1642,114000,2026-10-01,다나와
1643,1643,383040,2026-10-01,다나와
1644,1644,256490,2026-10-01,다나와
1645,1645,488980,2026-10-01,다나와
1646,1646,275000,2026-10-01,다나와
1647,1647,186950,2026-10-01,다나와
1648,1648,909490,2026-10-01,다나와
1649,1649,427980,2026-10-01,다나와
1650,1650,199980,2026-10-01,다나와
1651,1651,122000,2026-10-01,다나와
1652,1652,2275310,2026-10-01,다나와
1653,1653,1200000,2026-10-01,다나와
1654,1654,787680,2026-10-01,다나와
1655,1655,389000,2026-10-01,다나와
1656,1656,121670,2026-10-01,다나와
1657,1657,81690,2026-10-01,다나와
1658,1658,877000,2026-10-01,다나와
1659,1659,459610,2026-10-01,다나와
1660,1660,194580,2026-10-01,다나와
1661,1661,157000,2026-10-01,다나와
1662,1662,199980,2026-10-01,다나와
1663,1663,96000,2026-10-01,다나와
1664,1664,522420,2026-10-01,다나와
1665,1665,252980,2026-10-01,다나와
1666,1666,188500,2026-10-01,다나와
1667,1667,107000,2026-10-01,다나와
1668,1668,214980,2026-10-01,다나와
1669,1669,100000,2026-10-01,다나와
1670,1670,142990,2026-10-01,다나와
1671,1671,540000,2026-10-01,다나와
1672,1672,263000,2026-10-01,다나와
1673,1673,154980,2026-10-01,다나와
1674,1674,82480,2026-10-01,다나와
1675,1675,250840,2026-10-01,다나와
1676,1676,157500,2026-10-01,다나와
1677,1677,387000,2026-10-01,다나와
1678,1678,275330,2026-10-01,다나와
1679,1679,204000,2026-10-01,다나와
1680,1680,188000,2026-10-01,다나와
1681,1681,70000,2026-10-01,다나와
1682,1682,134220,2026-10-01,다나와
1683,1683,1739970,2026-10-01,다나와
1684,1684,929970,2026-10-01,다나와
1685,1685,494880,2026-10-01,다나와
1686,1686,1059980,2026-10-01,다나와
1687,1687,764980,2026-10-01,다나와
1688,1688,612600,2026-10-01,다나와
1689,1689,355000,2026-10-01,다나와
1690,1690,971710,2026-10-01,다나와
1691,1691,494500,2026-10-01,다나와
1692,1692,268490,2026-10-01,다나와
1693,1693,225000,2026-10-01,다나와
1694,1694,129000,2026-10-01,다나와
1695,1695,70000,2026-10-01,다나와
1696,1696,375940,2026-10-01,다나와
1697,1697,377980,2026-10-01,다나와
1698,1698,177810,2026-10-01,다나와
1699,1699,625000,2026-10-01,다나와
1700,1700,80440,2026-10-01,다나와
1701,1701,264480,2026-10-01,다나와
1702,1702,148990,2026-10-01,다나와
1703,1703,962920,2026-10-01,다나와
1704,1704,489980,2026-10-01,다나와
1705,1705,264230,2026-10-01,다나와
1706,1706,156000,2026-10-01,다나와
1707,1707,2126990,2026-10-01,다나와
1708,1708,1056920,2026-10-01,다나와
1709,1709,763440,2026-10-01,다나와
1710,1710,954980,2026-10-01,다나와
1711,1711,494980,2026-10-01,다나와
1712,1712,378980,2026-10-01,다나와
1713,1713,372000,2026-10-01,다나와
1714,1714,149000,2026-10-01,다나와
1715,1715,87420,2026-10-01,다나와
1716,1716,126110,2026-10-01,다나와
1717,1717,64400,2026-10-01,다나와
1718,1718,184810,2026-10-01,다나와
1719,1719,65000,2026-10-01,다나와
1720,1720,56400,2026-10-01,다나와
1721,1721,195990,2026-10-01,다나와
1722,1722,206490,2026-10-01,다나와
1723,1723,149000,2026-10-01,다나와
1724,1724,95900,2026-10-01,다나와
1725,1725,87700,2026-10-01,다나와
1726,1726,65500,2026-10-01,다나와
1727,1727,120590,2026-10-01,다나와
1728,1728,86900,2026-10-01,다나와
1729,1729,68000,2026-10-01,다나와
1730,1730,39700,2026-10-01,다나와
1731,1731,135900,2026-10-01,다나와
1732,1732,239000,2026-10-01,다나와
1733,1733,37100,2026-10-01,다나와
1734,1734,68000,2026-10-01,다나와
1735,1735,204390,2026-10-01,다나와
1736,1736,214170,2026-10-01,다나와
1737,1737,788900,2026-10-01,다나와
1738,1738,88000,2026-10-01,다나와
1739,1739,52970,2026-10-01,다나와
1740,1740,57500,2026-10-01,다나와
1741,1741,84400,2026-10-01,다나와
1742,1742,92900,2026-10-01,다나와
1743,1743,47220,2026-10-01,다나와
1744,1744,292450,2026-10-01,다나와
1745,1745,43890,2026-10-01,다나와
1746,1746,97500,2026-10-01,다나와
1747,1747,249000,2026-10-01,다나와
1748,1748,82900,2026-10-01,다나와
1749,1749,110800,2026-10-01,다나와
1750,1750,194610,2026-10-01,다나와
1751,1751,183490,2026-10-01,다나와
1752,1752,88900,2026-10-01,다나와
1753,1753,110800,2026-10-01,다나와
1754,1754,492730,2026-10-01,다나와
1755,1755,208630,2026-10-01,다나와
1756,1756,81900,2026-10-01,다나와
1757,1757,189000,2026-10-01,다나와
1758,1758,53840,2026-10-01,다나와
1759,1759,259000,2026-10-01,다나와
1760,1760,87000,2026-10-01,다나와
1761,1761,89900,2026-10-01,다나와
1762,1762,87420,2026-10-01,다나와
1763,1763,108640,2026-10-01,다나와
1764,1764,219000,2026-10-01,다나와
1765,1765,56640,2026-10-01,다나와
1766,1766,189000,2026-10-01,다나와
1767,1767,80950,2026-10-01,다나와
1768,1768,49900,2026-10-01,다나와
1769,1769,60000,2026-10-01,다나와
1770,1770,56800,2026-10-01,다나와
1771,1771,154160,2026-10-01,다나와
1772,1772,163000,2026-10-01,다나와
1773,1773,114000,2026-10-01,다나와
1774,1774,91210,2026-10-01,다나와
1775,1775,135000,2026-10-01,다나와
1776,1776,92100,2026-10-01,다나와
1777,1777,175770,2026-10-01,다나와
1778,1778,232860,2026-10-01,다나와
1779,1779,89000,2026-10-01,다나와
1780,1780,53380,2026-10-01,다나와
1781,1781,56180,2026-10-01,다나와
1782,1782,47770,2026-10-01,다나와
1783,1783,45900,2026-10-01,다나와
1784,1784,66500,2026-10-01,다나와
1785,1785,99000,2026-10-01,다나와
1786,1786,77000,2026-10-01,다나와
1787,1787,623000,2026-10-01,다나와
1788,1788,123500,2026-10-01,다나와
1789,1789,98000,2026-10-01,다나와
1790,1790,86900,2026-10-01,다나와
1791,1791,191250,2026-10-01,다나와
1792,1792,106400,2026-10-01,다나와
1793,1793,89900,2026-10-01,다나와
1794,1794,91900,2026-10-01,다나와
1795,1795,59000,2026-10-01,다나와
1796,1796,114900,2026-10-01,다나와
1797,1797,109900,2026-10-01,다나와
1798,1798,129000,2026-10-01,다나와
1799,1799,172900,2026-10-01,다나와
1800,1800,114430,2026-10-01,다나와
1801,1801,82700,2026-10-01,다나와
1802,1802,68000,2026-10-01,다나와
1803,1803,90400,2026-10-01,다나와
1804,1804,72500,2026-10-01,다나와
1805,1805,82700,2026-10-01,다나와
1806,1806,116900,2026-10-01,다나와
1807,1807,99000,2026-10-01,다나와
1808,1808,89000,2026-10-01,다나와
1809,1809,164000,2026-10-01,다나와
1810,1810,79570,2026-10-01,다나와
1811,1811,101970,2026-10-01,다나와
1812,1812,42900,2026-10-01,다나와
1813,1813,135000,2026-10-01,다나와
1814,1814,50000,2026-10-01,다나와
1815,1815,99000,2026-10-01,다나와
1816,1816,105000,2026-10-01,다나와
1817,1817,125000,2026-10-01,다나와
1818,1818,74670,2026-10-01,다나와
1819,1819,186000,2026-10-01,다나와
1820,1820,192000,2026-10-01,다나와
1821,1821,219150,2026-10-01,다나와
1822,1822,283060,2026-10-01,다나와
1823,1823,291490,2026-10-01,다나와
1824,1824,253190,2026-10-01,다나와
1825,1825,255490,2026-10-01,다나와
1826,1826,123690,2026-10-01,다나와
1827,1827,195800,2026-10-01,다나와
1828,1828,80680,2026-10-01,다나와
1829,1829,262240,2026-10-01,다나와
1830,1830,201130,2026-10-01,다나와
1831,1831,160800,2026-10-01,다나와
1832,1832,223900,2026-10-01,다나와
1833,1833,166460,2026-10-01,다나와
1834,1834,649000,2026-10-01,다나와
1835,1835,724000,2026-10-01,다나와
1836,1836,228780,2026-10-01,다나와
1837,1837,64790,2026-10-01,다나와
1838,1838,89560,2026-10-01,다나와
1839,1839,224600,2026-10-01,다나와
1840,1840,146290,2026-10-01,다나와
1841,1841,263000,2026-10-01,다나와
1842,1842,984000,2026-10-01,다나와
1843,1843,213890,2026-10-01,다나와
1844,1844,139000,2026-10-01,다나와
1845,1845,217090,2026-10-01,다나와
1846,1846,714640,2026-10-01,다나와
1847,1847,376010,2026-10-01,다나와
1848,1848,123700,2026-10-01,다나와
1849,1849,328150,2026-10-01,다나와
1850,1850,248400,2026-10-01,다나와
1851,1851,912500,2026-10-01,다나와
1852,1852,199780,2026-10-01,다나와
1853,1853,240800,2026-10-01,다나와
1854,1854,182490,2026-10-01,다나와
1855,1855,269500,2026-10-01,다나와
1856,1856,67040,2026-10-01,다나와
1857,1857,90010,2026-10-01,다나와
1858,1858,35830,2026-10-01,다나와
1859,1859,49840,2026-10-01,다나와
1860,1860,147200,2026-10-01,다나와
1861,1861,46900,2026-10-01,다나와
1862,1862,51400,2026-10-01,다나와
1863,1863,41200,2026-10-01,다나와
1864,1864,234000,2026-10-01,다나와
1865,1865,78320,2026-10-01,다나와
1866,1866,63590,2026-10-01,다나와
1867,1867,56020,2026-10-01,다나와
1868,1868,77390,2026-10-01,다나와
1869,1869,47490,2026-10-01,다나와
1870,1870,58390,2026-10-01,다나와
1871,1871,67420,2026-10-01,다나와
1872,1872,92670,2026-10-01,다나와
1873,1873,53680,2026-10-01,다나와
1874,1874,36740,2026-10-01,다나와
1875,1875,43220,2026-10-01,다나와
1876,1876,212000,2026-10-01,다나와
1877,1877,126880,2026-10-01,다나와
1878,1878,44830,2026-10-01,다나와
1879,1879,49200,2026-10-01,다나와
1880,1880,38800,2026-10-01,다나와
1881,1881,122100,2026-10-01,다나와
1882,1882,190000,2026-10-01,다나와
1883,1883,47100,2026-10-01,다나와
1884,1884,169040,2026-10-01,다나와
1885,1885,48810,2026-10-01,다나와
1886,1886,189100,2026-10-01,다나와
1887,1887,76650,2026-10-01,다나와
1888,1888,44080,2026-10-01,다나와
1889,1889,185280,2026-10-01,다나와
1890,1890,41360,2026-10-01,다나와
1891,1891,44640,2026-10-01,다나와
1892,1892,135300,2026-10-01,다나와
1893,1893,175480,2026-10-01,다나와
1894,1894,51900,2026-10-01,다나와
1895,1895,134450,2026-10-01,다나와
1896,1896,84500,2026-10-01,다나와
1897,1897,42490,2026-10-01,다나와
1898,1898,159000,2026-10-01,다나와
1899,1899,269360,2026-10-01,다나와
1900,1900,34250,2026-10-01,다나와
1901,1901,220170,2026-10-01,다나와
1902,1902,47000,2026-10-01,다나와
1903,1903,259000,2026-10-01,다나와
1904,1904,179000,2026-10-01,다나와
1905,1905,42500,2026-10-01,다나와
1906,1906,204000,2026-10-01,다나와
1907,1907,60000,2026-10-01,다나와
1908,1908,179000,2026-10-01,다나와
1909,1909,134000,2026-10-01,다나와
1910,1910,164000,2026-10-01,다나와
1911,1911,55000,2026-10-01,다나와
1912,1912,236880,2026-10-01,다나와
1913,1913,75000,2026-10-01,다나와
1914,1914,230580,2026-10-01,다나와
1915,1915,61000,2026-10-01,다나와
1916,1916,41750,2026-10-01,다나와
1917,1917,274990,2026-10-01,다나와
1918,1918,210960,2026-10-01,다나와
1919,1919,399000,2026-10-01,다나와
1920,1920,440000,2026-10-01,다나와
1921,1921,140000,2026-10-01,다나와
1922,1922,288990,2026-10-01,다나와
1923,1923,827500,2026-10-01,다나와
1924,1924,155000,2026-10-01,다나와
1925,1925,179460,2026-10-01,다나와
1926,1926,1019990,2026-10-01,다나와
1927,1927,232000,2026-10-01,다나와
1928,1928,799990,2026-10-01,다나와
1929,1929,199000,2026-10-01,다나와
1930,1930,920000,2026-10-01,다나와
1931,1931,195000,2026-10-01,다나와
1932,1932,165000,2026-10-01,다나와
1933,1933,957600,2026-10-01,다나와
1934,1934,300000,2026-10-01,다나와
1935,1935,130560,2026-10-01,다나와
1936,1936,248000,2026-10-01,다나와
1937,1937,200000,2026-10-01,다나와
1938,1938,153440,2026-10-01,다나와
1939,1939,800000,2026-10-01,다나와
1940,1940,227770,2026-10-01,다나와
1941,1941,148800,2026-10-01,다나와
1942,1942,200000,2026-10-01,다나와
1943,1943,128500,2026-10-01,다나와
1944,1944,140000,2026-10-01,다나와
1945,1945,113290,2026-10-01,다나와
1946,1946,63000,2026-10-01,다나와
1947,1947,73000,2026-10-01,다나와
1948,1948,54050,2026-10-01,다나와
1949,1949,115500,2026-10-01,다나와
1950,1950,54000,2026-10-01,다나와
1951,1951,156620,2026-10-01,다나와
1952,1952,54000,2026-10-01,다나와
1953,1953,73000,2026-10-01,다나와
1954,1954,62630,2026-10-01,다나와
1955,1955,150700,2026-10-01,다나와
1956,1956,296160,2026-10-01,다나와
1957,1957,42280,2026-10-01,다나와
1958,1958,235000,2026-10-01,다나와
1959,1959,287610,2026-10-01,다나와
1960,1960,227710,2026-10-01,다나와
1961,1961,55160,2026-10-01,다나와
1962,1962,189680,2026-10-01,다나와
1963,1963,47720,2026-10-01,다나와
1964,1964,147810,2026-10-01,다나와
1965,1965,49030,2026-10-01,다나와
1966,1966,185590,2026-10-01,다나와
1967,1967,44380,2026-10-01,다나와
1968,1968,51430,2026-10-01,다나와
1969,1969,60940,2026-10-01,다나와
1970,1970,387100,2026-10-01,다나와
1971,1971,307000,2026-10-01,다나와
1972,1972,128000,2026-10-01,다나와
1973,1973,81000,2026-10-01,다나와
1974,1974,68000,2026-10-01,다나와
1975,1975,47000,2026-10-01,다나와
1976,1976,80000,2026-10-01,다나와
1977,1977,73000,2026-10-01,다나와
1978,1978,158000,2026-10-01,다나와
1979,1979,128000,2026-10-01,다나와
1980,1980,165600,2026-10-01,다나와
1981,1981,283500,2026-10-01,다나와
1982,1982,153300,2026-10-01,다나와
1983,1983,229320,2026-10-01,다나와
1984,1984,365730,2026-10-01,다나와
1985,1985,364910,2026-10-01,다나와
1986,1986,369600,2026-10-01,다나와
1987,1987,521970,2026-10-01,다나와
1988,1988,563160,2026-10-01,다나와
1989,1989,521040,2026-10-01,다나와
1990,1990,805000,2026-10-01,다나와
1991,1991,2697030,2026-10-01,다나와
1992,1992,1153400,2026-10-01,다나와
1993,1993,5407620,2026-10-01,다나와
1994,1994,5407620,2026-10-01,다나와
1995,1995,554710,2026-10-01,다나와
1996,1996,580000,2026-10-01,다나와
1997,1997,647990,2026-10-01,다나와
1998,1998,628790,2026-10-01,다나와
1999,1999,643000,2026-10-01,다나와
2000,2000,711310,2026-10-01,다나와
2001,2001,663090,2026-10-01,다나와
2002,2002,678990,2026-10-01,다나와
2003,2003,667250,2026-10-01,다나와
2004,2004,730000,2026-10-01,다나와
2005,2005,676160,2026-10-01,다나와
2006,2006,709990,2026-10-01,다나와
2007,2007,733540,2026-10-01,다나와
2008,2008,679000,2026-10-01,다나와
2009,2009,689510,2026-10-01,다나와
2010,2010,739350,2026-10-01,다나와
2011,2011,707770,2026-10-01,다나와
2012,2012,707790,2026-10-01,다나와
2013,2013,702850,2026-10-01,다나와
2014,2014,730000,2026-10-01,다나와
2015,2015,681470,2026-10-01,다나와
2016,2016,722830,2026-10-01,다나와
2017,2017,703260,2026-10-01,다나와
2018,2018,676710,2026-10-01,다나와
2019,2019,734600,2026-10-01,다나와
2020,2020,713360,2026-10-01,다나와
2021,2021,3034950,2026-10-01,다나와
2022,2022,712000,2026-10-01,다나와
2023,2023,817190,2026-10-01,다나와
2024,2024,762460,2026-10-01,다나와
2025,2025,899000,2026-10-01,다나와
2026,2026,763670,2026-10-01,다나와
2027,2027,852000,2026-10-01,다나와
2028,2028,763679,2026-10-01,다나와
2029,2029,934580,2026-10-01,다나와
2030,2030,826550,2026-10-01,다나와
2031,2031,833810,2026-10-01,다나와
2032,2032,833810,2026-10-01,다나와
2033,2033,753400,2026-10-01,다나와
2034,2034,804610,2026-10-01,다나와
2035,2035,768020,2026-10-01,다나와
2036,2036,766740,2026-10-01,다나와
2037,2037,1126580,2026-10-01,다나와
2038,2038,770830,2026-10-01,다나와
2039,2039,799580,2026-10-01,다나와
2040,2040,848990,2026-10-01,다나와
2041,2041,828790,2026-10-01,다나와
2042,2042,889350,2026-10-01,다나와
2043,2043,826650,2026-10-01,다나와
2044,2044,1060210,2026-10-01,다나와
2045,2045,1370700,2026-10-01,다나와
2046,2046,1382400,2026-10-01,다나와
2047,2047,1396480,2026-10-01,다나와
2048,2048,1324990,2026-10-01,다나와
2049,2049,1292930,2026-10-01,다나와
2050,2050,1327690,2026-10-01,다나와
2051,2051,1333870,2026-10-01,다나와
2052,2052,1376690,2026-10-01,다나와
2053,2053,1440000,2026-10-01,다나와
2054,2054,1347550,2026-10-01,다나와
2055,2055,1329170,2026-10-01,다나와
2056,2056,1380000,2026-10-01,다나와
2057,2057,1508310,2026-10-01,다나와
2058,2058,1508440,2026-10-01,다나와
2059,2059,1878990,2026-10-01,다나와
2060,2060,1917870,2026-10-01,다나와
2061,2061,1895490,2026-10-01,다나와
2062,2062,1914030,2026-10-01,다나와
2063,2063,2008790,2026-10-01,다나와
2064,2064,1962650,2026-10-01,다나와
2065,2065,1927990,2026-10-01,다나와
2066,2066,2028430,2026-10-01,다나와
2067,2067,1927480,2026-10-01,다나와
2068,2068,2108260,2026-10-01,다나와
2069,2069,1962940,2026-10-01,다나와
2070,2070,1922480,2026-10-01,다나와
2071,2071,2124360,2026-10-01,다나와
2072,2072,1794550,2026-10-01,다나와
2073,2073,4800000,2026-10-01,다나와
2074,2074,2514010,2026-10-01,다나와
2075,2075,2728990,2026-10-01,다나와
2076,2076,2486400,2026-10-01,다나와
2077,2077,2459130,2026-10-01,다나와
2078,2078,2660190,2026-10-01,다나와
2079,2079,3489550,2026-10-01,다나와
2080,2080,2932500,2026-10-01,다나와
2081,2081,2472990,2026-10-01,다나와
2082,2082,2467480,2026-10-01,다나와
2083,2083,2901160,2026-10-01,다나와
2084,2084,2537490,2026-10-01,다나와
2085,2085,2888860,2026-10-01,다나와
2086,2086,2861870,2026-10-01,다나와
2087,2087,2923230,2026-10-01,다나와
2088,2088,2498040,2026-10-01,다나와
2089,2089,2599000,2026-10-01,다나와
2090,2090,2418990,2026-10-01,다나와
2091,2091,2810000,2026-10-01,다나와
2092,2092,8530000,2026-10-01,다나와
2093,2093,8430000,2026-10-01,다나와
2094,2094,8869000,2026-10-01,다나와
2095,2095,7900000,2026-10-01,다나와
2096,2096,8430000,2026-10-01,다나와
2097,2097,8990000,2026-10-01,다나와
2098,2098,8710000,2026-10-01,다나와
2099,2099,7900000,2026-10-01,다나와
2100,2100,8600000,2026-10-01,다나와
2101,2101,8899990,2026-10-01,다나와
2102,2102,9402720,2026-10-01,다나와
2103,2103,9500000,2026-10-01,다나와
2104,2104,8660000,2026-10-01,다나와
2105,2105,9600000,2026-10-01,다나와
2106,2106,464230,2026-10-01,다나와
2107,2107,848990,2026-10-01,다나와
2108,2108,849000,2026-10-01,다나와
2109,2109,848990,2026-10-01,다나와
2110,2110,649000,2026-10-01,다나와
2111,2111,649990,2026-10-01,다나와
2112,2112,1606320,2026-10-01,다나와
2113,2113,1095990,2026-10-01,다나와
2114,2114,959040,2026-10-01,다나와
2115,2115,964050,2026-10-01,다나와
2116,2116,1429000,2026-10-01,다나와
2117,2117,1401700,2026-10-01,다나와
2118,2118,1337690,2026-10-01,다나와
2119,2119,1443371,2026-10-01,다나와
2120,2120,371590,2026-10-01,다나와
2121,2121,473510,2026-10-01,다나와
2122,2122,399000,2026-10-01,다나와
2123,2123,441000,2026-10-01,다나와
2124,2124,470000,2026-10-01,다나와
2125,2125,680000,2026-10-01,다나와
2126,2126,800000,2026-10-01,다나와
2127,2127,2000000,2026-10-01,다나와
2128,2128,2690000,2026-10-01,다나와
2129,2129,4018200,2026-10-01,다나와
2130,2130,590840,2026-10-01,다나와
2131,2131,579000,2026-10-01,다나와
2132,2132,575520,2026-10-01,다나와
2133,2133,578990,2026-10-01,다나와
2134,2134,718000,2026-10-01,다나와
2135,2135,705000,2026-10-01,다나와
2136,2136,758990,2026-10-01,다나와
2137,2137,765000,2026-10-01,다나와
2138,2138,699840,2026-10-01,다나와
2139,2139,820350,2026-10-01,다나와
2140,2140,739990,2026-10-01,다나와
2141,2141,709000,2026-10-01,다나와
2142,2142,715000,2026-10-01,다나와
2143,2143,865000,2026-10-01,다나와
2144,2144,740000,2026-10-01,다나와
2145,2145,785850,2026-10-01,다나와
2146,2146,826490,2026-10-01,다나와
2147,2147,1353990,2026-10-01,다나와
2148,2148,856350,2026-10-01,다나와
2149,2149,1328140,2026-10-01,다나와
2150,2150,757900,2026-10-01,다나와
2151,2151,921070,2026-10-01,다나와
2152,2152,958980,2026-10-01,다나와
2153,2153,1359980,2026-10-01,다나와
2154,2154,844750,2026-10-01,다나와
2155,2155,879000,2026-10-01,다나와
2156,2156,829000,2026-10-01,다나와
2157,2157,1260640,2026-10-01,다나와
2158,2158,1483440,2026-10-01,다나와
2159,2159,1297990,2026-10-01,다나와
2160,2160,1522480,2026-10-01,다나와
2161,2161,1328990,2026-10-01,다나와
2162,2162,1463520,2026-10-01,다나와
2163,2163,1387780,2026-10-01,다나와
2164,2164,1275840,2026-10-01,다나와
2165,2165,1475120,2026-10-01,다나와
2166,2166,1718200,2026-10-01,다나와
2167,2167,1348990,2026-10-01,다나와
2168,2168,1629000,2026-10-01,다나와
2169,2169,2179000,2026-10-01,다나와
2170,2170,1930000,2026-10-01,다나와
2171,2171,1882000,2026-10-01,다나와
2172,2172,1990000,2026-10-01,다나와
2173,2173,1800000,2026-10-01,다나와
2174,2174,2579000,2026-10-01,다나와
2175,2175,2369000,2026-10-01,다나와
2176,2176,3860420,2026-10-01,다나와
2177,2177,2699000,2026-10-01,다나와
2178,2178,2577390,2026-10-01,다나와
2179,2179,3613500,2026-10-01,다나와
2180,2180,3300000,2026-10-01,다나와
2181,2181,2389000,2026-10-01,다나와
2182,2182,3429000,2026-10-01,다나와
2183,2183,2459840,2026-10-01,다나와
2184,2184,3403800,2026-10-01,다나와
2185,2185,3539950,2026-10-01,다나와
2186,2186,3086360,2026-10-01,다나와
2187,2187,3810000,2026-10-01,다나와
2188,2188,2890930,2026-10-01,다나와
2189,2189,9149980,2026-10-01,다나와
2190,2190,9709990,2026-10-01,다나와
2191,2191,9131000,2026-10-01,다나와
2192,2192,9299990,2026-10-01,다나와
2193,2193,9900000,2026-10-01,다나와
2194,2194,9973440,2026-10-01,다나와
2195,2195,9399990,2026-10-01,다나와
2196,2196,9079960,2026-10-01,다나와
2197,2197,8700000,2026-10-01,다나와
2198,2198,9819990,2026-10-01,다나와
2199,2199,9993500,2026-10-01,다나와
2200,2200,9656000,2026-10-01,다나와
2201,2201,8650000,2026-10-01,다나와
2202,2202,459760,2026-10-01,다나와
2203,2203,519000,2026-10-01,다나와
2204,2204,598980,2026-10-01,다나와
2205,2205,776990,2026-10-01,다나와
2206,2206,880640,2026-10-01,다나와
2207,2207,596000,2026-10-01,다나와
2208,2208,799900,2026-10-01,다나와
2209,2209,698990,2026-10-01,다나와
2210,2210,799000,2026-10-01,다나와
2211,2211,1088900,2026-10-01,다나와
2212,2212,929000,2026-10-01,다나와
2213,2213,1249000,2026-10-01,다나와
2214,2214,1434630,2026-10-01,다나와
2215,2215,1499000,2026-10-01,다나와
2216,2216,377370,2026-10-01,다나와
2217,2217,408990,2026-10-01,다나와
2218,2218,379000,2026-10-01,다나와
2219,2219,496490,2026-10-01,다나와
2220,2220,840680,2026-10-01,다나와
2221,2221,1087600,2026-10-01,다나와
2222,2222,990640,2026-10-01,다나와
2223,2223,2697030,2026-10-01,다나와
2224,2224,2697030,2026-10-01,다나와
2225,2225,567300,2026-10-01,다나와
2226,2226,568990,2026-10-01,다나와
2227,2227,678990,2026-10-01,다나와
2228,2228,678890,2026-10-01,다나와
2229,2229,676890,2026-10-01,다나와
2230,2230,2415240,2026-10-01,다나와
2231,2231,755990,2026-10-01,다나와
2232,2232,1148920,2026-10-01,다나와
2233,2233,1148950,2026-10-01,다나와
2234,2234,1150000,2026-10-01,다나와
2235,2235,779000,2026-10-01,다나와
2236,2236,2459410,2026-10-01,다나와
2237,2237,1317800,2026-10-01,다나와
2238,2238,1259000,2026-10-01,다나와
2239,2239,1288990,2026-10-01,다나와
2240,2240,1297990,2026-10-01,다나와
2241,2241,1872340,2026-10-01,다나와
2242,2242,1918990,2026-10-01,다나와
2243,2243,2279990,2026-10-01,다나와
2244,2244,2296150,2026-10-01,다나와
2245,2245,5999950,2026-10-01,다나와
2246,2246,2080000,2026-10-01,다나와
2247,2247,2579000,2026-10-01,다나와
2248,2248,2573990,2026-10-01,다나와
2249,2249,4637930,2026-10-01,다나와
2250,2250,2699990,2026-10-01,다나와
2251,2251,6240000,2026-10-01,다나와
2252,2252,5760000,2026-10-01,다나와
2253,2253,3298790,2026-10-01,다나와
2254,2254,4654400,2026-10-01,다나와
2255,2255,8979990,2026-10-01,다나와
2256,2256,12999990,2026-10-01,다나와
2257,2257,9740000,2026-10-01,다나와
2258,2258,320000,2026-10-01,다나와
2259,2259,320000,2026-10-01,다나와
2260,2260,364800,2026-10-01,다나와
2261,2261,386000,2026-10-01,다나와
2262,2262,430820,2026-10-01,다나와
2263,2263,590620,2026-10-01,다나와
2264,2264,638000,2026-10-01,다나와
2265,2265,655500,2026-10-01,다나와
2266,2266,885500,2026-10-01,다나와
2267,2267,676990,2026-10-01,다나와
2268,2268,950000,2026-10-01,다나와
2269,2269,990000,2026-10-01,다나와
2270,2270,654210,2026-10-01,다나와
2271,2271,1436850,2026-10-01,다나와
2272,2272,1822000,2026-10-01,다나와
2273,2273,2005080,2026-10-01,다나와
2274,2274,541780,2026-10-01,다나와
2275,2275,540000,2026-10-01,다나와
2276,2276,575000,2026-10-01,다나와
2277,2277,466000,2026-10-01,다나와
2278,2278,545000,2026-10-01,다나와
2279,2279,666660,2026-10-01,다나와
2280,2280,657320,2026-10-01,다나와
2281,2281,701520,2026-10-01,다나와
2282,2282,696220,2026-10-01,다나와
2283,2283,700000,2026-10-01,다나와
2284,2284,744000,2026-10-01,다나와
2285,2285,704990,2026-10-01,다나와
2286,2286,899000,2026-10-01,다나와
2287,2287,715000,2026-10-01,다나와
2288,2288,720000,2026-10-01,다나와
2289,2289,728000,2026-10-01,다나와
2290,2290,1061000,2026-10-01,다나와
2291,2291,820000,2026-10-01,다나와
2292,2292,781500,2026-10-01,다나와
2293,2293,760690,2026-10-01,다나와
2294,2294,1189000,2026-10-01,다나와
2295,2295,973440,2026-10-01,다나와
2296,2296,1130000,2026-10-01,다나와
2297,2297,839990,2026-10-01,다나와
2298,2298,800000,2026-10-01,다나와
2299,2299,800000,2026-10-01,다나와
2300,2300,670000,2026-10-01,다나와
2301,2301,1032000,2026-10-01,다나와
2302,2302,1232100,2026-10-01,다나와
2303,2303,1328000,2026-10-01,다나와
2304,2304,1267890,2026-10-01,다나와
2305,2305,3357960,2026-10-01,다나와
2306,2306,1772430,2026-10-01,다나와
2307,2307,1596000,2026-10-01,다나와
2308,2308,1890990,2026-10-01,다나와
2309,2309,2160980,2026-10-01,다나와
2310,2310,2229900,2026-10-01,다나와
2311,2311,2553990,2026-10-01,다나와
2312,2312,2004980,2026-10-01,다나와
2313,2313,2191530,2026-10-01,다나와
2314,2314,1890990,2026-10-01,다나와
2315,2315,2296980,2026-10-01,다나와
2316,2316,2613180,2026-10-01,다나와
2317,2317,2554080,2026-10-01,다나와
2318,2318,2340000,2026-10-01,다나와
2319,2319,3645000,2026-10-01,다나와
2320,2320,5199990,2026-10-01,다나와
2321,2321,2369490,2026-10-01,다나와
2322,2322,366700,2026-10-01,다나와
2323,2323,420000,2026-10-01,다나와
2324,2324,404990,2026-10-01,다나와
2325,2325,461570,2026-10-01,다나와
2326,2326,405000,2026-10-01,다나와
2327,2327,457590,2026-10-01,다나와
2328,2328,499760,2026-10-01,다나와
2329,2329,575000,2026-10-01,다나와
2330,2330,542720,2026-10-01,다나와
2331,2331,590000,2026-10-01,다나와
2332,2332,605000,2026-10-01,다나와
2333,2333,605000,2026-10-01,다나와
2334,2334,541790,2026-10-01,다나와
2335,2335,667720,2026-10-01,다나와
2336,2336,701200,2026-10-01,다나와
2337,2337,722900,2026-10-01,다나와
2338,2338,775000,2026-10-01,다나와
2339,2339,760000,2026-10-01,다나와
2340,2340,760000,2026-10-01,다나와
2341,2341,691270,2026-10-01,다나와
2342,2342,719400,2026-10-01,다나와
2343,2343,745000,2026-10-01,다나와
2344,2344,1059000,2026-10-01,다나와
2345,2345,1042120,2026-10-01,다나와
2346,2346,729450,2026-10-01,다나와
2347,2347,800000,2026-10-01,다나와
2348,2348,781190,2026-10-01,다나와
2349,2349,1180000,2026-10-01,다나와
2350,2350,1220000,2026-10-01,다나와
2351,2351,1220000,2026-10-01,다나와
2352,2352,1057900,2026-10-01,다나와
2353,2353,1095910,2026-10-01,다나와
2354,2354,1085330,2026-10-01,다나와
2355,2355,855000,2026-10-01,다나와
2356,2356,818600,2026-10-01,다나와
2357,2357,764000,2026-10-01,다나와
2358,2358,1308500,2026-10-01,다나와
2359,2359,1269990,2026-10-01,다나와
2360,2360,1380000,2026-10-01,다나와
2361,2361,1326500,2026-10-01,다나와
2362,2362,1380000,2026-10-01,다나와
2363,2363,1360000,2026-10-01,다나와
2364,2364,1864140,2026-10-01,다나와
2365,2365,1910000,2026-10-01,다나와
2366,2366,1930000,2026-10-01,다나와
2367,2367,1910000,2026-10-01,다나와
2368,2368,1930000,2026-10-01,다나와
2369,2369,1819360,2026-10-01,다나와
2370,2370,1859990,2026-10-01,다나와
2371,2371,1838990,2026-10-01,다나와
2372,2372,1869340,2026-10-01,다나와
2373,2373,1930000,2026-10-01,다나와
2374,2374,2300500,2026-10-01,다나와
2375,2375,2277360,2026-10-01,다나와
2376,2376,3250000,2026-10-01,다나와
2377,2377,2350000,2026-10-01,다나와
2378,2378,2750000,2026-10-01,다나와
