part_id,category,part_name,level,vram_gb,ram_capacity_gb,ssd_capacity_gb,has_igpu
1,RAM,삼성전자 DDR4-3200,,,8,,
2,RAM,삼성전자 DDR4-2666,,,8,,
3,RAM,삼성전자 DDR4-2400,,,8,,
4,RAM,삼성전자 DDR4-2933,,,8,,
5,RAM,PATRIOT DDR4-3200 CL22 SIGNATURE,,,8,,
6,RAM,ESSENCORE KLEVV DDR4-3200 CL22 파인인포,,,8,,
7,RAM,ESSENCORE KLEVV DDR4-3200 CL16 BOLT X 서린,,,8,,
8,RAM,G.SKILL DDR4-3200 CL16 AEGIS,,,8,,
9,RAM,G.SKILL DDR4-2666 CL19 AEGIS,,,8,,
10,RAM,TeamGroup DDR4-3200 Elite 서린,,,8,,
11,RAM,TeamGroup DDR4-3200 Elite,,,8,,
12,RAM,TeamGroup DDR4-2666 Elite,,,8,,
13,RAM,삼성전자 DDR4-3200,,,16,,
14,RAM,삼성전자 DDR4-2400,,,16,,
15,RAM,삼성전자 DDR4-2666,,,16,,
16,RAM,삼성전자 DDR4-2133,,,16,,
17,RAM,삼성전자 DDR4-2933,,,16,,
18,RAM,PATRIOT DDR4-3200 CL22 SIGNATURE,,,16,,
19,RAM,PATRIOT DDR4-2666 CL19 SIGNATURE,,,16,,
20,RAM,ESSENCORE KLEVV DDR4-3200 CL22 파인인포,,,16,,
21,RAM,ESSENCORE KLEVV DDR4-2666 CL19 파인인포,,,16,,
22,RAM,G.SKILL DDR4-3600 CL18 TRIDENT Z RGB 패키지,,,16,,
23,RAM,G.SKILL DDR4-3200 CL16 AEGIS,,,16,,
24,RAM,G.SKILL DDR4-3200 CL16 TRIDENT Z RGB 패키지,,,16,,
25,RAM,G.SKILL DDR4-3600 CL16 TRIDENT Z NEO C 패키지,,,16,,
26,RAM,G.SKILL DDR4-3200 CL16 TRIDENT ZKW 패키지,,,16,,
27,RAM,G.SKILL DDR4-2666 CL19 AEGIS,,,16,,
28,RAM,G.SKILL DDR4-3200 CL16 TRIDENT Z 패키지,,,16,,
29,RAM,G.SKILL DDR4-3200 CL14 TRIDENT Z RGB 패키지,,,16,,
30,RAM,G.SKILL DDR4-3200 CL16 RIPJAWS V VK,,,16,,
31,RAM,G.SKILL DDR4-3600 CL18 TRIDENT Z RGB 패키지 (해외구매),,,16,,
32,RAM,TeamGroup T-Force DDR4-3200 CL16 Delta RGB 화이트 패키지 서린,,,16,,
33,RAM,TeamGroup DDR4-3200 Elite 서린,,,16,,
34,RAM,TeamGroup T-Force DDR4-3600 CL18 Delta RGB 화이트 패키지 서린,,,16,,
35,RAM,TeamGroup T-Force DDR4-3600 CL18 Delta RGB 패키지 서린,,,16,,
36,RAM,TeamGroup T-Force DDR4-3200 CL16 Delta RGB 패키지 서린,,,16,,
37,RAM,TeamGroup T-CREATE DDR4-3600 CL18 EXPERT OC10L 패키지 서린,,,16,,
38,RAM,TeamGroup T-Force DDR4-3600 CL18 Vulcan Z Gray 패키지 서린,,,16,,
39,RAM,TeamGroup T-Force DDR4-3200 CL16 DARK Z RED 패키지,,,16,,
40,RAM,TeamGroup DDR4-3200 Elite,,,16,,
41,RAM,TeamGroup T-Force DDR4-3200 CL16 XTREEM ARGB 패키지,,,16,,
42,RAM,TeamGroup T-Force DDR4-3600 CL18 Delta RGB 화이트 패키지,,,16,,
43,RAM,TeamGroup T-Force T-Force DDR4-3600 CL18 Delta RGB 화이트 패키지,,,16,,
44,RAM,삼성전자 DDR4-3200,,,32,,
45,RAM,삼성전자 DDR4-2933,,,32,,
46,RAM,삼성전자 DDR4-2666,,,32,,
47,RAM,PATRIOT DDR4-3200 CL22 SIGNATURE,,,32,,
48,RAM,ESSENCORE KLEVV DDR4-3200 CL22 파인인포,,,32,,
49,RAM,G.SKILL DDR4-3600 CL18 TRIDENT Z RGB 패키지,,,32,,
50,RAM,G.SKILL DDR4-3600 CL16 TRIDENT Z NEO C 패키지,,,32,,
51,RAM,G.SKILL DDR4-3200 CL16 TRIDENT Z 패키지,,,32,,
52,RAM,TeamGroup T-Force DDR4-3600 CL18 Delta RGB 화이트 패키지 서린,,,32,,
53,RAM,TeamGroup T-Force DDR4-3200 CL16-20-20 Delta RGB 패키지 서린,,,32,,
54,RAM,TeamGroup T-Force DDR4-3600 CL18 Delta RGB 패키지 서린,,,32,,
55,RAM,TeamGroup T-CREATE DDR4-3600 CL18 EXPERT OC10L 패키지 서린,,,32,,
56,RAM,TeamGroup T-Force DDR4-3200 CL16-20-20 Delta RGB 화이트 패키지 서린,,,32,,
57,RAM,TeamGroup T-Force DDR4-3200 CL16 Delta RGB 화이트 패키지 서린,,,32,,
58,RAM,TeamGroup DDR4-3200 Elite 서린,,,32,,
59,RAM,TeamGroup T-Force DDR4-3200 CL16 Delta RGB 패키지 서린,,,32,,
60,RAM,TeamGroup T-Force DDR4-3200 CL16 Delta RGB 패키지,,,32,,
61,RAM,TeamGroup T-Force DDR4-3600 CL18 Delta RGB 패키지,,,32,,
62,RAM,TeamGroup T-Force DDR4-3200 CL16-20-20 Delta RGB 패키지,,,32,,
63,RAM,TeamGroup T-Force DDR4-3600 CL18 Delta RGB 화이트 패키지,,,32,,
64,RAM,G.SKILL DDR4-3600 CL18 TRIDENT Z NEO 패키지,,,64,,
65,RAM,G.SKILL DDR4-3200 CL16 RIPJAWS V VK 패키지,,,64,,
66,RAM,삼성전자 DDR5-5600,,,8,,
67,RAM,삼성전자 DDR5-4800,,,8,,
68,RAM,삼성전자 DDR5-6400 CL52 CUDIMM,,,8,,
69,RAM,삼성전자 DDR5-4800 병행수입,,,8,,
70,RAM,삼성전자 DDR5-7200 CL58 CUDIMM,,,8,,
71,RAM,PATRIOT DDR5-5600 CL46 EVO,,,8,,
72,RAM,PATRIOT DDR5-5600 CL46 SIGNATURE PREMIUM 블랙,,,8,,
73,RAM,PATRIOT DDR5-5600 CL46 SIGNATURE PREMIUM 화이트,,,8,,
74,RAM,ESSENCORE KLEVV DDR5-5600 CL46 AMD 파인인포,,,8,,
75,RAM,ESSENCORE KLEVV DDR5-5600 CL46 NEO 파인인포,,,8,,
76,RAM,G.SKILL DDR5-5600 CL36 FLARE X5 AMD 블랙,,,8,,
77,RAM,G.SKILL DDR5-6000 CL30 FLARE X5 AMD 블랙,,,8,,
78,RAM,TeamGroup DDR5-5600 CL46 Elite 서린,,,8,,
79,RAM,TeamGroup DDR5-5600 CL46 Elite,,,8,,
80,RAM,삼성전자 DDR5-5600,,,16,,
81,RAM,삼성전자 DDR5-7200 CL58 CUDIMM,,,16,,
82,RAM,삼성전자 DDR5-6400 CL52 CUDIMM,,,16,,
83,RAM,삼성전자 DDR5-4800,,,16,,
84,RAM,삼성전자 DDR5-4800 병행수입,,,16,,
85,RAM,PATRIOT DDR5-6000 CL30 SIGNATURE PREMIUM EVO 블랙,,,16,,
86,RAM,PATRIOT DDR5-6000 CL30 SIGNATURE PREMIUM EVO 화이트,,,16,,
87,RAM,PATRIOT DDR5-6000 CL36 SIGNATURE PREMIUM EVO 블랙,,,16,,
88,RAM,PATRIOT DDR5-5600 CL46 EVO,,,16,,
89,RAM,PATRIOT DDR5-6000 CL36 SIGNATURE PREMIUM EVO 화이트,,,16,,
90,RAM,PATRIOT DDR5-6000 CL30 VIPER Elite 5,,,16,,
91,RAM,PATRIOT DDR5-6000 CL30 VIPER Elite 5 RGB,,,16,,
92,RAM,ESSENCORE KLEVV DDR5-5600 CL46 파인인포,,,16,,
93,RAM,ESSENCORE KLEVV DDR5-5600 CL46 AMD 파인인포,,,16,,
94,RAM,ESSENCORE KLEVV DDR5-6000 CL30 FIT V AMD 패키지 서린,,,16,,
95,RAM,ESSENCORE KLEVV DDR5-6400 CL52 CUDIMM 파인인포,,,16,,
96,RAM,ESSENCORE KLEVV DDR5-5600 CL30 FIT V WHITE 서린,,,16,,
97,RAM,ESSENCORE KLEVV DDR5-6000 CL30 FIT V WHITE AMD 패키지 서린,,,16,,
98,RAM,ESSENCORE KLEVV DDR5-5600 CL30 FIT V 서린,,,16,,
99,RAM,G.SKILL DDR5-6000 CL36 AEGIS 5,,,16,,
100,RAM,G.SKILL DDR5-5600 CL36 AEGIS 5,,,16,,
101,RAM,G.SKILL DDR5-6000 CL36 RIPJAWS S5 블랙,,,16,,
102,RAM,TeamGroup DDR5-5600 CL46 Elite 서린,,,16,,
103,RAM,TeamGroup DDR5-4800 CL40 Elite 서린,,,16,,
104,RAM,TeamGroup DDR5-5200 CL42 Elite 서린,,,16,,
105,RAM,TeamGroup DDR5-5600 CL46 Elite Plus 블랙 서린,,,16,,
106,RAM,TeamGroup DDR5-5600 CL46 Elite,,,16,,
107,RAM,삼성전자 DDR5-5600,,,32,,
108,RAM,삼성전자 DDR5-4800,,,32,,
109,RAM,삼성전자 DDR5-4800 병행수입,,,32,,
110,RAM,PATRIOT DDR5-6000 CL30 VIPER Elite 5 패키지,,,32,,
111,RAM,PATRIOT DDR5-6000 CL30 VIPER VENOM 패키지,,,32,,
112,RAM,PATRIOT DDR5-8000 CL38 VIPER Xtreme5 RGB 패키지,,,32,,
113,RAM,PATRIOT DDR5-6000 CL30 VIPER VENOM RGB 패키지,,,32,,
114,RAM,PATRIOT DDR5-6400 CL32 VIPER Elite 5 패키지,,,32,,
115,RAM,PATRIOT DDR5-6400 CL32 VIPER VENOM RGB 패키지,,,32,,
116,RAM,PATRIOT DDR5-5600 CL36 VIPER Elite 5 RGB,,,32,,
117,RAM,PATRIOT DDR5-6200 CL42 VIPER Elite 5 RGB 패키지,,,32,,
118,RAM,PATRIOT DDR5-7400 CL36 VIPER VENOM RGB 패키지,,,32,,
119,RAM,PATRIOT DDR5-7200 CL34 VIPER VENOM RGB 패키지,,,32,,
120,RAM,PATRIOT DDR5-7000 CL32 VIPER VENOM 패키지,,,32,,
121,RAM,PATRIOT DDR5-7200 CL34 VIPER VENOM 패키지,,,32,,
122,RAM,PATRIOT DDR5-7400 CL36 VIPER VENOM 패키지,,,32,,
123,RAM,PATRIOT DDR5-6800 CL34 VIPER VENOM 패키지,,,32,,
124,RAM,PATRIOT DDR5-6400 CL32 VIPER VENOM 패키지,,,32,,
125,RAM,PATRIOT DDR5-6000 CL28 VIPER Elite 5 ULTRA 패키지,,,32,,
126,RAM,PATRIOT DDR5-6600 CL34 VIPER VENOM RGB 패키지,,,32,,
127,RAM,PATRIOT DDR5-7000 CL32 VIPER VENOM RGB 패키지,,,32,,
128,RAM,PATRIOT DDR5-6200 CL40 VIPER VENOM 패키지,,,32,,
129,RAM,PATRIOT DDR5-6200 CL40 VIPER VENOM RGB 패키지,,,32,,
130,RAM,PATRIOT DDR5-6800 CL34 VIPER VENOM RGB 패키지,,,32,,
131,RAM,PATRIOT DDR5-6600 CL34 VIPER VENOM 패키지,,,32,,
132,RAM,PATRIOT DDR5-6000 CL28 VIPER Elite 5 ULTRA RGB 패키지,,,32,,
133,RAM,PATRIOT DDR5-6600 CL36 VIPER Elite 5 RGB 패키지,,,32,,
134,RAM,PATRIOT DDR5-7000 CL38 VIPER Elite 5 RGB 패키지,,,32,,
135,RAM,PATRIOT DDR5-6000 CL36 VIPER VENOM RGB 패키지,,,32,,
136,RAM,PATRIOT DDR5-7000 CL32 VIPER Elite 5 RGB 패키지,,,32,,
137,RAM,PATRIOT DDR5-6000 CL36 VIPER VENOM 패키지,,,32,,
138,RAM,ESSENCORE KLEVV DDR5-5600 CL46 파인인포,,,32,,
139,RAM,ESSENCORE KLEVV DDR5-6000 CL30 CRAS V RGB WHITE 패키지 서린,,,32,,
140,RAM,ESSENCORE KLEVV DDR5-6000 CL30 FIT V WHITE 패키지 서린,,,32,,
141,RAM,ESSENCORE KLEVV DDR5-6000 CL28 CRAS V RGB WHITE 패키지 서린,,,32,,
142,RAM,ESSENCORE KLEVV DDR5-6000 CL30 BOLT V AMD 패키지 서린,,,32,,
143,RAM,ESSENCORE KLEVV DDR5-6000 CL30 URBANE V RGB 패키지 서린,,,32,,
144,RAM,ESSENCORE KLEVV DDR5-6000 CL30 CRAS V RGB 패키지 서린,,,32,,
145,RAM,ESSENCORE KLEVV DDR5-6000 CL30 BOLT V 패키지 서린,,,32,,
146,RAM,ESSENCORE KLEVV DDR5-6000 CL28 FIT V BLACK AMD 패키지 서린,,,32,,
147,RAM,ESSENCORE KLEVV DDR5-6000 CL28 URBANE V RGB 블랙 패키지 서린,,,32,,
148,RAM,ESSENCORE KLEVV DDR5-6000 CL30 URBANE V RGB 블랙 패키지 서린,,,32,,
149,RAM,ESSENCORE KLEVV DDR5-6000 CL30 BOLT V WHITE AMD 패키지 서린,,,32,,
150,RAM,ESSENCORE KLEVV DDR5-6000 CL28 FIT V WHITE AMD 패키지 서린,,,32,,
151,RAM,ESSENCORE KLEVV DDR5-6400 CL32 BOLT V WHITE AMD 패키지 서린,,,32,,
152,RAM,ESSENCORE KLEVV DDR5-6000 CL28 CRAS V RGB 패키지 서린,,,32,,
153,RAM,ESSENCORE KLEVV DDR5-6000 CL28 URBANE V RGB 화이트 패키지 서린,,,32,,
154,RAM,ESSENCORE KLEVV DDR5-6400 CL32 CRAS V RGB WHITE 패키지 서린,,,32,,
155,RAM,ESSENCORE KLEVV DDR5-6000 CL30 FIT V 패키지 서린,,,32,,
156,RAM,ESSENCORE KLEVV DDR5-6000 CL30 BOLT V WHITE 패키지 서린,,,32,,
157,RAM,ESSENCORE KLEVV DDR5-7200 CL34 CRAS V RGB 패키지 서린,,,32,,
158,RAM,ESSENCORE KLEVV DDR5-6000 CL30 CRAS V RGB WHITE AMD 패키지 서린,,,32,,
159,RAM,ESSENCORE KLEVV DDR5-6000 CL28 BOLT V WHITE 패키지 서린,,,32,,
160,RAM,ESSENCORE KLEVV DDR5-6400 CL32 CRAS V RGB 패키지 서린,,,32,,
161,RAM,ESSENCORE KLEVV DDR5-6400 CL32 CRAS V RGB WHITE AMD 패키지 서린,,,32,,
162,RAM,ESSENCORE KLEVV DDR5-6400 CL32 URBANE V RGB 패키지 서린,,,32,,
163,RAM,ESSENCORE KLEVV DDR5-6400 CL30 BOLT V 패키지 서린,,,32,,
164,RAM,ESSENCORE KLEVV DDR5-6400 CL30 BOLT V WHITE 패키지 서린,,,32,,
165,RAM,ESSENCORE KLEVV DDR5-7200 CL34 CRAS V RGB ROG 패키지 서린,,,32,,
166,RAM,ESSENCORE KLEVV DDR5-7200 CL34 CRAS V RGB White 패키지 서린,,,32,,
167,RAM,G.SKILL DDR5-6000 CL36 TRIDENT Z5 NEO RGB J 패키지,,,32,,
168,RAM,G.SKILL DDR5-6400 CL32 TRIDENT Z5 RGB J 패키지,,,32,,
169,RAM,G.SKILL DDR5-6000 CL26 TRIDENT Z5 NeoX RGB for AMD ULL 매트블랙 패키지,,,32,,
170,RAM,G.SKILL DDR5-6000 CL26 TRIDENT Z5 NeoX RGB for AMD ULL 매트화이트 패키지,,,32,,
171,RAM,G.SKILL DDR5-6000 CL30 RIPJAWS M5 RGB 블랙 패키지,,,32,,
172,RAM,G.SKILL DDR5-6000 CL36 TRIDENT Z5 RGB J 패키지,,,32,,
173,RAM,G.SKILL DDR5-6000 CL26 TRIDENT Z5 NeoX RGB for AMD ULL 글로시블랙 패키지,,,32,,
174,RAM,G.SKILL DDR5-6000 CL30 TRIDENT Z5 NEO RGB J 화이트 패키지,,,32,,
175,RAM,G.SKILL DDR5-6400 CL30 TRIDENT Z5 NEO RGB J 화이트 패키지,,,32,,
176,RAM,G.SKILL DDR5-5600 CL36 AEGIS 5,,,32,,
177,RAM,G.SKILL DDR5-6000 CL28 TRIDENT Z5 NeoX RGB for AMD ULL 매트화이트 패키지,,,32,,
178,RAM,G.SKILL DDR5-6000 CL30 FLARE X5 J 패키지,,,32,,
179,RAM,G.SKILL DDR5-6000 CL30 TRIDENT Z5 NEO RGB J 패키지,,,32,,
180,RAM,G.SKILL DDR5-6000 CL30 TRIDENT Z5 NeoX RGB for AMD ULL 매트블랙 패키지,,,32,,
181,RAM,G.SKILL DDR5-6000 CL36 TRIDENT Z5 RGB 화이트 패키지,,,32,,
182,RAM,G.SKILL DDR5-6000 CL30 TRIDENT Z5 NeoX RGB for AMD ULL 매트화이트 패키지,,,32,,
183,RAM,G.SKILL DDR5-6000 CL30 RIPJAWS M5 RGB 화이트 패키지,,,32,,
184,RAM,G.SKILL DDR5-6000 CL28 FLARE X5 J 패키지,,,32,,
185,RAM,G.SKILL DDR5-6000 CL30 TRIDENT Z5 NEO J 패키지,,,32,,
186,RAM,G.SKILL DDR5-6000 CL30 TRIDENT Z5 NeoX RGB for AMD ULL 글로시블랙 패키지,,,32,,
187,RAM,G.SKILL DDR5-6000 CL32 TRIDENT Z5 RGB J 화이트 패키지,,,32,,
188,RAM,G.SKILL DDR5-6000 CL36 RIPJAWS M5 RGB 화이트 패키지,,,32,,
189,RAM,G.SKILL DDR5-6000 CL28 TRIDENT Z5 NeoX RGB for AMD ULL 매트블랙 패키지,,,32,,
190,RAM,G.SKILL DDR5-6000 CL28 TRIDENT Z5 NeoX RGB for AMD ULL 글로시블랙 패키지,,,32,,
191,RAM,G.SKILL DDR5-6000 CL36 TRIDENT Z5 NeoX RGB for AMD ULL 매트화이트 패키지,,,32,,
192,RAM,G.SKILL DDR5-6000 CL30 TRIDENT Z5 RGB J 패키지,,,32,,
193,RAM,G.SKILL DDR5-6000 CL36 RIPJAWS M5 NEO RGB 블랙 패키지,,,32,,
194,RAM,G.SKILL DDR5-5200 CL40 RIPJAWS M5 RGB 블랙 패키지,,,32,,
195,RAM,G.SKILL DDR5-6000 CL36 TRIDENT Z5 NEO RGB J 화이트 패키지,,,32,,
196,RAM,G.SKILL DDR5-6000 CL36 RIPJAWS M5 NEO RGB 화이트 패키지,,,32,,
197,RAM,G.SKILL DDR5-6000 CL36 TRIDENT Z5 NEO J 패키지,,,32,,
198,RAM,G.SKILL DDR5-5200 CL40 RIPJAWS S5 J 블랙 패키지,,,32,,
199,RAM,G.SKILL DDR5-6000 CL36 FLARE X5 J 패키지,,,32,,
200,RAM,G.SKILL DDR5-5200 CL40 RIPJAWS S5 J 화이트 패키지,,,32,,
201,RAM,G.SKILL DDR5-5200 CL40 RIPJAWS M5 RGB 화이트 패키지,,,32,,
202,RAM,G.SKILL DDR5-6000 CL30 RIPJAWS S5 J 블랙 패키지,,,32,,
203,RAM,G.SKILL DDR5-6000 CL36 RIPJAWS M5 RGB 블랙 패키지,,,32,,
204,RAM,G.SKILL DDR5-6000 CL36 TRIDENT Z5 J 패키지,,,32,,
205,RAM,G.SKILL DDR5-6000 CL28 FLARE X5 J 화이트 패키지,,,32,,
206,RAM,G.SKILL DDR5-6400 CL32 RIPJAWS M5 RGB 블랙 패키지,,,32,,
207,RAM,G.SKILL DDR5-6000 CL30 RIPJAWS S5 J 화이트 패키지,,,32,,
208,RAM,G.SKILL DDR5-6000 CL30 TRIDENT Z5 J 실버 패키지,,,32,,
209,RAM,G.SKILL DDR5-6400 CL32 RIPJAWS M5 RGB 화이트 패키지,,,32,,
210,RAM,G.SKILL DDR5-6000 CL36 TRIDENT Z5 J 실버 패키지,,,32,,
211,RAM,G.SKILL DDR5-6800 CL34 TRIDENT Z5 RGB J 실버 패키지,,,32,,
212,RAM,G.SKILL DDR5-7600 CL36 TRIDENT Z5 RGB J 패키지,,,32,,
213,RAM,G.SKILL DDR5-7600 CL36 TRIDENT Z5 RGB J 실버 패키지,,,32,,
214,RAM,G.SKILL DDR5-6000 CL26 TRIDENT Z5 NEO RGB H 화이트 패키지,,,32,,
215,RAM,G.SKILL DDR5-6000 CL36 TRIDENT Z5 NeoX RGB for AMD ULL 글로시블랙 패키지,,,32,,
216,RAM,G.SKILL DDR5-6000 CL36 TRIDENT Z5 NeoX RGB for AMD ULL 매트블랙 패키지,,,32,,
217,RAM,G.SKILL DDR5-6000 CL36 AEGIS 5,,,32,,
218,RAM,G.SKILL DDR5-6400 CL30 TRIDENT Z5 ROYAL NEO 실버 패키지,,,32,,
219,RAM,G.SKILL DDR5-6000 CL28 TRIDENT Z5 ROYAL NEO 골드 패키지,,,32,,
220,RAM,G.SKILL DDR5-6000 CL28 RIPJAWS M5 NEO RGB 화이트 패키지,,,32,,
221,RAM,G.SKILL DDR5-6000 CL30 RIPJAWS M5 NEO RGB 블랙 패키지,,,32,,
222,RAM,G.SKILL DDR5-7200 CL34 TRIDENT Z5 RGB J 실버 패키지,,,32,,
223,RAM,G.SKILL DDR5-6000 CL30 TRIDENT Z5 J 패키지,,,32,,
224,RAM,G.SKILL DDR5-6000 CL28 RIPJAWS M5 NEO RGB 블랙 패키지,,,32,,
225,RAM,G.SKILL DDR5-6000 CL30 RIPJAWS M5 NEO RGB 화이트 패키지,,,32,,
226,RAM,G.SKILL DDR5-6000 CL28 TRIDENT Z5 NEO RGB J 패키지,,,32,,
227,RAM,G.SKILL DDR5-6000 CL32 FLARE X5 J 패키지,,,32,,
228,RAM,G.SKILL DDR5-6400 CL32 TRIDENT Z5 RGB 화이트 패키지,,,32,,
229,RAM,G.SKILL DDR5-6400 CL32 TRIDENT Z5 J 실버 패키지,,,32,,
230,RAM,G.SKILL DDR5-6000 CL36 TRIDENT Z5 RGB J 실버 패키지,,,32,,
231,RAM,G.SKILL DDR5-6000 CL36 TRIDENT Z5 RGB 패키지,,,32,,
232,RAM,G.SKILL DDR5-6000 CL28 TRIDENT Z5 NEO RGB J 화이트 패키지,,,32,,
233,RAM,TeamGroup DDR5-5600 CL46 Elite 서린,,,32,,
234,RAM,TeamGroup T-Force DDR5-6000 CL30 Delta RGB 화이트 패키지,,,32,,
235,RAM,TeamGroup T-CREATE DDR5-6000 CL30 EXPERT 패키지 서린,,,32,,
236,RAM,TeamGroup T-Force DDR5-6000 CL38 Delta RGB 화이트 패키지 서린,,,32,,
237,RAM,TeamGroup T-Force DDR5-6000 CL30 Delta RGB 패키지,,,32,,
238,RAM,TeamGroup T-CREATE DDR5-5600 CL46 CLASSIC 패키지 서린,,,32,,
239,RAM,TeamGroup T-CREATE DDR5-6000 CL30 EXPERT 화이트 패키지 서린,,,32,,
240,RAM,TeamGroup T-Force DDR5-6000 CL38 Delta RGB 패키지 서린,,,32,,
241,RAM,TeamGroup T-Force DDR5-7200 CL34 Delta RGB 패키지,,,32,,
242,RAM,TeamGroup T-Force DDR5-5600 CL40 Delta RGB 블랙 패키지,,,32,,
243,RAM,TeamGroup T-Force DDR5-5600 CL40 Delta RGB 화이트 패키지,,,32,,
244,RAM,TeamGroup T-CREATE DDR5-6000 CL48 CLASSIC 패키지 서린,,,32,,
245,RAM,TeamGroup T-Force DDR5-6000 CL28 Delta RGB 블랙 패키지 서린,,,32,,
246,RAM,TeamGroup DDR5-4800 CL40 Elite 서린,,,32,,
247,RAM,TeamGroup DDR5-5600 CL46 Elite Plus 블랙 서린,,,32,,
248,RAM,TeamGroup T-Force DDR5-6000 CL28 Delta RGB 화이트 패키지 서린,,,32,,
249,RAM,TeamGroup T-Force DDR5-7200 CL34 Delta RGB 화이트 패키지,,,32,,
250,RAM,TeamGroup T-Force DDR5-6000 CL38 Vulcan Black 패키지 서린,,,32,,
251,RAM,TeamGroup T-Force DDR5-6400 CL40 Delta RGB 패키지 서린,,,32,,
252,RAM,TeamGroup T-CREATE DDR5-6000 CL30 EXPERT 패키지 서린,,,32,,
253,RAM,TeamGroup DDR5-5600 CL46 Elite,,,32,,
254,RAM,TeamGroup DDR5-5600 CL46 Elite Plus 블랙,,,32,,
255,RAM,TeamGroup T-Force DDR5-6000 CL38 Delta RGB 화이트 패키지,,,32,,
256,RAM,PATRIOT DDR5-6400 CL32 VIPER VENOM 패키지,,,64,,
257,RAM,ESSENCORE KLEVV DDR5-6000 CL30 CRAS V RGB WHITE 패키지 서린,,,64,,
258,RAM,ESSENCORE KLEVV DDR5-6000 CL30 BOLT V 패키지 서린,,,64,,
259,RAM,ESSENCORE KLEVV DDR5-6000 CL30 CRAS V RGB 패키지 서린,,,64,,
260,RAM,ESSENCORE KLEVV DDR5-6400 CL32 CRAS V RGB WHITE 패키지 서린,,,64,,
261,RAM,ESSENCORE KLEVV DDR5-6000 CL30 BOLT V WHITE 패키지 서린,,,64,,
262,RAM,G.SKILL DDR5-6000 CL32 TRIDENT Z5 NEO RGB J 패키지,,,64,,
263,RAM,G.SKILL DDR5-6000 CL30 TRIDENT Z5 NEO RGB J 패키지,,,64,,
264,RAM,G.SKILL DDR5-6000 CL30 TRIDENT Z5 RGB 화이트 패키지,,,64,,
265,RAM,G.SKILL DDR5-6000 CL36 TRIDENT Z5 NEO RGB J 패키지,,,64,,
266,RAM,G.SKILL DDR5-6000 CL30 RIPJAWS M5 RGB 블랙 패키지,,,64,,
267,RAM,G.SKILL DDR5-6000 CL36 FLARE X5 J 화이트 패키지,,,64,,
268,RAM,G.SKILL DDR5-5200 CL40 RIPJAWS M5 RGB 화이트 패키지,,,64,,
269,RAM,G.SKILL DDR5-6000 CL36 TRIDENT Z5 NEO RGB J 화이트 패키지,,,64,,
270,RAM,G.SKILL DDR5-5200 CL40 RIPJAWS M5 RGB 블랙 패키지,,,64,,
271,RAM,G.SKILL DDR5-6000 CL36 RIPJAWS M5 NEO RGB 화이트 패키지,,,64,,
272,RAM,G.SKILL DDR5-6000 CL30 FLARE X5 J 패키지,,,64,,
273,RAM,G.SKILL DDR5-5200 CL40 RIPJAWS S5 J 블랙 패키지,,,64,,
274,RAM,G.SKILL DDR5-6000 CL36 FLARE X5 J 패키지,,,64,,
275,RAM,G.SKILL DDR5-6000 CL30 TRIDENT Z5 RGB J 패키지,,,64,,
276,RAM,G.SKILL DDR5-6000 CL32 TRIDENT Z5 NEO RGB J 화이트 패키지,,,64,,
277,RAM,G.SKILL DDR5-6400 CL32 RIPJAWS M5 RGB 블랙 패키지,,,64,,
278,RAM,G.SKILL DDR5-6000 CL36 RIPJAWS M5 NEO RGB 블랙 패키지,,,64,,
279,RAM,G.SKILL DDR5-6400 CL32 RIPJAWS M5 RGB 화이트 패키지,,,64,,
280,RAM,G.SKILL DDR5-6000 CL30 TRIDENT Z5 J 패키지,,,64,,
281,RAM,G.SKILL DDR5-6000 CL30 RIPJAWS M5 RGB 화이트 패키지,,,64,,
282,RAM,G.SKILL DDR5-6000 CL30 RIPJAWS S5 J 블랙 패키지,,,64,,
283,RAM,G.SKILL DDR5-6000 CL30 RIPJAWS M5 NEO RGB 화이트 패키지,,,64,,
284,RAM,G.SKILL DDR5-6000 CL30 RIPJAWS S5 J 화이트 패키지,,,64,,
285,RAM,G.SKILL DDR5-6000 CL30 TRIDENT Z5 NEO J 패키지,,,64,,
286,RAM,G.SKILL DDR5-6400 CL32 TRIDENT Z5 RGB J 패키지,,,64,,
287,RAM,G.SKILL DDR5-6000 CL28 RIPJAWS M5 NEO RGB 블랙 패키지,,,64,,
288,RAM,G.SKILL DDR5-6400 CL32 TRIDENT Z5 RGB 화이트 패키지,,,64,,
289,RAM,G.SKILL DDR5-6000 CL28 FLARE X5 J 패키지,,,64,,
290,RAM,G.SKILL DDR5-6000 CL28 FLARE X5 J 화이트 패키지,,,64,,
291,RAM,G.SKILL DDR5-6000 CL30 RIPJAWS M5 NEO RGB 블랙 패키지,,,64,,
292,RAM,G.SKILL DDR5-6000 CL30 TRIDENT Z5 RGB J 실버 패키지,,,64,,
293,RAM,G.SKILL DDR5-6400 CL32 TRIDENT Z5 RGB J 실버 패키지,,,64,,
294,RAM,TeamGroup T-CREATE DDR5-5600 CL46 CLASSIC 패키지 서린,,,64,,
295,RAM,TeamGroup T-CREATE DDR5-6000 CL48 CLASSIC 패키지 서린,,,64,,
296,RAM,TeamGroup T-CREATE DDR5-6400 CL34 EXPERT 화이트 패키지 서린,,,64,,
297,RAM,TeamGroup T-CREATE DDR5-6000 CL34 EXPERT 화이트 패키지 서린,,,64,,
298,RAM,TeamGroup T-Force DDR5-6000 CL38 Delta RGB 패키지 서린,,,64,,
299,RAM,TeamGroup T-CREATE DDR5-6000 CL34 EXPERT 패키지 서린,,,64,,
300,RAM,TeamGroup T-CREATE DDR5-6400 CL34 EXPERT 패키지 서린,,,64,,
301,RAM,TeamGroup T-Force DDR5-5600 CL36 Delta RGB 패키지 서린,,,64,,
302,RAM,TeamGroup T-Force DDR5-5600 CL36 Delta RGB 화이트 패키지 서린,,,64,,
303,RAM,TeamGroup T-Force DDR5-6000 CL38 Delta RGB 화이트 패키지 서린,,,64,,
304,CPU,인텔 코어i5-10세대 10400F (코멧레이크S),OFFICE,,,,N
305,CPU,인텔 코어i7-10세대 10700F (코멧레이크S),GAMING,,,,N
306,CPU,인텔 코어i5-10세대 10400 (코멧레이크S),OFFICE,,,,Y
307,CPU,인텔 코어i5-10세대 10500 (코멧레이크S),OFFICE,,,,Y
308,CPU,인텔 코어i3-10세대 10100F (코멧레이크S),OFFICE,,,,N
309,CPU,인텔 코어i3-10세대 10105F (코멧레이크S 리프레시),OFFICE,,,,N
310,CPU,인텔 코어i9-10세대 10900K (코멧레이크S),STREAMING,,,,Y
311,CPU,인텔 코어i5-10세대 10600K (코멧레이크S),GAMING,,,,Y
312,CPU,인텔 코어i7-10세대 10700 (코멧레이크S),GAMING,,,,Y
313,CPU,인텔 코어i9-10세대 10900 (코멧레이크S),STREAMING,,,,Y
314,CPU,인텔 코어i7-10세대 10700K (코멧레이크S),GAMING,,,,Y
315,CPU,인텔 코어i3-10세대 10100 (코멧레이크S),OFFICE,,,,Y
316,CPU,인텔 코어i3-10세대 10105 (코멧레이크S 리프레시),OFFICE,,,,Y
317,CPU,인텔 코어i7-10세대 10700KF (코멧레이크S),GAMING,,,,N
318,CPU,인텔 코어i9-10세대 10900F (코멧레이크S),STREAMING,,,,N
319,CPU,인텔 코어i5-10세대 10600KF (코멧레이크S),GAMING,,,,N
320,CPU,인텔 코어i9-10세대 10850K (코멧레이크S),STREAMING,,,,Y
321,CPU,인텔 코어i9-10세대 10900KF (코멧레이크S),STREAMING,,,,N
322,CPU,인텔 코어i7-11세대 11700 (로켓레이크S),GAMING,,,,Y
323,CPU,인텔 코어i7-11세대 11700K (로켓레이크S),GAMING,,,,Y
324,CPU,인텔 코어i5-11세대 11400 (로켓레이크S),OFFICE,,,,Y
325,CPU,인텔 코어i5-11세대 11500 (로켓레이크S),OFFICE,,,,Y
326,CPU,인텔 코어i5-11세대 11400F (로켓레이크S),OFFICE,,,,N
327,CPU,인텔 코어i7-11세대 11700F (로켓레이크S),GAMING,,,,N
328,CPU,인텔 코어i5-11세대 11600KF (로켓레이크S),GAMING,,,,N
329,CPU,인텔 코어i9-11세대 11900F (로켓레이크S),STREAMING,,,,N
330,CPU,인텔 코어i9-11세대 11900KF (로켓레이크S),STREAMING,,,,N
331,CPU,인텔 코어i9-11세대 11900 (로켓레이크S),STREAMING,,,,Y
332,CPU,인텔 코어i5-11세대 11600K (로켓레이크S),GAMING,,,,Y
333,CPU,인텔 코어i9-11세대 11900K (로켓레이크S),STREAMING,,,,Y
334,CPU,인텔 코어i7-11세대 11700KF (로켓레이크S),GAMING,,,,N
335,CPU,인텔 코어i5-12세대 12400F (엘더레이크),GAMING,,,,N
336,CPU,인텔 코어i5-12세대 12400 (엘더레이크),GAMING,,,,Y
337,CPU,인텔 코어i7-12세대 12700KF (엘더레이크),STREAMING,,,,N
338,CPU,인텔 코어i7-12세대 12700 (엘더레이크),STREAMING,,,,Y
339,CPU,인텔 코어i3-12세대 12100 (엘더레이크),OFFICE,,,,Y
340,CPU,인텔 코어i7-12세대 12700F (엘더레이크),STREAMING,,,,N
341,CPU,인텔 코어i9-12세대 12900K (엘더레이크),CREATOR,,,,Y
342,CPU,인텔 코어i7-12세대 12700K (엘더레이크),STREAMING,,,,Y
343,CPU,인텔 코어i3-12세대 12100F (엘더레이크),OFFICE,,,,N
344,CPU,인텔 코어i9-12세대 12900 (엘더레이크),CREATOR,,,,Y
345,CPU,인텔 코어i5-12세대 12600KF (엘더레이크),GAMING,,,,N
346,CPU,인텔 코어i9-12세대 12900KF (엘더레이크),CREATOR,,,,N
347,CPU,인텔 코어i5-12세대 12600K (엘더레이크),GAMING,,,,Y
348,CPU,인텔 코어i5-12세대 12500 (엘더레이크),GAMING,,,,Y
349,CPU,인텔 코어i7-12세대 12700T (엘더레이크),STREAMING,,,,Y
350,CPU,인텔 코어i9-12세대 12900KS (엘더레이크),CREATOR,,,,Y
351,CPU,인텔 코어i5-12세대 12600 (엘더레이크),GAMING,,,,Y
352,CPU,인텔 코어i9-12세대 12900F (엘더레이크),CREATOR,,,,N
353,CPU,인텔 코어i5-12세대 12500T (엘더레이크),GAMING,,,,Y
354,CPU,인텔 코어i9-12세대 12900T (엘더레이크),STREAMING,,,,Y
355,CPU,인텔 코어i3-12세대 12100T (엘더레이크),OFFICE,,,,Y
356,CPU,인텔 코어i5-12세대 12400T (엘더레이크),GAMING,,,,Y
357,CPU,인텔 코어i9-13세대 13900K (랩터레이크),CREATOR,,,,Y
358,CPU,인텔 코어i7-13세대 13700F (랩터레이크),STREAMING,,,,N
359,CPU,인텔 코어i5-13세대 13400 (랩터레이크),GAMING,,,,Y
360,CPU,인텔 코어i9-13세대 13900F (랩터레이크),CREATOR,,,,N
361,CPU,인텔 코어i5-13세대 13400F (랩터레이크),GAMING,,,,N
362,CPU,인텔 코어i7-13세대 13700K (랩터레이크),STREAMING,,,,Y
363,CPU,인텔 코어i5-13세대 13500 (랩터레이크),STREAMING,,,,Y
364,CPU,인텔 코어i9-13세대 13900 (랩터레이크),CREATOR,,,,Y
365,CPU,인텔 코어i3-13세대 13100 (랩터레이크),OFFICE,,,,Y
366,CPU,인텔 코어i9-13세대 13900KF (랩터레이크),CREATOR,,,,N
367,CPU,인텔 코어i5-13세대 13600KF (랩터레이크),STREAMING,,,,N
368,CPU,인텔 코어i5-13세대 13600K (랩터레이크),STREAMING,,,,Y
369,CPU,인텔 코어i7-13세대 13700KF (랩터레이크),STREAMING,,,,N
370,CPU,인텔 코어i7-13세대 13700 (랩터레이크),STREAMING,,,,Y
371,CPU,인텔 코어i5-13세대 13600 (랩터레이크),STREAMING,,,,Y
372,CPU,인텔 코어i3-13세대 13100F (랩터레이크),OFFICE,,,,N
373,CPU,인텔 코어i9-13세대 13900KS (랩터레이크),CREATOR,,,,Y
374,CPU,인텔 코어i9-13세대 13900T (랩터레이크),STREAMING,,,,Y
375,CPU,인텔 코어i7-13세대 13700T (랩터레이크),STREAMING,,,,Y
376,CPU,인텔 코어i5-13세대 13500T (랩터레이크),GAMING,,,,Y
377,CPU,인텔 코어i3-13세대 13100T (랩터레이크),OFFICE,,,,Y
378,CPU,인텔 코어i5-14세대 14400F (랩터레이크 리프레시),GAMING,,,,N
379,CPU,인텔 코어i5-14세대 14600KF (랩터레이크 리프레시),STREAMING,,,,N
380,CPU,인텔 코어i5-14세대 14600K (랩터레이크 리프레시),STREAMING,,,,Y
381,CPU,인텔 코어i5-14세대 14400 (랩터레이크 리프레시),GAMING,,,,Y
382,CPU,인텔 코어i3-14세대 14100 (랩터레이크 리프레시),OFFICE,,,,Y
383,CPU,인텔 코어i9-14세대 14900K (랩터레이크 리프레시),CREATOR,,,,Y
384,CPU,인텔 코어i5-14세대 14500 (랩터레이크 리프레시),STREAMING,,,,Y
385,CPU,인텔 코어i7-14세대 14700 (랩터레이크 리프레시),CREATOR,,,,Y
386,CPU,인텔 코어i7-14세대 14700F (랩터레이크 리프레시),CREATOR,,,,N
387,CPU,인텔 코어i7-14세대 14700KF (랩터레이크 리프레시),CREATOR,,,,N
388,CPU,인텔 코어i3-14세대 14100F (랩터레이크 리프레시),OFFICE,,,,N
389,CPU,인텔 코어i9-14세대 14900KF (랩터레이크 리프레시),CREATOR,,,,N
390,CPU,인텔 코어i9-14세대 14900F (랩터레이크 리프레시),CREATOR,,,,N
391,CPU,인텔 코어i9-14세대 14900 (랩터레이크 리프레시),CREATOR,,,,Y
392,CPU,인텔 코어i7-14세대 14700K (랩터레이크 리프레시),CREATOR,,,,Y
393,CPU,인텔 코어i9-14세대 14900KS (랩터레이크 리프레시),CREATOR,,,,Y
394,CPU,인텔 코어i3-14세대 14100T (랩터레이크 리프레시),OFFICE,,,,Y
395,CPU,인텔 코어i5-14세대 14500T (랩터레이크 리프레시),GAMING,,,,Y
396,CPU,인텔 코어i7-14세대 14700T (랩터레이크 리프레시),STREAMING,,,,Y
397,CPU,인텔 코어i9-14세대 14900T (랩터레이크 리프레시),STREAMING,,,,Y
398,CPU,인텔 코어 울트라7 시리즈2 270K Plus (애로우레이크 리프레시),CREATOR,,,,Y
399,CPU,인텔 코어 울트라5 시리즈2 250K Plus (애로우레이크 리프레시),STREAMING,,,,Y
400,CPU,인텔 코어 울트라9 시리즈2 285K (애로우레이크),CREATOR,,,,Y
401,CPU,인텔 코어 울트라5 시리즈2 225 (애로우레이크),GAMING,,,,Y
402,CPU,인텔 코어 울트라7 시리즈2 265KF (애로우레이크),CREATOR,,,,N
403,CPU,인텔 코어 울트라7 시리즈2 265K (애로우레이크),CREATOR,,,,Y
404,CPU,인텔 코어 울트라5 시리즈2 245K (애로우레이크),STREAMING,,,,Y
405,CPU,인텔 코어 울트라5 시리즈2 225F (애로우레이크),GAMING,,,,N
406,CPU,인텔 코어 울트라5 시리즈2 250KF Plus (애로우레이크 리프레시),STREAMING,,,,N
407,CPU,인텔 코어 울트라9 시리즈2 285 (애로우레이크),CREATOR,,,,Y
408,CPU,인텔 코어 울트라5 시리즈2 245KF (애로우레이크),STREAMING,,,,N
409,CPU,인텔 코어 울트라5 시리즈2 235 (애로우레이크),GAMING,,,,Y
410,CPU,인텔 코어 울트라7 시리즈2 265 (애로우레이크),STREAMING,,,,Y
411,CPU,인텔 코어 울트라7 시리즈2 265F (애로우레이크),STREAMING,,,,N
412,CPU,인텔 코어 울트라5 시리즈2 245 (애로우레이크),GAMING,,,,Y
413,CPU,인텔 코어 울트라9 시리즈2 285T (애로우레이크),STREAMING,,,,Y
414,CPU,인텔 코어 울트라5 시리즈2 235T (애로우레이크),GAMING,,,,Y
415,CPU,인텔 코어 울트라7 시리즈2 265T (애로우레이크),STREAMING,,,,Y
416,CPU,인텔 코어 울트라5 시리즈2 225T (애로우레이크),GAMING,,,,Y
417,CPU,AMD 라이젠5-2세대 3400G (피카소),OFFICE,,,,Y
418,CPU,AMD 라이젠5-3세대 3600 (마티스),GAMING,,,,N
419,CPU,AMD 라이젠9-3세대 3900X (마티스),STREAMING,,,,N
420,CPU,AMD 라이젠3-2세대 3200G (피카소),OFFICE,,,,Y
421,CPU,AMD 라이젠3-3세대 3300X (마티스),OFFICE,,,,N
422,CPU,AMD 라이젠5-3세대 3600X (마티스),GAMING,,,,N
423,CPU,AMD 라이젠7-3세대 3700X (마티스),GAMING,,,,N
424,CPU,AMD 라이젠7-3세대 3800X (마티스),GAMING,,,,N
425,CPU,AMD 라이젠9-3세대 3950X (마티스),CREATOR,,,,N
426,CPU,AMD 라이젠3-3세대 3100 (마티스),OFFICE,,,,N
427,CPU,AMD 라이젠5-3세대 3500 (마티스),OFFICE,,,,N
428,CPU,AMD 라이젠9-3세대 3900XT (마티스),STREAMING,,,,N
429,CPU,AMD 라이젠7-3세대 3800XT (마티스),GAMING,,,,N
430,CPU,AMD 라이젠5-3세대 3500X (마티스),OFFICE,,,,N
431,CPU,AMD 라이젠5-3세대 3600XT (마티스),GAMING,,,,N
432,CPU,AMD 라이젠5-3세대 4600G (르누아르),OFFICE,,,,Y
433,CPU,AMD 라이젠3-3세대 4100 (르누아르-X),OFFICE,,,,N
434,CPU,AMD 라이젠5 PRO 4650G (르누아르),OFFICE,,,,Y
435,CPU,AMD 라이젠5-3세대 4500 (르누아르-X),GAMING,,,,N
436,CPU,AMD 라이젠7 PRO 4750G (르누아르),GAMING,,,,Y
437,CPU,AMD 라이젠3 PRO 4350G (르누아르),OFFICE,,,,Y
438,CPU,AMD 라이젠5-4세대 5500GT (세잔),OFFICE,,,,Y
439,CPU,AMD 라이젠5-4세대 5600 (버미어),GAMING,,,,N
440,CPU,AMD 라이젠7-4세대 5700X (버미어),STREAMING,,,,N
441,CPU,AMD 라이젠7-4세대 5800X3D AM4 10주년 기념 에디션 (버미어),STREAMING,,,,N
442,CPU,AMD 라이젠5-4세대 5600GT (세잔),OFFICE,,,,Y
443,CPU,AMD 라이젠3-2세대 3200G (피카소),OFFICE,,,,Y
444,CPU,AMD 라이젠5-4세대 5600G (세잔),OFFICE,,,,Y
445,CPU,AMD 라이젠7-4세대 5800X3D (버미어),STREAMING,,,,N
446,CPU,AMD 라이젠7-4세대 5700G (세잔),GAMING,,,,Y
447,CPU,AMD 라이젠7-4세대 5700X3D (버미어),STREAMING,,,,N
448,CPU,AMD 라이젠5-4세대 5600X (버미어),GAMING,,,,N
449,CPU,AMD 라이젠5-4세대 5500 (세잔),GAMING,,,,N
450,CPU,AMD 라이젠7-4세대 5800X (버미어),STREAMING,,,,N
451,CPU,AMD 라이젠9-4세대 5900X (버미어),CREATOR,,,,N
452,CPU,AMD 라이젠9-4세대 5950X (버미어),CREATOR,,,,N
453,CPU,AMD 라이젠3 PRO 5350GE  (세잔),OFFICE,,,,Y
454,CPU,AMD 라이젠5-4세대 5600XT (버미어),GAMING,,,,N
455,CPU,AMD 라이젠9-4세대 5900XT (버미어),CREATOR,,,,N
456,CPU,AMD 라이젠5-4세대 5600T (버미어),GAMING,,,,N
457,CPU,AMD 라이젠7-4세대 5700 (세잔),GAMING,,,,N
458,CPU,AMD 라이젠3-4세대 5300G (세잔),OFFICE,,,,Y
459,CPU,AMD 라이젠7-5세대 7800X3D (라파엘),STREAMING,,,,Y
460,CPU,AMD 라이젠5-5세대 7500F (라파엘),GAMING,,,,N
461,CPU,AMD 라이젠5-5세대 7500X3D (라파엘),STREAMING,,,,Y
462,CPU,AMD 라이젠7-5세대 7700X3D (라파엘),STREAMING,,,,Y
463,CPU,AMD 라이젠5-5세대 7600 (라파엘),GAMING,,,,Y
464,CPU,AMD 라이젠9-5세대 7900X (라파엘),CREATOR,,,,Y
465,CPU,AMD 라이젠7-5세대 7700 (라파엘),STREAMING,,,,Y
466,CPU,AMD 라이젠9-5세대 7900 (라파엘),CREATOR,,,,Y
467,CPU,AMD 라이젠9-5세대 7950X3D (라파엘),CREATOR,,,,Y
468,CPU,AMD 라이젠7-5세대 7700X (라파엘),STREAMING,,,,Y
469,CPU,AMD 라이젠5-5세대 7400F (라파엘),GAMING,,,,N
470,CPU,AMD 라이젠9-5세대 7950X (라파엘),CREATOR,,,,Y
471,CPU,AMD 라이젠5-5세대 7400 (라파엘),GAMING,,,,Y
472,CPU,AMD 라이젠5-5세대 7600X (라파엘),GAMING,,,,Y
473,CPU,AMD 라이젠9-5세대 7900X3D (라파엘),CREATOR,,,,Y
474,CPU,AMD 라이젠5 PRO 7645 (라파엘),GAMING,,,,Y
475,CPU,AMD 라이젠7 PRO 7745 (라파엘),STREAMING,,,,Y
476,CPU,AMD 라이젠9 PRO 7945 (라파엘),CREATOR,,,,Y
477,CPU,AMD 라이젠5-5세대 8600G (피닉스),GAMING,,,,Y
478,CPU,AMD 라이젠7-5세대 8700G (피닉스),GAMING,,,,Y
479,CPU,AMD 라이젠5-5세대 8500G (피닉스),OFFICE,,,,Y
480,CPU,AMD 라이젠7-5세대 8700F (피닉스),GAMING,,,,N
481,CPU,AMD 라이젠5-5세대 8400F (피닉스),GAMING,,,,
482,CPU,AMD 라이젠5 PRO 8600G (피닉스),GAMING,,,,Y
483,CPU,AMD 라이젠5 PRO 8500G (피닉스),OFFICE,,,,Y
484,CPU,AMD 라이젠7-6세대 9800X3D (그래니트 릿지),STREAMING,,,,Y
485,CPU,AMD 라이젠5-6세대 9600X (그래니트 릿지),GAMING,,,,Y
486,CPU,AMD 라이젠9-6세대 9950X3D (그래니트 릿지),CREATOR,,,,Y
487,CPU,AMD 라이젠7-6세대 9700X (그래니트 릿지),STREAMING,,,,Y
488,CPU,AMD 라이젠7-6세대 9850X3D (그래니트 릿지),STREAMING,,,,Y
489,CPU,AMD 라이젠9-6세대 9950X3D2 (그래니트 릿지),CREATOR,,,,Y
490,CPU,AMD 라이젠5-6세대 9500F (그래니트 릿지),GAMING,,,,N
491,CPU,AMD 라이젠9-6세대 9950X (그래니트 릿지),CREATOR,,,,Y
492,CPU,AMD 라이젠9-6세대 9900X (그래니트 릿지),CREATOR,,,,Y
493,CPU,AMD 라이젠5-6세대 9600 (그래니트 릿지),GAMING,,,,Y
494,CPU,AMD 라이젠9-6세대 9900X3D (그래니트 릿지),CREATOR,,,,Y
1335,SSD,ESSENCORE KLEVV CRAS C910G M.2 NVMe,,,,4096,
1336,SSD,ESSENCORE KLEVV CRAS C910G M.2 NVMe,,,,2048,
1337,SSD,ESSENCORE KLEVV CRAS C910G M.2 NVMe,,,,1024,
1338,SSD,ESSENCORE KLEVV CRAS C910G M.2 NVMe,,,,500,
1339,SSD,삼성전자 990 PRO M.2 NVMe,,,,4096,
1340,SSD,삼성전자 990 PRO M.2 NVMe,,,,2048,
1341,SSD,삼성전자 990 PRO M.2 NVMe,,,,1024,
1342,SSD,타무즈 M740Q M.2 NVMe 벌크,,,,1024,
1343,SSD,타무즈 M740Q M.2 NVMe 벌크,,,,512,
1344,SSD,타무즈 M740Q M.2 NVMe 벌크,,,,256,
1345,SSD,ADATA LEGEND 900 M.2 NVMe 파인인포,,,,2048,
1346,SSD,ADATA LEGEND 900 M.2 NVMe 파인인포,,,,1024,
1347,SSD,ADATA LEGEND 900 M.2 NVMe 파인인포,,,,512,
1348,SSD,키오시아 EXCERIA PLUS G4 M.2 NVMe,,,,2048,
1349,SSD,키오시아 EXCERIA PLUS G4 M.2 NVMe,,,,1024,
1350,SSD,Western Digital WD BLACK SN850X M.2 NVMe,,,,4096,
1351,SSD,Western Digital WD BLACK SN850X M.2 NVMe,,,,2048,
1352,SSD,Western Digital WD BLACK SN850X M.2 NVMe,,,,1024,
1353,SSD,삼성전자 990 EVO Plus M.2 NVMe,,,,4096,
1354,SSD,삼성전자 990 EVO Plus M.2 NVMe,,,,2048,
1355,SSD,삼성전자 990 EVO Plus M.2 NVMe,,,,1024,
1356,SSD,SK하이닉스 Platinum P41 M.2 NVMe,,,,2048,
1357,SSD,SK하이닉스 Platinum P41 M.2 NVMe,,,,1024,
1358,SSD,SK하이닉스 Platinum P41 M.2 NVMe,,,,500,
1359,SSD,삼성전자 PM9A1 M.2 NVMe 벌크,,,,2048,
1360,SSD,삼성전자 PM9A1 M.2 NVMe 벌크,,,,1024,
1361,SSD,삼성전자 PM9A1 M.2 NVMe 벌크,,,,512,
1362,SSD,삼성전자 PM9A1 M.2 NVMe 벌크,,,,256,
1363,SSD,삼성전자 870 EVO,,,,4096,
1364,SSD,삼성전자 870 EVO,,,,2048,
1365,SSD,삼성전자 870 EVO,,,,1024,
1366,SSD,삼성전자 870 EVO,,,,500,
1367,SSD,삼성전자 9100 PRO M.2 NVMe,,,,4096,
1368,SSD,삼성전자 9100 PRO M.2 NVMe,,,,2048,
1369,SSD,삼성전자 9100 PRO M.2 NVMe,,,,1024,
1370,SSD,화웨이 eKitStor Xtreme 201 M.2 NVMe,,,,2048,
1371,SSD,화웨이 eKitStor Xtreme 201 M.2 NVMe,,,,1024,
1372,SSD,SK하이닉스 Gold P31 M.2 NVMe,,,,2048,
1373,SSD,SK하이닉스 Gold P31 M.2 NVMe,,,,1024,
1374,SSD,SK하이닉스 Gold P31 M.2 NVMe,,,,500,
1375,SSD,삼성전자 PM9C1 M.2 NVMe 벌크,,,,1024,
1376,SSD,삼성전자 PM9C1 M.2 NVMe 벌크,,,,512,
1377,SSD,삼성전자 PM9C1 M.2 NVMe 벌크,,,,256,
1378,SSD,Western Digital WD Blue SA510,,,,4096,
1379,SSD,Western Digital WD Blue SA510,,,,2048,
1380,SSD,Western Digital WD Blue SA510,,,,1024,
1381,SSD,Western Digital WD Blue SA510,,,,500,
1382,SSD,Western Digital WD Blue SA510,,,,250,
1383,SSD,Sandisk Optimus GX PRO 8100 M.2 NVMe,,,,4096,
1384,SSD,Sandisk Optimus GX PRO 8100 M.2 NVMe,,,,2048,
1385,SSD,Sandisk Optimus GX PRO 8100 M.2 NVMe,,,,1024,
1386,SSD,Western Digital WD Blue SN5000 M.2 NVMe,,,,4096,
1387,SSD,Western Digital WD Blue SN5000 M.2 NVMe,,,,2048,
1388,SSD,Western Digital WD Blue SN5000 M.2 NVMe,,,,1024,
1389,SSD,Western Digital WD Blue SN5000 M.2 NVMe,,,,500,
1390,SSD,키오시아 EXCERIA PLUS G3 M.2 NVMe,,,,2048,
1391,SSD,키오시아 EXCERIA PLUS G3 M.2 NVMe,,,,1024,
1392,SSD,Seagate 파이어쿠다 X1070 M.2 NVMe,,,,4096,
1393,SSD,Seagate 파이어쿠다 X1070 M.2 NVMe,,,,2048,
1394,SSD,Seagate 파이어쿠다 X1070 M.2 NVMe,,,,1024,
1395,SSD,Sandisk Optimus 5100 M.2 NVMe,,,,4096,
1396,SSD,Sandisk Optimus 5100 M.2 NVMe,,,,2048,
1397,SSD,Sandisk Optimus 5100 M.2 NVMe,,,,1024,
1398,SSD,Sandisk Optimus 5100 M.2 NVMe,,,,500,
1399,SSD,마이크로닉스 WARP B2,,,,256,
1400,SSD,마이크로닉스 WARP B2,,,,512,
1401,SSD,ESSENCORE KLEVV CRAS C715 M.2 NVMe,,,,1024,
1402,SSD,ESSENCORE KLEVV CRAS C715 M.2 NVMe,,,,512,
1403,SSD,ESSENCORE KLEVV CRAS C715 M.2 NVMe,,,,256,
1404,SSD,Western Digital WD BLACK SN850X 히트싱크 M.2 NVMe,,,,4096,
1405,SSD,Western Digital WD BLACK SN850X 히트싱크 M.2 NVMe,,,,2048,
1406,SSD,Western Digital WD BLACK SN850X 히트싱크 M.2 NVMe,,,,1024,
1407,SSD,키오시아 EXCERIA,,,,480,
1408,SSD,키오시아 EXCERIA,,,,240,
1409,SSD,TeamGroup MP44L M.2 NVMe 서린,,,,1024,
1410,SSD,TeamGroup MP44L M.2 NVMe 서린,,,,500,
1411,SSD,파이슨 ESO256GHLCJ-EL1 M.2 NVMe 벌크,,,,256,
1412,SSD,SK하이닉스 PC801 M.2 NVMe 벌크,,,,1024,
1413,SSD,SK하이닉스 PC801 M.2 NVMe 벌크,,,,512,
1414,SSD,SK하이닉스 PC801 M.2 NVMe 벌크,,,,256,
1415,SSD,ESSENCORE KLEVV CRAS C925G M.2 NVMe,,,,1024,
1416,SSD,ESSENCORE KLEVV CRAS C925G M.2 NVMe,,,,2048,
1417,SSD,삼성전자 990 PRO 히트싱크 M.2 NVMe,,,,4096,
1418,SSD,삼성전자 990 PRO 히트싱크 M.2 NVMe,,,,2048,
1419,SSD,삼성전자 990 PRO 히트싱크 M.2 NVMe,,,,1024,
1420,SSD,삼성전자 980 M.2 NVMe,,,,1024,
1421,SSD,삼성전자 980 M.2 NVMe,,,,500,
1422,SSD,삼성전자 980 M.2 NVMe,,,,250,
1423,SSD,PATRIOT P300 M.2 NVMe,,,,2048,
1424,SSD,PATRIOT P300 M.2 NVMe,,,,1024,
1425,SSD,PATRIOT P300 M.2 NVMe,,,,512,
1426,SSD,PATRIOT P300 M.2 NVMe,,,,256,
1427,SSD,ADATA Ultimate SU650 파인인포,,,,2048,
1428,SSD,ADATA Ultimate SU650 파인인포,,,,1024,
1429,SSD,ADATA Ultimate SU650 파인인포,,,,512,
1430,SSD,ADATA Ultimate SU650 파인인포,,,,256,
1431,SSD,Western Digital WD BLACK SN8100 M.2 NVMe,,,,4096,
1432,SSD,Western Digital WD BLACK SN8100 M.2 NVMe,,,,2048,
1433,SSD,Western Digital WD BLACK SN8100 M.2 NVMe,,,,1024,
1434,SSD,삼성전자 990 M.2 NVMe,,,,2048,
1435,SSD,삼성전자 990 M.2 NVMe,,,,1024,
1436,SSD,Seagate 파이어쿠다 530R M.2 NVMe,,,,4096,
1437,SSD,Seagate 파이어쿠다 530R M.2 NVMe,,,,2048,
1438,SSD,BIWIN M560 M.2 NVMe,,,,2048,
1439,SSD,BIWIN M560 M.2 NVMe,,,,1024,
1440,SSD,삼성전자 990 PRO M.2 NVMe 병행수입,,,,4096,
1441,SSD,삼성전자 990 PRO M.2 NVMe 병행수입,,,,2048,
1442,SSD,삼성전자 990 PRO M.2 NVMe 병행수입,,,,1024,
1443,SSD,Apacer AS2280P4X M.2 NVMe,,,,1024,
1444,SSD,Apacer AS2280P4X M.2 NVMe,,,,512,
1445,SSD,삼성전자 9100 PRO 히트싱크 M.2 NVMe,,,,4096,
1446,SSD,삼성전자 9100 PRO 히트싱크 M.2 NVMe,,,,2048,
1447,SSD,삼성전자 9100 PRO 히트싱크 M.2 NVMe,,,,1024,
1448,SSD,Seagate Game Drive for PS5 M.2 NVMe,,,,2048,
1449,SSD,Seagate Game Drive for PS5 M.2 NVMe,,,,1024,
1450,SSD,Western Digital WD BLACK SN7100 M.2 NVMe,,,,4096,
1451,SSD,Western Digital WD BLACK SN7100 M.2 NVMe,,,,2048,
1452,SSD,Western Digital WD BLACK SN7100 M.2 NVMe,,,,1024,
1453,SSD,Western Digital WD BLACK SN7100 M.2 NVMe,,,,500,
1454,SSD,BIWIN Black Opal X570 PRO M.2 NVMe,,,,4096,
1455,SSD,BIWIN Black Opal X570 PRO M.2 NVMe,,,,2048,
1456,SSD,BIWIN Black Opal X570 PRO M.2 NVMe,,,,1024,
1457,SSD,트랜센드 MTE310S M.2 2230 NVMe,,,,2048,
1458,SSD,트랜센드 MTE310S M.2 2230 NVMe,,,,1024,
1459,SSD,트랜센드 MTE310S M.2 2230 NVMe,,,,512,
1460,SSD,PNY CS900 제이씨현,,,,1024,
1461,SSD,PNY CS900 제이씨현,,,,500,
1462,SSD,PNY CS900 제이씨현,,,,250,
1463,SSD,PNY CS1031 Gen3 M.2 NVMe 제이씨현,,,,1024,
1464,SSD,PNY CS1031 Gen3 M.2 NVMe 제이씨현,,,,500,
1465,SSD,PNY CS1031 Gen3 M.2 NVMe 제이씨현,,,,512,
1466,SSD,PNY CS1031 Gen3 M.2 NVMe 제이씨현,,,,256,
1467,SSD,키오시아 EXCERIA 히트싱크 M.2 NVMe,,,,4096,
1468,SSD,키오시아 EXCERIA 히트싱크 M.2 NVMe,,,,2048,
1469,SSD,키오시아 EXCERIA 히트싱크 M.2 NVMe,,,,1024,
1470,SSD,트랜센드 MTS820S M.2 SATA,,,,480,
1471,SSD,트랜센드 MTS820S M.2 SATA,,,,240,
1472,SSD,Western Digital WD Blue SN5100 M.2 NVMe,,,,4096,
1473,SSD,Western Digital WD Blue SN5100 M.2 NVMe,,,,2048,
1474,SSD,Western Digital WD Blue SN5100 M.2 NVMe,,,,1024,
1475,SSD,Western Digital WD Blue SN5100 M.2 NVMe,,,,500,
1476,SSD,SK하이닉스 Platinum P51 M.2 NVMe,,,,2048,
1477,SSD,SK하이닉스 Platinum P51 M.2 NVMe,,,,1024,
1478,SSD,마이크론 Crucial P310 M.2 NVMe 대원씨티에스,,,,1024,
1479,SSD,마이크론 Crucial P310 M.2 NVMe 대원씨티에스,,,,500,
1480,SSD,COLORFUL CN600 M.2 NVMe 디앤디컴,,,,512,
1481,SSD,COLORFUL CN600 M.2 NVMe 디앤디컴,,,,256,
1482,SSD,한창코퍼레이션 WIN SSD,,,,1024,
1483,SSD,한창코퍼레이션 WIN SSD,,,,512,
1484,SSD,한창코퍼레이션 WIN SSD,,,,256,
1485,SSD,한창코퍼레이션 WIN SSD,,,,240,
1486,SSD,삼성전자 870 EVO 병행수입,,,,4096,
1487,SSD,삼성전자 870 EVO 병행수입,,,,2048,
1488,SSD,삼성전자 870 EVO 병행수입,,,,1024,
1489,SSD,삼성전자 870 EVO 병행수입,,,,500,
1490,SSD,삼성전자 PM9B1 M.2 2242 NVMe 벌크,,,,512,
1491,SSD,삼성전자 PM9B1 M.2 2242 NVMe 벌크,,,,256,
1492,SSD,마이크론 Crucial BX500 대원씨티에스,,,,1024,
1493,SSD,마이크론 Crucial BX500 대원씨티에스,,,,240,
1494,SSD,삼성전자 PM9B1 M.2 NVMe 벌크,,,,1024,
1495,SSD,삼성전자 PM9B1 M.2 NVMe 벌크,,,,512,
1496,SSD,삼성전자 PM9B1 M.2 NVMe 벌크,,,,256,
1497,SSD,Western Digital WD BLACK SN850X M.2 NVMe 해외구매,,,,4096,
1498,SSD,Western Digital WD BLACK SN850X M.2 NVMe 해외구매,,,,2048,
1499,SSD,Western Digital WD BLACK SN850X M.2 NVMe 해외구매,,,,1024,
1500,SSD,MSI SPATIUM M450 V1 M.2 NVMe,,,,1024,
1501,SSD,MSI SPATIUM M450 V1 M.2 NVMe,,,,500,
1502,SSD,키오시아 XG7 M.2 NVMe 벌크,,,,4096,
1503,SSD,키오시아 XG7 M.2 NVMe 벌크,,,,1024,
1504,SSD,SK하이닉스 Platinum P41 M.2 NVMe 해외구매,,,,2048,
1505,SSD,SK하이닉스 Platinum P41 M.2 NVMe 해외구매,,,,1024,
1506,SSD,SK하이닉스 Platinum P41 M.2 NVMe 해외구매,,,,500,
1507,SSD,키오시아 EXCERIA BASIC M.2 NVMe,,,,2048,
1508,SSD,키오시아 EXCERIA BASIC M.2 NVMe,,,,1024,
1509,SSD,키오시아 EXCERIA PRO G2 M.2 NVMe,,,,4096,
1510,SSD,키오시아 EXCERIA PRO G2 M.2 NVMe,,,,2048,
1511,SSD,키오시아 EXCERIA PRO G2 M.2 NVMe,,,,1024,
1512,SSD,COLORFUL CN600 PRO M.2 NVMe 디앤디컴,,,,1024,
1513,SSD,COLORFUL CN600 PRO M.2 NVMe 디앤디컴,,,,512,
1514,SSD,COLORFUL CN600 PRO M.2 NVMe 디앤디컴,,,,256,
1515,SSD,COLORFUL CN700 PRO M.2 NVMe 디앤디컴,,,,1024,
1516,SSD,BIWIN NV7200 M.2 NVMe,,,,2048,
1517,SSD,BIWIN NV7200 M.2 NVMe,,,,1024,
1518,SSD,키오시아 EXCERIA G3 M.2 NVMe,,,,4096,
1519,SSD,키오시아 EXCERIA G3 M.2 NVMe,,,,2048,
1520,SSD,키오시아 EXCERIA G3 M.2 NVMe,,,,1024,
1521,SSD,트랜센드 MTE245S M.2 NVMe,,,,4096,
1522,SSD,트랜센드 MTE245S M.2 NVMe,,,,2048,
1523,SSD,트랜센드 MTE245S M.2 NVMe,,,,1024,
1524,SSD,트랜센드 MTE245S M.2 NVMe,,,,500,
1525,SSD,트랜센드 MTE245S M.2 NVMe,,,,250,
1526,SSD,MSI SPATIUM M452 M.2 NVMe,,,,500,
1527,SSD,GIGABYTE Gen4 4000E M.2 NVMe 제이씨현,,,,1024,
1528,SSD,GIGABYTE Gen4 4000E M.2 NVMe 제이씨현,,,,500,
1529,SSD,GIGABYTE Gen3 V2 M.2 NVMe 제이씨현,,,,256,
1530,SSD,ADATA LEGEND 710 M.2 NVMe 파인인포,,,,1024,
1531,SSD,ADATA LEGEND 710 M.2 NVMe 파인인포,,,,512,
1532,SSD,ADATA LEGEND 710 M.2 NVMe 파인인포,,,,256,
1533,SSD,Apacer AS2280F4L M.2 NVMe,,,,1024,
1534,SSD,ADATA XPG GAMMIX S70 BLADE M.2 NVMe 파인인포,,,,2048,
1535,SSD,ADATA XPG GAMMIX S70 BLADE M.2 NVMe 파인인포,,,,1024,
1536,SSD,ADATA XPG GAMMIX S70 BLADE M.2 NVMe 파인인포,,,,512,
1537,SSD,ESSENCORE KLEVV CRAS C910 M.2 NVMe,,,,4096,
1538,SSD,ESSENCORE KLEVV CRAS C910 M.2 NVMe,,,,2048,
1539,SSD,ESSENCORE KLEVV CRAS C910 M.2 NVMe,,,,1024,
1540,SSD,ESSENCORE KLEVV CRAS C910 M.2 NVMe,,,,500,
1541,SSD,Sandisk Optimus GX PRO 850X M.2 NVMe,,,,4096,
1542,SSD,Sandisk Optimus GX PRO 850X M.2 NVMe,,,,2048,
1543,SSD,Sandisk Optimus GX PRO 850X M.2 NVMe,,,,1024,
1544,SSD,ADATA Ultimate SU650,,,,2048,
1545,SSD,ADATA Ultimate SU650,,,,1024,
1546,SSD,ADATA Ultimate SU650,,,,512,
1547,SSD,ADATA Ultimate SU650,,,,256,
1548,SSD,GIGABYTE SSD 제이씨현,,,,1024,
1549,SSD,GIGABYTE SSD 제이씨현,,,,480,
1550,SSD,GIGABYTE SSD 제이씨현,,,,240,
1551,SSD,킹스톤 NV3 M.2 NVMe,,,,4096,
1552,SSD,킹스톤 NV3 M.2 NVMe,,,,2048,
1553,SSD,킹스톤 NV3 M.2 NVMe,,,,1024,
1554,SSD,킹스톤 NV3 M.2 NVMe,,,,500,
1555,SSD,Western Digital WD GREEN SSD,,,,2048,
1556,SSD,Western Digital WD GREEN SSD,,,,1024,
1557,SSD,Western Digital WD GREEN SSD,,,,500,
1558,SSD,Western Digital WD GREEN SSD,,,,480,
1559,SSD,Western Digital WD GREEN SSD,,,,250,
1560,SSD,Western Digital WD GREEN SSD,,,,240,
1561,SSD,MSI SPATIUM M480 PRO M.2 NVMe,,,,2048,
1562,SSD,MSI SPATIUM M480 PRO M.2 NVMe,,,,1024,
1563,SSD,ESSENCORE KLEVV NEO N410+,,,,512,
1564,SSD,ESSENCORE KLEVV NEO N410+,,,,256,
1565,SSD,ESSENCORE KLEVV CRAS C930 M.2 NVMe,,,,2048,
1566,SSD,ESSENCORE KLEVV CRAS C930 M.2 NVMe,,,,1024,
1567,SSD,Apacer AS2280Q4X M.2 NVMe,,,,2048,
1568,SSD,Apacer AS2280Q4X M.2 NVMe,,,,1024,
1569,SSD,Apacer AS2280Q4X M.2 NVMe,,,,512,
1570,SSD,PATRIOT P400 Lite M.2 NVMe,,,,2048,
1571,SSD,PATRIOT P400 Lite M.2 NVMe,,,,1024,
1572,SSD,PATRIOT P400 Lite M.2 NVMe,,,,500,
1573,SSD,ADATA XPG MARS 980 BLADE M.2 NVMe,,,,2048,
1574,SSD,ADATA XPG MARS 980 BLADE M.2 NVMe,,,,1024,
1575,SSD,TeamGroup GX2,,,,1024,
1576,SSD,TeamGroup GX2,,,,512,
1577,SSD,TeamGroup GX2,,,,256,
1578,SSD,타무즈 RXK550 벌크,,,,2048,
1579,SSD,타무즈 RXK550 벌크,,,,1024,
1580,SSD,타무즈 RXK550 벌크,,,,512,
1581,SSD,타무즈 RXK550 벌크,,,,256,
1582,SSD,BIWIN M100,,,,2048,
1583,SSD,BIWIN M100,,,,1024,
1584,SSD,BIWIN M100,,,,512,
1585,SSD,BIWIN M100,,,,256,
1586,SSD,Seagate 파이어쿠다 530R 히트싱크 M.2 NVMe,,,,2048,
1587,SSD,Seagate 파이어쿠다 530R 히트싱크 M.2 NVMe,,,,4096,
1588,SSD,BIWIN NV7200 M.2 NVMe 해외구매,,,,1024,
1589,SSD,Sandisk Optimus GX 7100 M.2 NVMe,,,,4096,
1590,SSD,Sandisk Optimus GX 7100 M.2 NVMe,,,,2048,
1591,SSD,Sandisk Optimus GX 7100 M.2 NVMe,,,,1024,
1592,SSD,Sandisk Optimus GX 7100 M.2 NVMe,,,,500,
1593,SSD,ADATA XPG SX8200 Pro M.2 NVMe 파인인포,,,,512,
1594,SSD,BIWIN M350 M.2 NVMe,,,,2048,
1595,SSD,BIWIN M350 M.2 NVMe,,,,1024,
1596,SSD,킹스톤 KC3000 M.2 NVMe,,,,2048,
1597,SSD,킹스톤 KC3000 M.2 NVMe,,,,4096,
1598,SSD,킹스톤 KC3000 M.2 NVMe,,,,1024,
1599,SSD,킹스톤 KC3000 M.2 NVMe,,,,512,
1600,SSD,ADATA LEGEND 860 M.2 NVMe,,,,1024,
1601,SSD,ADATA LEGEND 860 M.2 NVMe,,,,2048,
1602,SSD,ADATA LEGEND 860 M.2 NVMe,,,,500,
1603,SSD,BIWIN Black Opal X570 M.2 NVMe,,,,4096,
1604,SSD,BIWIN Black Opal X570 M.2 NVMe,,,,2048,
1605,SSD,BIWIN Black Opal X570 M.2 NVMe,,,,1024,
1606,SSD,COLORFUL SL500 디앤디컴,,,,512,
1607,SSD,COLORFUL SL500 디앤디컴,,,,256,
1608,SSD,ESSENCORE KLEVV CRAS C730 M.2 NVMe,,,,2048,
1609,SSD,PNY CS2241 M.2 NVMe 제이씨현,,,,1024,
1610,SSD,PNY CS2241 M.2 NVMe 제이씨현,,,,500,
1611,SSD,GIGABYTE AORUS Gen4 7000E M.2 NVMe 제이씨현,,,,1024,
1612,SSD,STCOM STORM SSD,,,,480,
1613,SSD,Apacer AST280X M.2 SATA,,,,512,
1614,SSD,Apacer AS350X,,,,1024,
1615,SSD,Apacer AS350X,,,,512,
1616,SSD,Apacer AS350X,,,,256,
1617,SSD,Sandisk Optimus GX PRO 8100 히트싱크 M.2 NVMe,,,,4096,
1618,SSD,Sandisk Optimus GX PRO 8100 히트싱크 M.2 NVMe,,,,2048,
1619,SSD,Sandisk Optimus GX PRO 8100 히트싱크 M.2 NVMe,,,,1024,
1620,SSD,AGI AI298 M.2 NVMe 서린,,,,1024,
1621,SSD,AGI AI298 M.2 NVMe 서린,,,,512,
1622,SSD,트랜센드 MTE220S M.2 NVMe,,,,2048,
1623,SSD,트랜센드 MTE220S M.2 NVMe,,,,1024,
1624,SSD,트랜센드 MTE220S M.2 NVMe,,,,512,
1625,SSD,트랜센드 MTE220S M.2 NVMe,,,,256,
1626,SSD,PATRIOT P410 M.2 NVMe,,,,2048,
1627,SSD,PATRIOT P410 M.2 NVMe,,,,1024,
1628,SSD,PATRIOT P410 M.2 NVMe,,,,500,
1629,SSD,ADATA XPG MARS 970 Plus M.2 NVMe,,,,2048,
1630,SSD,ADATA XPG MARS 970 Plus M.2 NVMe,,,,1024,
1631,SSD,트랜센드 SSD230S,,,,2048,
1632,SSD,트랜센드 SSD230S,,,,4096,
1633,SSD,트랜센드 SSD230S,,,,1024,
1634,SSD,트랜센드 SSD230S,,,,512,
1635,SSD,트랜센드 SSD230S,,,,256,
1636,SSD,GIGABYTE Gen4 4000E M.2 NVMe 피씨디렉트,,,,1024,
1637,SSD,GIGABYTE Gen4 4000E M.2 NVMe 피씨디렉트,,,,500,
1638,SSD,ADATA LEGEND 710 M.2 NVMe,,,,1024,
1639,SSD,ADATA LEGEND 710 M.2 NVMe,,,,512,
1640,SSD,ADATA LEGEND 710 M.2 NVMe,,,,256,
1641,SSD,TeamGroup MS30 M.2 SATA,,,,512,
1642,SSD,TeamGroup MS30 M.2 SATA,,,,256,
1643,SSD,MSI SPATIUM M560 M.2 NVMe,,,,1024,
1644,SSD,화웨이 eKitStor Xtreme 200E M.2 NVMe,,,,1024,
1645,SSD,트랜센드 MTS830S M.2 SATA,,,,1024,
1646,SSD,트랜센드 MTS830S M.2 SATA,,,,512,
1647,SSD,트랜센드 MTS830S M.2 SATA,,,,256,
1648,SSD,트랜센드 SSD225S,,,,2048,
1649,SSD,트랜센드 SSD225S,,,,1024,
1650,SSD,트랜센드 SSD225S,,,,500,
1651,SSD,트랜센드 SSD225S,,,,250,
1652,SSD,킹스톤 FURY Renegade G5 M.2 NVMe,,,,4096,
1653,SSD,킹스톤 FURY Renegade G5 M.2 NVMe,,,,2048,
1654,SSD,킹스톤 FURY Renegade G5 M.2 NVMe,,,,1024,
1655,SSD,AGI AI858 M.2 NVMe,,,,1024,
1656,SSD,타무즈 GKM330 M.2 SATA,,,,512,
1657,SSD,타무즈 GKM330 M.2 SATA,,,,256,
1658,SSD,트랜센드 MTE110S M.2 NVMe,,,,2048,
1659,SSD,트랜센드 MTE110S M.2 NVMe,,,,1024,
1660,SSD,트랜센드 MTE110S M.2 NVMe,,,,512,
1661,SSD,트랜센드 MTE110S M.2 NVMe,,,,256,
1662,SSD,트랜센드 SSD220S,,,,480,
1663,SSD,트랜센드 SSD220S,,,,240,
1664,SSD,Western Digital WD Green SN350 M.2 NVMe,,,,2048,
1665,SSD,Western Digital WD Green SN350 M.2 NVMe,,,,1024,
1666,SSD,Western Digital WD Green SN350 M.2 NVMe,,,,500,
1667,SSD,Western Digital WD Green SN350 M.2 NVMe,,,,250,
1668,SSD,트랜센드 MTS420S M.2 2242 SATA,,,,480,
1669,SSD,트랜센드 MTS420S M.2 2242 SATA,,,,240,
1670,SSD,GIGABYTE Gen3 M.2 NVMe 제이씨현,,,,512,
1671,SSD,PATRIOT P220 QLC,,,,2048,
1672,SSD,PATRIOT P220 QLC,,,,1024,
1673,SSD,PATRIOT P220 QLC,,,,512,
1674,SSD,PATRIOT P220 QLC,,,,256,
1675,SSD,TeamGroup MP33 M.2 NVMe 서린,,,,1024,
1676,SSD,TeamGroup MP33 M.2 NVMe 서린,,,,512,
1677,SSD,Western Digital WD Blue SA510 M.2 SATA,,,,2048,
1678,SSD,Western Digital WD Blue SA510 M.2 SATA,,,,1024,
1679,SSD,Western Digital WD Blue SA510 M.2 SATA,,,,500,
1680,SSD,Western Digital WD Blue SA510 M.2 SATA,,,,250,
1681,SSD,타무즈 GK300,,,,256,
1682,SSD,GIGABYTE Gen3 2500E M.2 NVMe 피씨디렉트,,,,500,
1683,SSD,Sandisk Optimus GX PRO 850X 히트싱크 M.2 NVMe,,,,4096,
1684,SSD,Sandisk Optimus GX PRO 850X 히트싱크 M.2 NVMe,,,,2048,
1685,SSD,Sandisk Optimus GX PRO 850X 히트싱크 M.2 NVMe,,,,1024,
1686,SSD,트랜센드 MTE250H M.2 NVMe,,,,2048,
1687,SSD,트랜센드 MTE250H M.2 NVMe,,,,1024,
1688,SSD,ADATA LEGEND 960 M.2 NVMe,,,,2048,
1689,SSD,ADATA LEGEND 960 M.2 NVMe,,,,1024,
1690,SSD,트랜센드 MTE410S M.2 2242 NVMe,,,,2048,
1691,SSD,트랜센드 MTE410S M.2 2242 NVMe,,,,1024,
1692,SSD,트랜센드 MTE410S M.2 2242 NVMe,,,,512,
1693,SSD,AGI AI238,,,,1024,
1694,SSD,AGI AI238,,,,512,
1695,SSD,AGI AI238,,,,256,
1696,SSD,GIGABYTE AORUS Gen4 7300 V2 M.2 NVMe 제이씨현,,,,1024,
1697,SSD,트랜센드 MTE110Q M.2 NVMe,,,,1024,
1698,SSD,트랜센드 MTE110Q M.2 NVMe,,,,500,
1699,SSD,Seagate 파이어쿠다 530 M.2 NVMe,,,,2048,
1700,SSD,BIOSTAR M760 M.2 NVMe,,,,256,
1701,SSD,타무즈 M820 M.2 NVMe,,,,1024,
1702,SSD,타무즈 M820 M.2 NVMe,,,,512,
1703,SSD,트랜센드 MTE400S M.2 2242 NVMe,,,,2048,
1704,SSD,트랜센드 MTE400S M.2 2242 NVMe,,,,1024,
1705,SSD,트랜센드 MTE400S M.2 2242 NVMe,,,,512,
1706,SSD,트랜센드 MTE400S M.2 2242 NVMe,,,,256,
1707,SSD,트랜센드 MTE250S M.2 NVMe,,,,4096,
1708,SSD,트랜센드 MTE250S M.2 NVMe,,,,2048,
1709,SSD,트랜센드 MTE250S M.2 NVMe,,,,1024,
1710,SSD,트랜센드 MTE240S M.2 NVMe,,,,2048,
1711,SSD,트랜센드 MTE240S M.2 NVMe,,,,1024,
1712,SSD,트랜센드 MTE240S M.2 NVMe,,,,500,
1713,SSD,Western Digital WD BLACK SN850 M.2 NVMe,,,,1024,
1984,GPU,GIGABYTE 지포스 RTX 3050 WINDFORCE OC V2 D6 6GB 피씨디렉트,보급,6,,,
1985,GPU,GIGABYTE 지포스 RTX 3050 WINDFORCE OC V2 D6 6GB 제이씨현,보급,6,,,
1986,GPU,GIGABYTE 지포스 RTX 3050 WINDFORCE OC D6 6GB 피씨디렉트,보급,6,,,
1987,GPU,GIGABYTE 지포스 RTX 3060 WINDFORCE OC D6 12GB 피씨디렉트,중급,12,,,
1988,GPU,GIGABYTE 지포스 RTX 3060 WINDFORCE OC D6 12GB 제이씨현,중급,12,,,
1989,GPU,GIGABYTE 지포스 RTX 3060 GAMING OC V2 D6 8GB 피씨디렉트,중급,8,,,
1990,GPU,GIGABYTE 지포스 RTX 3070 GAMING OC V2 D6 8GB 피씨디렉트,고급,8,,,
1991,GPU,GIGABYTE 지포스 RTX 4060 Ti WINDFORCE OC D6 8GB 제이씨현,중급,8,,,
1992,GPU,GIGABYTE 지포스 RTX 4060 Ti WINDFORCE OC D6 8GB 피씨디렉트,중급,8,,,
1993,GPU,GIGABYTE 지포스 RTX 4070 SUPER GAMING OC D6X 12GB 제이씨현,고급,12,,,
1994,GPU,GIGABYTE 지포스 RTX 4070 SUPER GAMING OC D6X 12GB 피씨디렉트,고급,12,,,
1995,GPU,GIGABYTE 지포스 RTX 5050 WINDFORCE OC D6 8GB 제이씨현,보급,8,,,
1996,GPU,GIGABYTE 지포스 RTX 5050 WINDFORCE OC D6 8GB 피씨디렉트,보급,8,,,
1997,GPU,GIGABYTE 지포스 RTX 5050 GAMING OC D6 8GB 피씨디렉트,보급,8,,,
1998,GPU,GIGABYTE 지포스 RTX 5050 UD2 OC D6 8GB Nano LP 피씨디렉트,보급,8,,,
1999,GPU,GIGABYTE 지포스 RTX 5050 GAMING OC D6 8GB 제이씨현,보급,8,,,
2000,GPU,GIGABYTE 지포스 RTX 5060 GAMING OC D7 8GB 피씨디렉트,중급,8,,,
2001,GPU,GIGABYTE 지포스 RTX 5060 WINDFORCE MAX OC D7 8GB 피씨디렉트,중급,8,,,
2002,GPU,GIGABYTE 지포스 RTX 5060 WINDFORCE MAX OC D7 8GB 제이씨현,중급,8,,,
2003,GPU,GIGABYTE 지포스 RTX 5060 WINDFORCE MAX OC V2 D7 8GB 제이씨현,중급,8,,,
2004,GPU,GIGABYTE 지포스 RTX 5060 AERO OC D7 8GB 피씨디렉트,중급,8,,,
2005,GPU,GIGABYTE 지포스 RTX 5060 EAGLE MAX OC D7 8GB 피씨디렉트,중급,8,,,
2006,GPU,GIGABYTE 지포스 RTX 5060 EAGLE MAX OC D7 8GB 제이씨현,중급,8,,,
2007,GPU,GIGABYTE AORUS 지포스 RTX 5060 ARI D7 8GB 제이씨현,중급,8,,,
2008,GPU,GIGABYTE 지포스 RTX 5060 UD2 OC D7 8GB Nano LP 피씨디렉트,중급,8,,,
2009,GPU,GIGABYTE 지포스 RTX 5060 EAGLE OC ICE D7 8GB 피씨디렉트,중급,8,,,
2010,GPU,GIGABYTE 지포스 RTX 5060 GAMING OC D7 8GB 제이씨현,중급,8,,,
2011,GPU,GIGABYTE 지포스 RTX 5060 EAGLE OC D7 8GB 제이씨현,중급,8,,,
2012,GPU,GIGABYTE 지포스 RTX 5060 EAGLE OC ICE D7 8GB 제이씨현,중급,8,,,
2013,GPU,GIGABYTE 지포스 RTX 5060 WINDFORCE OC D7 8GB 제이씨현,중급,8,,,
2014,GPU,GIGABYTE 지포스 RTX 5060 AERO OC D7 8GB 제이씨현,중급,8,,,
2015,GPU,GIGABYTE 지포스 RTX 5060 EAGLE OC D7 8GB 피씨디렉트,중급,8,,,
2016,GPU,GIGABYTE AORUS 지포스 RTX 5060 ARI D7 8GB 피씨디렉트,중급,8,,,
2017,GPU,GIGABYTE 지포스 RTX 5060 GAMING OC V2 D7 8GB 피씨디렉트,중급,8,,,
2018,GPU,GIGABYTE 지포스 RTX 5060 WINDFORCE MAX OC V2 D7 8GB 피씨디렉트,중급,8,,,
2019,GPU,GIGABYTE 지포스 RTX 5060 GAMING OC V2 D7 8GB 제이씨현,중급,8,,,
2020,GPU,GIGABYTE 지포스 RTX 5060 UD2 OC D7 8GB Nano LP 제이씨현,중급,8,,,
2021,GPU,GIGABYTE AORUS 지포스 RTX 5060 ELITE D7 8GB 피씨디렉트,중급,8,,,
2022,GPU,GIGABYTE 지포스 RTX 5060 WINDFORCE OC D7 8GB 피씨디렉트,중급,8,,,
2023,GPU,GIGABYTE 지포스 RTX 5060 WINDFORCE D7 8GB 피씨디렉트,중급,8,,,
2024,GPU,GIGABYTE 지포스 RTX 5060 WINDFORCE D7 8GB 제이씨현,중급,8,,,
2025,GPU,GIGABYTE 지포스 RTX 5060 Ti WINDFORCE MAX OC D7 16GB 피씨디렉트,중급,16,,,
2026,GPU,GIGABYTE 지포스 RTX 5060 Ti WINDFORCE MAX OC D7 8GB 제이씨현,중급,8,,,
2027,GPU,GIGABYTE 지포스 RTX 5060 Ti AERO OC D7 8GB 피씨디렉트,중급,8,,,
2028,GPU,GIGABYTE 지포스 RTX 5060 Ti WINDFORCE MAX OC D7 8GB 피씨디렉트,중급,8,,,
2029,GPU,GIGABYTE 지포스 RTX 5060 Ti WINDFORCE OC D7 16GB 피씨디렉트,중급,16,,,
2030,GPU,GIGABYTE 지포스 RTX 5060 Ti GAMING OC D7 8GB 피씨디렉트,중급,8,,,
2031,GPU,GIGABYTE 지포스 RTX 5060 Ti AERO OC D7 8GB 제이씨현,중급,8,,,
2032,GPU,GIGABYTE 지포스 RTX 5060 Ti GAMING OC D7 8GB 제이씨현,중급,8,,,
2033,GPU,GIGABYTE 지포스 RTX 5060 Ti WINDFORCE OC D7 8GB 피씨디렉트,중급,8,,,
2034,GPU,GIGABYTE 지포스 RTX 5060 Ti EAGLE OC ICE D7 8GB 피씨디렉트,중급,8,,,
2035,GPU,GIGABYTE 지포스 RTX 5060 Ti EAGLE OC D7 8GB 제이씨현,중급,8,,,
2036,GPU,GIGABYTE 지포스 RTX 5060 Ti EAGLE MAX OC D7 8GB 피씨디렉트,중급,8,,,
2037,GPU,GIGABYTE 지포스 RTX 5060 Ti EAGLE MAX OC D7 16GB 피씨디렉트,중급,16,,,
2038,GPU,GIGABYTE 지포스 RTX 5060 Ti WINDFORCE OC D7 8GB 제이씨현,중급,8,,,
2039,GPU,GIGABYTE 지포스 RTX 5060 Ti EAGLE OC D7 8GB 피씨디렉트,중급,8,,,
2040,GPU,GIGABYTE 지포스 RTX 5060 Ti EAGLE MAX OC D7 8GB 제이씨현,중급,8,,,
2041,GPU,GIGABYTE 지포스 RTX 5060 Ti EAGLE OC ICE D7 8GB 제이씨현,중급,8,,,
2042,GPU,GIGABYTE 지포스 RTX 5060 Ti WINDFORCE D7 8GB 제이씨현,중급,8,,,
2043,GPU,GIGABYTE 지포스 RTX 5060 Ti WINDFORCE D7 8GB 피씨디렉트,중급,8,,,
2044,GPU,GIGABYTE 지포스 RTX 5060 Ti AERO OC D7 16GB 피씨디렉트,중급,16,,,
2045,GPU,GIGABYTE 지포스 RTX 5070 AERO OC D7 12GB 피씨디렉트,고급,12,,,
2046,GPU,GIGABYTE 지포스 RTX 5070 GAMING OC D7 12GB 제이씨현,고급,12,,,
2047,GPU,GIGABYTE 지포스 RTX 5070 AERO OC D7 12GB 제이씨현,고급,12,,,
2048,GPU,GIGABYTE 지포스 RTX 5070 EAGLE OC SFF D7 12GB 피씨디렉트,고급,12,,,
2049,GPU,GIGABYTE 지포스 RTX 5070 WINDFORCE OC SFF D7 12GB 피씨디렉트,고급,12,,,
2050,GPU,GIGABYTE 지포스 RTX 5070 WINDFORCE OC SFF D7 12GB 제이씨현,고급,12,,,
2051,GPU,GIGABYTE 지포스 RTX 5070 EAGLE OC ICE SFF D7 12GB 제이씨현,고급,12,,,
2052,GPU,GIGABYTE 지포스 RTX 5070 GAMING OC D7 12GB 피씨디렉트,고급,12,,,
2053,GPU,GIGABYTE AORUS 지포스 RTX 5070 MASTER D7 12GB 피씨디렉트,고급,12,,,
2054,GPU,GIGABYTE 지포스 RTX 5070 EAGLE OC SFF D7 12GB 제이씨현,고급,12,,,
2055,GPU,GIGABYTE 지포스 RTX 5070 EAGLE OC ICE SFF D7 12GB 피씨디렉트,고급,12,,,
2056,GPU,GIGABYTE AORUS 지포스 RTX 5070 MASTER D7 12GB 제이씨현,고급,12,,,
2057,GPU,GIGABYTE AORUS 지포스 RTX 5070 INFINITY D7 12GB 피씨디렉트,고급,12,,,
2058,GPU,GIGABYTE AORUS 지포스 RTX 5070 INFINITY D7 12GB 제이씨현,고급,12,,,
2059,GPU,GIGABYTE 지포스 RTX 5070 Ti WINDFORCE OC SFF D7 16GB 피씨디렉트,고급,16,,,
2060,GPU,GIGABYTE 지포스 RTX 5070 Ti GAMING OC D7 16GB 피씨디렉트,고급,16,,,
2061,GPU,GIGABYTE 지포스 RTX 5070 Ti WINDFORCE OC SFF D7 16GB 제이씨현,고급,16,,,
2062,GPU,GIGABYTE 지포스 RTX 5070 Ti EAGLE OC ICE SFF D7 16GB 제이씨현,고급,16,,,
2063,GPU,GIGABYTE 지포스 RTX 5070 Ti AERO OC D7 16GB 제이씨현,고급,16,,,
2064,GPU,GIGABYTE 지포스 RTX 5070 Ti GAMING OC D7 16GB 제이씨현,고급,16,,,
2065,GPU,GIGABYTE 지포스 RTX 5070 Ti EAGLE OC ICE SFF D7 16GB 피씨디렉트,고급,16,,,
2066,GPU,GIGABYTE 지포스 RTX 5070 Ti WINDFORCE OC V2 D7 16GB 제이씨현,고급,16,,,
2067,GPU,GIGABYTE 지포스 RTX 5070 Ti EAGLE OC SFF D7 16GB 제이씨현,고급,16,,,
2068,GPU,GIGABYTE AORUS 지포스 RTX 5070 Ti INFINITY D7 16GB 제이씨현,고급,16,,,
2069,GPU,GIGABYTE 지포스 RTX 5070 Ti AERO OC D7 16GB 피씨디렉트,고급,16,,,
2070,GPU,GIGABYTE 지포스 RTX 5070 Ti EAGLE OC SFF D7 16GB 피씨디렉트,고급,16,,,
2071,GPU,GIGABYTE AORUS 지포스 RTX 5070 Ti INFINITY D7 16GB 피씨디렉트,고급,16,,,
2072,GPU,GIGABYTE 지포스 RTX 5070 Ti WINDFORCE OC V2 D7 16GB 피씨디렉트,고급,16,,,
2073,GPU,GIGABYTE AORUS 지포스 RTX 5070 Ti MASTER D7 16GB 제이씨현,고급,16,,,
2074,GPU,GIGABYTE 지포스 RTX 5080 GAMING OC D7 16GB 제이씨현,최상급,16,,,
2075,GPU,GIGABYTE AORUS 지포스 RTX 5080 MASTER D7 16GB 피씨디렉트,최상급,16,,,
2076,GPU,GIGABYTE 지포스 RTX 5080 AERO OC SFF D7 16GB 제이씨현,최상급,16,,,
2077,GPU,GIGABYTE 지포스 RTX 5080 WINDFORCE OC SFF D7 16GB 제이씨현,최상급,16,,,
2078,GPU,GIGABYTE AORUS 지포스 RTX 5080 MASTER D7 16GB 제이씨현,최상급,16,,,
2079,GPU,GIGABYTE AORUS 지포스 RTX 5080 MASTER ICE D7 16GB 제이씨현,최상급,16,,,
2080,GPU,GIGABYTE AORUS 지포스 RTX 5080 MASTER ICE D7 16GB 피씨디렉트,최상급,16,,,
2081,GPU,GIGABYTE 지포스 RTX 5080 GAMING OC D7 16GB 피씨디렉트,최상급,16,,,
2082,GPU,GIGABYTE 지포스 RTX 5080 WINDFORCE OC SFF D7 16GB 피씨디렉트,최상급,16,,,
2083,GPU,GIGABYTE AORUS 지포스 RTX 5080 INFINITY WOOD D7 16GB 제이씨현,최상급,16,,,
2084,GPU,GIGABYTE 지포스 RTX 5080 AERO OC SFF D7 16GB 피씨디렉트,최상급,16,,,
2085,GPU,GIGABYTE AORUS 지포스 RTX 5080 INFINITY D7 16GB 제이씨현,최상급,16,,,
2086,GPU,GIGABYTE AORUS 지포스 RTX 5080 INFINITY D7 16GB 피씨디렉트,최상급,16,,,
2087,GPU,GIGABYTE AORUS 지포스 RTX 5080 INFINITY WOOD D7 16GB 피씨디렉트,최상급,16,,,
2088,GPU,GIGABYTE 지포스 RTX 5080 WINDFORCE OC V2 SFF D7 16GB 제이씨현,최상급,16,,,
2089,GPU,GIGABYTE AORUS 지포스 RTX 5080 XTREME 워터포스 D7 16GB 제이씨현,최상급,16,,,
2090,GPU,GIGABYTE 지포스 RTX 5080 WINDFORCE OC V2 SFF D7 16GB 피씨디렉트,최상급,16,,,
2091,GPU,GIGABYTE AORUS 지포스 RTX 5080 XTREME 워터포스 D7 16GB 피씨디렉트,최상급,16,,,
2092,GPU,GIGABYTE AORUS 지포스 RTX 5090 MASTER ICE D7 32GB 제이씨현,최상급,32,,,
2093,GPU,GIGABYTE 지포스 RTX 5090 GAMING OC D7 32GB 피씨디렉트,최상급,32,,,
2094,GPU,GIGABYTE AORUS 지포스 RTX 5090 INFINITY D7 32GB 제이씨현,최상급,32,,,
2095,GPU,GIGABYTE AORUS 지포스 RTX 5090 STEALTH ICE D7 32GB 피씨디렉트,최상급,32,,,
2096,GPU,GIGABYTE AORUS 지포스 RTX 5090 MASTER D7 32GB 제이씨현,최상급,32,,,
2097,GPU,GIGABYTE AORUS 지포스 RTX 5090 MASTER ICE D7 32GB 피씨디렉트,최상급,32,,,
2098,GPU,GIGABYTE 지포스 RTX 5090 GAMING OC D7 32GB 제이씨현,최상급,32,,,
2099,GPU,GIGABYTE AORUS 지포스 RTX 5090 XTREME 워터포스 D7 32GB 제이씨현,최상급,32,,,
2100,GPU,GIGABYTE AORUS 지포스 RTX 5090 MASTER D7 32GB 피씨디렉트,최상급,32,,,
2101,GPU,GIGABYTE AORUS 지포스 RTX 5090 STEALTH ICE D7 32GB 제이씨현,최상급,32,,,
2102,GPU,GIGABYTE AORUS 지포스 RTX 5090 INFINITY D7 32GB 피씨디렉트,최상급,32,,,
2103,GPU,GIGABYTE AORUS 지포스 RTX 5090 XTREME 워터포스 WB D7 32GB 피씨디렉트,최상급,32,,,
2104,GPU,GIGABYTE 지포스 RTX 5090 WINDFORCE OC D7 32GB 제이씨현,최상급,32,,,
2105,GPU,GIGABYTE 지포스 RTX 5090 WINDFORCE OC D7 32GB 피씨디렉트,최상급,32,,,
2106,GPU,GIGABYTE 라데온 RX 7600 GAMING OC D6 8GB 제이씨현,보급,8,,,
2107,GPU,GIGABYTE 라데온 RX 9060 XT Gaming OC D6 16GB 피씨디렉트,중급,16,,,
2108,GPU,GIGABYTE 라데온 RX 9060 XT Gaming OC ICE D6 16GB 피씨디렉트,중급,16,,,
2109,GPU,GIGABYTE 라데온 RX 9060 XT Gaming OC ICE D6 16GB 제이씨현,중급,16,,,
2110,GPU,GIGABYTE 라데온 RX 9060 XT Gaming OC D6 8GB 피씨디렉트,중급,8,,,
2111,GPU,GIGABYTE 라데온 RX 9060 XT Gaming D6 8GB 제이씨현,중급,8,,,
2112,GPU,GIGABYTE 라데온 RX 9060 XT Gaming D6 8GB 피씨디렉트,중급,8,,,
2113,GPU,GIGABYTE 라데온 RX 9070 GAMING OC D6 16GB 피씨디렉트,고급,16,,,
2114,GPU,GIGABYTE 라데온 RX 9070 GRE Gaming OC D6 12GB 제이씨현,고급,12,,,
2115,GPU,GIGABYTE 라데온 RX 9070 GRE GAMING OC D6 12GB 피씨디렉트,고급,12,,,
2116,GPU,GIGABYTE 라데온 RX 9070 XT GAMING OC D6 16GB 제이씨현,고급,16,,,
2117,GPU,GIGABYTE 라데온 RX 9070 XT GAMING OC D6 16GB 피씨디렉트,고급,16,,,
2118,GPU,GIGABYTE 라데온 RX 9070 XT GAMING OC ICE D6 16GB 피씨디렉트,고급,16,,,
2119,GPU,GIGABYTE 라데온 RX 9070 XT GAMING OC ICE D6 16GB 제이씨현,고급,16,,,
2120,GPU,ASUS DUAL 지포스 RTX 3050 D6 6GB 인텍앤컴퍼니,보급,6,,,
2121,GPU,ASUS DUAL 지포스 RTX 3050 O6G OC D6 6GB 코잇,보급,6,,,
2122,GPU,ASUS DUAL 지포스 RTX 3050 O6G OC D6 6GB 인텍앤컴퍼니,보급,6,,,
2123,GPU,ASUS DUAL 지포스 RTX 3050 O6G OC D6 6GB 대원씨티에스,보급,6,,,
2124,GPU,ASUS DUAL 지포스 RTX 3050 D6 6GB 대원씨티에스,보급,6,,,
2125,GPU,ASUS PH 지포스 RTX 3060 D6 12GB,중급,12,,,
2126,GPU,ASUS DUAL 지포스 RTX 3060 Ti O8G OC MINI D6 8GB,중급,8,,,
2127,GPU,ASUS ROG STRIX 지포스 RTX 3060 Ti O8G GAMING OC D6 8GB,중급,8,,,
2128,GPU,ASUS TUF Gaming 지포스 RTX 3060 Ti O8G OC D6 8GB,중급,8,,,
2129,GPU,ASUS ROG STRIX 지포스 RTX 3080 O10G GAMING OC D6X 10GB,최상급,10,,,
2130,GPU,ASUS DUAL 지포스 RTX 5050 OC D6 8GB 코잇,보급,8,,,
2131,GPU,ASUS DUAL 지포스 RTX 5050 OC D6 8GB 인텍앤컴퍼니,보급,8,,,
2132,GPU,ASUS DUAL 지포스 RTX 5050 D6 8GB 대원씨티에스,보급,8,,,
2133,GPU,ASUS DUAL 지포스 RTX 5050 OC D6 8GB 대원씨티에스,보급,8,,,
2134,GPU,ASUS DUAL 지포스 RTX 5060 OC D7 8GB 대원씨티에스,중급,8,,,
2135,GPU,ASUS DUAL 지포스 RTX 5060 EVO OC D7 8GB 대원씨티에스,중급,8,,,
2136,GPU,ASUS DUAL 지포스 RTX 5060 WHITE OC D7 8GB 코잇,중급,8,,,
2137,GPU,ASUS DUAL 지포스 RTX 5060 D7 8GB 인텍앤컴퍼니,중급,8,,,
2138,GPU,ASUS DUAL 지포스 RTX 5060 EVO OC D7 8GB 코잇,중급,8,,,
2139,GPU,ASUS DUAL 지포스 RTX 5060 EVO OC D7 8GB 인텍앤컴퍼니,중급,8,,,
2140,GPU,ASUS PRIME 지포스 RTX 5060 OC D7 8GB 대원씨티에스,중급,8,,,
2141,GPU,ASUS DUAL 지포스 RTX 5060 OC D7 8GB 인텍앤컴퍼니,중급,8,,,
2142,GPU,ASUS DUAL 지포스 RTX 5060 WHITE OC D7 8GB 인텍앤컴퍼니,중급,8,,,
2143,GPU,ASUS DUAL 지포스 RTX 5060 OC D7 8GB Advanced 인텍앤컴퍼니,중급,8,,,
2144,GPU,ASUS PRIME 지포스 RTX 5060 OC D7 8GB 인텍앤컴퍼니,중급,8,,,
2145,GPU,ASUS DUAL 지포스 RTX 5060 TI OC D7 8GB 인텍앤컴퍼니,중급,8,,,
2146,GPU,ASUS 지포스 RTX 5060 Ti OC D7 8GB T1 Edition 인텍앤컴퍼니,중급,8,,,
2147,GPU,ASUS DUAL 지포스 RTX 5060 Ti OC D7 16GB 코잇,중급,16,,,
2148,GPU,ASUS DUAL 지포스 RTX 5060 TI OC D7 8GB 대원씨티에스,중급,8,,,
2149,GPU,ASUS DUAL 지포스 RTX 5060 TI OC D7 16GB 대원씨티에스,중급,16,,,
2150,GPU,ASUS TUF Gaming 지포스 RTX 5060 TI OC D7 8GB 인텍앤컴퍼니,중급,8,,,
2151,GPU,ASUS DUAL 지포스 RTX 5060 Ti OC D7 8GB 코잇,중급,8,,,
2152,GPU,ASUS DUAL 지포스 RTX 5060 Ti WHITE OC D7 8GB 코잇,중급,8,,,
2153,GPU,ASUS DUAL 지포스 RTX 5060 TI OC D7 16GB 인텍앤컴퍼니,중급,16,,,
2154,GPU,ASUS PRIME 지포스 RTX 5060 TI D7 8GB 인텍앤컴퍼니,중급,8,,,
2155,GPU,ASUS PRIME 지포스 RTX 5060 TI OC D7 8GB 대원씨티에스,중급,8,,,
2156,GPU,ASUS 지포스 RTX 5060 Ti OC D7 8GB T1 Edition 대원씨티에스,중급,8,,,
2157,GPU,ASUS DUAL 지포스 RTX 5070 OC D7 12GB 인텍앤컴퍼니,고급,12,,,
2158,GPU,ASUS PRIME 지포스 RTX 5070 OC D7 12GB 대원씨티에스,고급,12,,,
2159,GPU,ASUS 지포스 RTX 5070 OC D7 12GB T1 Edition 인텍앤컴퍼니,고급,12,,,
2160,GPU,ASUS PRIME 지포스 RTX 5070 WHITE OC D7 12GB 인텍앤컴퍼니,고급,12,,,
2161,GPU,ASUS PRIME 지포스 RTX 5070 WHITE OC D7 12GB 코잇,고급,12,,,
2162,GPU,ASUS DUAL 지포스 RTX 5070 OC D7 12GB 코잇,고급,12,,,
2163,GPU,ASUS PRIME 지포스 RTX 5070 OC D7 12GB 인텍앤컴퍼니,고급,12,,,
2164,GPU,ASUS PRIME 지포스 RTX 5070 OC D7 12GB 코잇,고급,12,,,
2165,GPU,ASUS DUAL 지포스 RTX 5070 OC D7 12GB 대원씨티에스,고급,12,,,
2166,GPU,ASUS PRIME 지포스 RTX 5070 D7 12GB 인텍앤컴퍼니,고급,12,,,
2167,GPU,ASUS 지포스 RTX 5070 OC D7 12GB T1 Edition 대원씨티에스,고급,12,,,
2168,GPU,ASUS TUF Gaming 지포스 RTX 5070 OC D7 12GB 인텍앤컴퍼니,고급,12,,,
2169,GPU,ASUS PRIME 지포스 RTX 5070 Ti D7 16GB 인텍앤컴퍼니,고급,16,,,
2170,GPU,ASUS PRIME 지포스 RTX 5070 Ti OC D7 16GB 대원씨티에스,고급,16,,,
2171,GPU,ASUS PRIME 지포스 RTX 5070 Ti OC D7 16GB 코잇,고급,16,,,
2172,GPU,ASUS PRIME 지포스 RTX 5070 Ti OC D7 16GB 인텍앤컴퍼니,고급,16,,,
2173,GPU,ASUS PRIME 지포스 RTX 5070 Ti D7 16GB 대원씨티에스,고급,16,,,
2174,GPU,ASUS ROG STRIX 지포스 RTX 5070 Ti OC D7 16GB 인텍앤컴퍼니,고급,16,,,
2175,GPU,ASUS TUF Gaming 지포스 RTX 5070 Ti OC D7 16GB 인텍앤컴퍼니,고급,16,,,
2176,GPU,ASUS ROG Astral 지포스 RTX 5080 OC D7 16GB 인텍앤컴퍼니,최상급,16,,,
2177,GPU,ASUS PRIME 지포스 RTX 5080 OC D7 16GB 인텍앤컴퍼니,최상급,16,,,
2178,GPU,ASUS PRIME 지포스 RTX 5080 OC D7 16GB 대원씨티에스,최상급,16,,,
2179,GPU,ASUS ROG Astral 지포스 RTX 5080 OC D7 16GB 대원씨티에스,최상급,16,,,
2180,GPU,ASUS ProArt 지포스 RTX 5080 OC D7 16GB 인텍앤컴퍼니,최상급,16,,,
2181,GPU,ASUS PRIME 지포스 RTX 5080 D7 16GB 인텍앤컴퍼니,최상급,16,,,
2182,GPU,ASUS ROG Astral 지포스 RTX 5080 OC D7 16GB 코잇,최상급,16,,,
2183,GPU,ASUS PRIME 지포스 RTX 5080 EVO OC D7 16GB 인텍앤컴퍼니,최상급,16,,,
2184,GPU,ASUS TUF Gaming 지포스 RTX 5080 OC D7 16GB 인텍앤컴퍼니,최상급,16,,,
2185,GPU,ASUS TUF Gaming 지포스 RTX 5080 OC D7 16GB 대원씨티에스,최상급,16,,,
2186,GPU,ASUS PRIME 지포스 RTX 5080 D7 16GB 대원씨티에스,최상급,16,,,
2187,GPU,ASUS ProArt 지포스 RTX 5080 OC D7 16GB 대원씨티에스,최상급,16,,,
2188,GPU,ASUS PRIME 지포스 RTX 5080 EVO OC D7 16GB 대원씨티에스,최상급,16,,,
2189,GPU,ASUS ROG Astral 지포스 RTX 5090 OC D7 32GB 대원씨티에스,최상급,32,,,
2190,GPU,ASUS ROG Astral 지포스 RTX 5090 WHITE OC D7 32GB 인텍앤컴퍼니,최상급,32,,,
2191,GPU,ASUS ROG Astral 지포스 RTX 5090 OC D7 32GB 인텍앤컴퍼니,최상급,32,,,
2192,GPU,ASUS ROG Astral LC 지포스 RTX 5090 OC D7 32GB 대원씨티에스,최상급,32,,,
2193,GPU,ASUS ROG Astral 지포스 RTX 5090 BTF OC D7 32GB 대원씨티에스,최상급,32,,,
2194,GPU,ASUS ROG Astral 지포스 RTX 5090 BTF OC D7 32GB 인텍앤컴퍼니,최상급,32,,,
2195,GPU,ASUS ROG Astral LC 지포스 RTX 5090 OC D7 32GB 인텍앤컴퍼니,최상급,32,,,
2196,GPU,ASUS TUF Gaming 지포스 RTX 5090 OC D7 32GB 대원씨티에스,최상급,32,,,
2197,GPU,ASUS TUF Gaming 지포스 RTX 5090 D7 32GB 대원씨티에스,최상급,32,,,
2198,GPU,ASUS ROG Astral 지포스 RTX 5090 WHITE OC D7 32GB 대원씨티에스,최상급,32,,,
2199,GPU,ASUS TUF Gaming 지포스 RTX 5090 D7 32GB 인텍앤컴퍼니,최상급,32,,,
2200,GPU,ASUS TUF Gaming 지포스 RTX 5090 OC D7 32GB 인텍앤컴퍼니,최상급,32,,,
2201,GPU,ASUS TUF Gaming 지포스 RTX 5090 D7 32GB 코잇,최상급,32,,,
2202,GPU,ASUS DUAL 라데온 RX 7600 O8G EVO OC D6 8GB,보급,8,,,
2203,GPU,ASUS DUAL 라데온 RX 9060 D6 8GB 대원씨티에스,중급,8,,,
2204,GPU,ASUS DUAL 라데온 RX 9060 D6 8GB 엠버 앤 블레이드 에디션 대원씨티에스,중급,8,,,
2205,GPU,ASUS DUAL 라데온 RX 9060 XT D6 16GB 대원씨티에스,중급,16,,,
2206,GPU,ASUS PRIME 라데온 RX 9060 XT OC D6 16GB 인텍앤컴퍼니,중급,16,,,
2207,GPU,ASUS PRIME 라데온 RX 9060 XT OC D6 8GB 대원씨티에스,중급,8,,,
2208,GPU,ASUS PRIME 라데온 RX 9060 XT OC D6 16GB 대원씨티에스,중급,16,,,
2209,GPU,ASUS DUAL 라데온 RX 9060 XT D6 8GB 대원씨티에스,중급,8,,,
2210,GPU,ASUS TUF Gaming 라데온 RX 9060 XT OC D6 16GB 대원씨티에스,중급,16,,,
2211,GPU,ASUS PRIME 라데온 RX 9070 EVO OC D6 16GB 대원씨티에스,고급,16,,,
2212,GPU,ASUS PRIME 라데온 RX 9070 GRE EVO OC D6 12GB 대원씨티에스,고급,12,,,
2213,GPU,ASUS PRIME 라데온 RX 9070 XT OC D6 16GB 대원씨티에스,고급,16,,,
2214,GPU,ASUS PRIME 라데온 RX 9070 XT WHITE OC D6 16GB 대원씨티에스,고급,16,,,
2215,GPU,ASUS PRIME 라데온 RX 9070 XT OC D6 16GB 인텍앤컴퍼니,고급,16,,,
2216,GPU,MSI 지포스 RTX 3050 벤투스 2X E OC D6 6GB,보급,6,,,
2217,GPU,MSI 지포스 RTX 3050 벤투스 2X XS OC D6 8GB,보급,8,,,
2218,GPU,MSI 지포스 RTX 3050 벤투스 2X OC D6 6GB,보급,6,,,
2219,GPU,MSI 지포스 RTX 3060 벤투스 2X OC D6 12GB,중급,12,,,
2220,GPU,MSI 지포스 RTX 3060 벤투스 2X OC D6 12GB (해외구매),중급,12,,,
2221,GPU,MSI 지포스 RTX 3060 Ti 게이밍 X 트리오 D6X 8GB 트라이프로져2,중급,8,,,
2222,GPU,MSI 지포스 RTX 3070 게이밍 X 트리오 D6 8GB 트라이프로져2 (해외구매),고급,8,,,
2223,GPU,MSI 지포스 RTX 4060 벤투스 2X 블랙 OC D6 8GB,중급,8,,,
2224,GPU,MSI 지포스 RTX 4070 SUPER 게이밍 X 슬림 D6X 12GB 트라이프로져3,고급,12,,,
2225,GPU,MSI 지포스 RTX 5050 벤투스 2X OC D6 8GB,보급,8,,,
2226,GPU,MSI 지포스 RTX 5050 쉐도우 2X OC D6 8GB,보급,8,,,
2227,GPU,MSI 지포스 RTX 5060 벤투스 2X OC D7 8GB,중급,8,,,
2228,GPU,MSI 지포스 RTX 5060 벤투스 2X OC V1 D7 8GB,중급,8,,,
2229,GPU,MSI 지포스 RTX 5060 쉐도우 2X OC D7 8GB,중급,8,,,
2230,GPU,MSI 지포스 RTX 5060 게이밍 OC D7 8GB 트윈프로져,중급,8,,,
2231,GPU,MSI 지포스 RTX 5060 Ti 벤투스 2X OC 플러스 D7 8GB,중급,8,,,
2232,GPU,MSI 지포스 RTX 5060 Ti 벤투스 2X OC 플러스 D7 16GB,중급,16,,,
2233,GPU,MSI 지포스 RTX 5060 Ti 쉐도우 2X OC 플러스 D7 16GB,중급,16,,,
2234,GPU,MSI 지포스 RTX 5060 Ti 게이밍 OC D7 16GB 트윈프로져,중급,16,,,
2235,GPU,MSI 지포스 RTX 5060 Ti 쉐도우 2X OC 플러스 D7 8GB,중급,8,,,
2236,GPU,MSI 지포스 RTX 5060 Ti 게이밍 OC D7 8GB 트윈프로져,중급,8,,,
2237,GPU,MSI 지포스 RTX 5070 게이밍 트리오 OC D7 12GB 트라이프로져4,고급,12,,,
2238,GPU,MSI 지포스 RTX 5070 벤투스 2X OC D7 12GB,고급,12,,,
2239,GPU,MSI 지포스 RTX 5070 벤투스 3X OC D7 12GB,고급,12,,,
2240,GPU,MSI 지포스 RTX 5070 쉐도우 2X OC D7 12GB,고급,12,,,
2241,GPU,MSI 지포스 RTX 5070 게이밍 트리오 OC 화이트 D7 12GB 트라이프로져4,고급,12,,,
2242,GPU,MSI 지포스 RTX 5070 Ti 게이밍 트리오 OC D7 16GB 트라이프로져4,고급,16,,,
2243,GPU,MSI 지포스 RTX 5070 Ti 벤투스 3X OC D7 16GB,고급,16,,,
2244,GPU,MSI 지포스 RTX 5070 Ti 게이밍 트리오 OC 플러스 D7 16GB 트라이프로져4,고급,16,,,
2245,GPU,MSI 지포스 RTX 5070 Ti 뱅가드 SOC D7 16GB 하이퍼프로져,고급,16,,,
2246,GPU,MSI 지포스 RTX 5070 Ti 쉐도우 3X OC D7 16GB,고급,16,,,
2247,GPU,MSI 지포스 RTX 5080 뱅가드 SOC D7 16GB 하이퍼프로져,최상급,16,,,
2248,GPU,MSI 지포스 RTX 5080 쉐도우 3X OC D7 16GB,최상급,16,,,
2249,GPU,MSI 지포스 RTX 5080 게이밍 트리오 OC D7 16GB 트라이프로져4,최상급,16,,,
2250,GPU,MSI 지포스 RTX 5080 벤투스 3X OC D7 16GB,최상급,16,,,
2251,GPU,MSI 지포스 RTX 5080 엑스퍼트 OC D7 16GB 플로우프로져2,최상급,16,,,
2252,GPU,MSI 지포스 RTX 5080 게이밍 트리오 OC 화이트 D7 16GB 트라이프로져4,최상급,16,,,
2253,GPU,MSI 지포스 RTX 5080 벤투스 3X OC 화이트 D7 16GB,최상급,16,,,
2254,GPU,MSI 지포스 RTX 5080 벤투스 3X OC 플러스 D7 16GB,최상급,16,,,
2255,GPU,MSI 지포스 RTX 5090 슈프림 SOC D7 32GB 하이퍼프로져,최상급,32,,,
2256,GPU,MSI 지포스 RTX 5090 뱅가드 SOC D7 32GB 하이퍼프로져,최상급,32,,,
2257,GPU,MSI 지포스 RTX 5090 게이밍 트리오 OC D7 32GB 트라이프로져4,최상급,32,,,
2258,GPU,갤럭시 GALAX 지포스 GTX 1660 SUPER OC D6 6GB,중급,6,,,
2259,GPU,갤럭시 BOY 지포스 GTX 1660 SUPER OC D6 6GB,중급,6,,,
2260,GPU,갤럭시 GALAX 지포스 RTX 3050 EX WHITE D6 6GB DVI,보급,6,,,
2261,GPU,갤럭시 GALAZ 지포스 RTX 3050 EX BLACK D6 6GB DVI,보급,6,,,
2262,GPU,갤럭시 GALAX 지포스 RTX 3050 EX BLACK D6 6GB DVI,보급,6,,,
2263,GPU,갤럭시 갤라즈 GALAX 지포스 RTX 3050 D6 8GB,보급,8,,,
2264,GPU,갤럭시 GALAX 지포스 RTX 3060 V2 D6 12GB,중급,12,,,
2265,GPU,갤럭시 GALAX 지포스 RTX 3060 Ti EX BLACK OC D6 8GB LHR,중급,8,,,
2266,GPU,갤럭시 GALAX 지포스 RTX 3060 Ti EX WHITE OC D6 8GB LHR,중급,8,,,
2267,GPU,갤럭시 GALAX 지포스 RTX 3070 Ti D6X 8GB,고급,8,,,
2268,GPU,갤럭시 GALAX 지포스 RTX 4060 WHITE OC D6 8GB,중급,8,,,
2269,GPU,갤럭시 GALAZ 지포스 RTX 4060 EX WHITE OC V2 D6 8GB,중급,8,,,
2270,GPU,갤럭시 GALAX 지포스 RTX 4060 Ti WHITE OC V2 D6 8GB,중급,8,,,
2271,GPU,갤럭시 BOY 지포스 RTX 4070 Ti SUPER EX GAMER WHITE OC V2 D6X 16GB,고급,16,,,
2272,GPU,갤럭시 GALAX 지포스 RTX 4080 SUPER 3X D6X 16GB,최상급,16,,,
2273,GPU,갤럭시 BOY 지포스 RTX 4080 SUPER SG OC D6X 16GB,최상급,16,,,
2274,GPU,갤럭시 GALAX 지포스 RTX 5050 BLACK OC D6 8GB DUAL HDMI,보급,8,,,
2275,GPU,갤럭시 GALAX 지포스 RTX 5050 BLACK OC V2 D6 8GB DUAL HDMI,보급,8,,,
2276,GPU,갤럭시 GALAX 지포스 RTX 5050 WHITE OC D6 8GB DUAL HDMI,보급,8,,,
2277,GPU,갤럭시 GALAZ 지포스 RTX 5050 BLACK OC D6 8GB DUAL HDMI,보급,8,,,
2278,GPU,갤럭시 GALAZ 지포스 RTX 5050 BLACK OC V2 D6 8GB DUAL HDMI,보급,8,,,
2279,GPU,갤럭시 GALAX 지포스 RTX 5060 WHITE OC V2 D7 8GB,중급,8,,,
2280,GPU,갤럭시 GALAX 지포스 RTX 5060 BLACK OC V2 D7 8GB,중급,8,,,
2281,GPU,갤럭시 GALAX 지포스 RTX 5060 EX WHITE OC D7 8GB,중급,8,,,
2282,GPU,갤럭시 GALAX 지포스 RTX 5060 EX BLACK OC D7 8GB,중급,8,,,
2283,GPU,갤럭시 GALAX 지포스 RTX 5060 BLACK D7 8GB LP,중급,8,,,
2284,GPU,갤럭시 GALAX 지포스 RTX 5060 WHITE OC D7 8GB,중급,8,,,
2285,GPU,갤럭시 GALAX 지포스 RTX 5060 BLACK OC V2 D7 8GB DUAL HDMI,중급,8,,,
2286,GPU,갤럭시 GALAX 지포스 RTX 5060 BLACK OC D7 8GB,중급,8,,,
2287,GPU,갤럭시 GALAZ 지포스 RTX 5060 EX BLACK OC D7 8GB,중급,8,,,
2288,GPU,갤럭시 GALAZ 지포스 RTX 5060 BLACK OC V2 D7 8GB DUAL HDMI,중급,8,,,
2289,GPU,갤럭시 GALAZ 지포스 RTX 5060 EX WHITE OC D7 8GB,중급,8,,,
2290,GPU,갤럭시 GALAZ 지포스 RTX 5060 WHITE OC V2 D7 8GB,중급,8,,,
2291,GPU,갤럭시 GALAZ 지포스 RTX 5060 WHITE OC D7 8GB,중급,8,,,
2292,GPU,갤럭시 GALAX 지포스 RTX 5060 Ti EX BLACK OC D7 8GB,중급,8,,,
2293,GPU,갤럭시 GALAX 지포스 RTX 5060 Ti BLACK OC V2 D7 8GB,중급,8,,,
2294,GPU,갤럭시 GALAX 지포스 RTX 5060 Ti BLACK 3X D7 16GB DUAL HDMI,중급,16,,,
2295,GPU,갤럭시 GALAX 지포스 RTX 5060 Ti EX WHITE OC D7 8GB,중급,8,,,
2296,GPU,갤럭시 GALAX 지포스 RTX 5060 Ti BLACK OC D7 16GB,중급,16,,,
2297,GPU,갤럭시 GALAX 지포스 RTX 5060 Ti WHITE OC D7 8GB,중급,8,,,
2298,GPU,갤럭시 GALAX 지포스 RTX 5060 Ti BLACK OC D7 8GB,중급,8,,,
2299,GPU,갤럭시 GALAX 지포스 RTX 5060 Ti BLACK OC Classic D7 8GB,중급,8,,,
2300,GPU,갤럭시 GALAZ 지포스 RTX 5060 Ti BLACK OC Classic D7 8GB,중급,8,,,
2301,GPU,갤럭시 GALAZ 지포스 RTX 5060 Ti BLACK 3X D7 16GB DUAL HDMI,중급,16,,,
2302,GPU,갤럭시 GALAX 지포스 RTX 5070 BLACK OC D7 12GB,고급,12,,,
2303,GPU,갤럭시 GALAX 지포스 RTX 5070 WHITE OC D7 12GB,고급,12,,,
2304,GPU,갤럭시 GALAX 지포스 RTX 5070 EX GAMER BLACK OC D7 12GB,고급,12,,,
2305,GPU,갤럭시 GALAX 지포스 RTX 5070 EX GAMER WHITE OC D7 12GB,고급,12,,,
2306,GPU,갤럭시 GALAX 지포스 RTX 5070 Ti BLACK 2X OC D7 16GB,고급,16,,,
2307,GPU,갤럭시 GALAZ 지포스 RTX 5070 Ti BLACK 2X OC D7 16GB,고급,16,,,
2308,GPU,갤럭시 GALAX 지포스 RTX 5070 Ti EX GAMER BLACK OC D7 16GB,고급,16,,,
2309,GPU,갤럭시 GALAX 지포스 RTX 5070 Ti HOF GAMING BLACK D7 16GB,고급,16,,,
2310,GPU,갤럭시 GALAX 지포스 RTX 5070 Ti HOF GAMING D7 16GB,고급,16,,,
2311,GPU,갤럭시 GALAX 지포스 RTX 5070 Ti EX GAMER WHITE OC D7 16GB,고급,16,,,
2312,GPU,갤럭시 GALAX 지포스 RTX 5070 Ti BLACK OC D7 16GB,고급,16,,,
2313,GPU,갤럭시 GALAZ 지포스 RTX 5070 Ti HOF GAMING BLACK D7 16GB,고급,16,,,
2314,GPU,갤럭시 GALAZ 지포스 RTX 5070 Ti EX GAMER BLACK OC D7 16GB,고급,16,,,
2315,GPU,갤럭시 GALAX 지포스 RTX 5080 BLACK OC D7 16GB,최상급,16,,,
2316,GPU,갤럭시 GALAX 지포스 RTX 5080 HOF GAMING BLACK D7 16GB,최상급,16,,,
2317,GPU,갤럭시 GALAX 지포스 RTX 5080 EX GAMER BLACK OC D7 16GB,최상급,16,,,
2318,GPU,갤럭시 GALAX 지포스 RTX 5080 EX GAMER WHITE OC D7 16GB,최상급,16,,,
2319,GPU,갤럭시 GALAX 지포스 RTX 5080 HOF GAMING D7 16GB,최상급,16,,,
2320,GPU,갤럭시 GALAX 지포스 RTX 5080 WHITE OC D7 16GB,최상급,16,,,
2321,GPU,갤럭시 GALAZ 지포스 RTX 5080 HOF GAMING BLACK D7 16GB,최상급,16,,,
2322,GPU,COLORFUL 지포스 RTX 3050 GAMING DUO V4 D6 6GB 피씨디렉트,보급,6,,,
2323,GPU,COLORFUL 지포스 RTX 3050 BATTLE AX DUO V2 D6 8GB 도우정보,보급,8,,,
2324,GPU,COLORFUL 지포스 RTX 3050 토마호크 DUO V2 D6 8GB 피씨디렉트,보급,8,,,
2325,GPU,COLORFUL iGame 지포스 RTX 3050 ULTRA DUO OC V2 White D6 8GB 피씨디렉트,보급,8,,,
2326,GPU,COLORFUL 지포스 RTX 3050 GAMING DUO V4 D6 6GB 도우정보,보급,6,,,
2327,GPU,COLORFUL iGame 지포스 RTX 3050 Ultra DUO OC V2 D6 8GB White,보급,8,,,
2328,GPU,COLORFUL 지포스 RTX 3060 Battle AX DUO V2 D6 12GB 피씨디렉트,중급,12,,,
2329,GPU,COLORFUL 지포스 RTX 3060 BATTLE AX DUO V2 D6 12GB 도우정보,중급,12,,,
2330,GPU,COLORFUL 지포스 RTX 5050 GAMING DUO D6 8GB 피씨디렉트,보급,8,,,
2331,GPU,COLORFUL 지포스 RTX 5050 GAMING DUO D6 8GB 도우정보,보급,8,,,
2332,GPU,COLORFUL iGame 지포스 RTX 5050 ULTRA DUO OC White D6 8GB 도우정보,보급,8,,,
2333,GPU,COLORFUL iGame 지포스 RTX 5050 ULTRA DUO OC White D6 8GB 피씨디렉트,보급,8,,,
2334,GPU,COLORFUL 지포스 RTX 5050 Battle AX DUO D6 8GB 피씨디렉트,보급,8,,,
2335,GPU,COLORFUL 지포스 RTX 5060 GAMING DUO D7 8GB 피씨디렉트,중급,8,,,
2336,GPU,COLORFUL iGame 지포스 RTX 5060 ULTRA DUO OC White D7 8GB 피씨디렉트,중급,8,,,
2337,GPU,COLORFUL 지포스 RTX 5060 GAMING DUO D7 8GB 도우정보,중급,8,,,
2338,GPU,COLORFUL iGame 지포스 RTX 5060 ULTRA OC D7 8GB 도우정보,중급,8,,,
2339,GPU,COLORFUL iGame 지포스 RTX 5060 ULTRA DUO OC D7 8GB 도우정보,중급,8,,,
2340,GPU,COLORFUL iGame 지포스 RTX 5060 ULTRA DUO OC White D7 8GB 도우정보,중급,8,,,
2341,GPU,COLORFUL iGame 지포스 RTX 5060 ULTRA DUO OC D7 8GB 피씨디렉트,중급,8,,,
2342,GPU,COLORFUL iGame 지포스 RTX 5060 ULTRA OC D7 8GB 피씨디렉트,중급,8,,,
2343,GPU,COLORFUL iGame 지포스 RTX 5060 ULTRA OC White D7 8GB 피씨디렉트,중급,8,,,
2344,GPU,COLORFUL 지포스 RTX 5060 Ti BATTLE AX DUO D7 16GB 도우정보,중급,16,,,
2345,GPU,COLORFUL 지포스 RTX 5060 Ti GAMING DUO D7 16GB 피씨디렉트,중급,16,,,
2346,GPU,COLORFUL 지포스 RTX 5060 Ti GAMING DUO D7 8GB 피씨디렉트,중급,8,,,
2347,GPU,COLORFUL 지포스 RTX 5060 Ti GAMING DUO D7 8GB 도우정보,중급,8,,,
2348,GPU,COLORFUL iGame 지포스 RTX 5060 Ti ULTRA DUO OC White D7 8GB 피씨디렉트,중급,8,,,
2349,GPU,COLORFUL 지포스 RTX 5060 Ti GAMING DUO D7 16GB 도우정보,중급,16,,,
2350,GPU,COLORFUL iGame 지포스 RTX 5060 Ti ULTRA DUO OC D7 16GB 도우정보,중급,16,,,
2351,GPU,COLORFUL iGame 지포스 RTX 5060 Ti ULTRA DUO OC White D7 16GB 도우정보,중급,16,,,
2352,GPU,COLORFUL 지포스 RTX 5060 Ti GAMING DUO V2 D7 16GB 피씨디렉트,중급,16,,,
2353,GPU,COLORFUL iGame 지포스 RTX 5060 Ti ULTRA DUO OC D7 16GB 피씨디렉트,중급,16,,,
2354,GPU,COLORFUL iGame 지포스 RTX 5060 Ti ULTRA DUO OC White D7 16GB 피씨디렉트,중급,16,,,
2355,GPU,COLORFUL iGame 지포스 RTX 5060 Ti ULTRA DUO OC White D7 8GB 도우정보,중급,8,,,
2356,GPU,COLORFUL iGame 지포스 RTX 5060 Ti ULTRA DUO OC D7 8GB 피씨디렉트,중급,8,,,
2357,GPU,COLORFUL 지포스 RTX 5060 Ti 토마호크 DUO D7 8GB 피씨디렉트,중급,8,,,
2358,GPU,COLORFUL iGame 지포스 RTX 5070 ULTRA OC White D7 12GB 피씨디렉트,고급,12,,,
2359,GPU,COLORFUL 지포스 RTX 5070 GAMING D7 12GB 피씨디렉트,고급,12,,,
2360,GPU,COLORFUL iGame 지포스 RTX 5070 ULTRA OC White D7 12GB 도우정보,고급,12,,,
2361,GPU,COLORFUL iGame 지포스 RTX 5070 ULTRA OC D7 12GB 피씨디렉트,고급,12,,,
2362,GPU,COLORFUL iGame 지포스 RTX 5070 ULTRA OC D7 12GB 도우정보,고급,12,,,
2363,GPU,COLORFUL 지포스 RTX 5070 GAMING D7 12GB 도우정보,고급,12,,,
2364,GPU,COLORFUL iGame 지포스 RTX 5070 Ti ULTRA OC SFF D7 16GB 피씨디렉트,고급,16,,,
2365,GPU,COLORFUL 지포스 RTX 5070 Ti BATTLE AX D7 16GB 도우정보,고급,16,,,
2366,GPU,COLORFUL iGame 지포스 RTX 5070 Ti ULTRA OC SFF White D7 16GB 도우정보,고급,16,,,
2367,GPU,COLORFUL 지포스 RTX 5070 Ti BATTLE AX SFF D7 16GB 도우정보,고급,16,,,
2368,GPU,COLORFUL iGame 지포스 RTX 5070 Ti ULTRA OC SFF D7 16GB 도우정보,고급,16,,,
2369,GPU,COLORFUL 지포스 RTX 5070 Ti BATTLE AX SFF D7 16GB 피씨디렉트,고급,16,,,
2370,GPU,COLORFUL iGame 지포스 RTX 5070 Ti ULTRA OC SFF White D7 16GB 피씨디렉트,고급,16,,,
2371,GPU,COLORFUL 지포스 RTX 5070 Ti 토마호크 EX D7 16GB 피씨디렉트,고급,16,,,
2372,GPU,COLORFUL iGame 지포스 RTX 5070 Ti ULTRA OC White D7 16GB 피씨디렉트,고급,16,,,
2373,GPU,COLORFUL iGame 지포스 RTX 5070 Ti ULTRA OC White D7 16GB 도우정보,고급,16,,,
2374,GPU,COLORFUL iGame 지포스 RTX 5080 ULTRA OC White D7 16GB 피씨디렉트,최상급,16,,,
2375,GPU,COLORFUL iGame 지포스 RTX 5080 ULTRA OC V2 D7 16GB 피씨디렉트,최상급,16,,,
2376,GPU,COLORFUL iGame 지포스 RTX 5080 Vulcan OC D7 16GB 피씨디렉트,최상급,16,,,
2377,GPU,COLORFUL iGame 지포스 RTX 5080 ULTRA OC White D7 16GB 도우정보,최상급,16,,,
2378,GPU,COLORFUL iGame 지포스 RTX 5080 VULCAN OC D7 16GB 도우정보,최상급,16,,,
