part_id,category,brand,part_name,price,is_discontinued,image_url,product_url
285,CPU,인텔,인텔 코어i5-10세대 10400F (코멧레이크S),173380,,https://img.danuri.io/catalog-image/973/489/011/4496cebe45ad43d39e0b4d680efa0d4e.jpg?shrink=130:130&_v=20260917165724,https://prod.danawa.com/info/?pcode=11489973&cate=112747
286,CPU,인텔,인텔 코어i5-10세대 10500 (코멧레이크S),189590,,https://img.danuri.io/catalog-image/766/480/011/3197cc90719d434cb69e1821faa1860b.jpg?shrink=130:130&_v=20260917170159,https://prod.danawa.com/info/?pcode=11480766&cate=112747
287,CPU,인텔,인텔 코어i7-10세대 10700F (코멧레이크S),279810,,https://img.danuri.io/catalog-image/861/824/011/33a6a03270dd4b5088aaf95081ca950c.jpg?shrink=130:130&_v=20260917170338,https://prod.danawa.com/info/?pcode=11824861&cate=112747
288,CPU,인텔,인텔 코어i7-10세대 10700 (코멧레이크S),272980,,https://img.danuri.io/catalog-image/624/481/011/9d538d80ba414d9cb36e38744bdb10ef.jpg?shrink=130:130&_v=20260917194953,https://prod.danawa.com/info/?pcode=11481624&cate=112747
289,CPU,인텔,인텔 코어i3-10세대 10100F (코멧레이크S),102000,,https://img.danuri.io/catalog-image/424/487/012/a2e70a0fcc574c2ab093ce4e60b962d6.jpg?shrink=130:130&_v=20260917080519,https://prod.danawa.com/info/?pcode=12487424&cate=112747
290,CPU,인텔,인텔 코어i5-10세대 10400 (코멧레이크S),179490,,https://img.danuri.io/catalog-image/010/480/011/2ac1d9e39dad41cfa7a29c20c1bf7160.jpg?shrink=130:130&_v=20260917200259,https://prod.danawa.com/info/?pcode=11480010&cate=112747
291,CPU,인텔,인텔 코어i3-10세대 10105F (코멧레이크S 리프레시),110000,,https://img.danuri.io/catalog-image/334/753/013/0f8c702cb0db4c8fa165d2cfa5f6c634.jpg?shrink=130:130&_v=20260917170139,https://prod.danawa.com/info/?pcode=13753334&cate=112747
292,CPU,인텔,인텔 코어i5-10세대 10600K (코멧레이크S),209200,,https://img.danuri.io/catalog-image/858/481/011/d9a00718a08a424b8767fe8382ea93c9.jpg?shrink=130:130&_v=20260917140904,https://prod.danawa.com/info/?pcode=11481858&cate=112747
293,CPU,인텔,인텔 코어i9-10세대 10900 (코멧레이크S),716000,,https://img.danuri.io/catalog-image/941/870/011/8e84ff2554254ae2932a0da94f321649.jpg?shrink=130:130&_v=20260917141259,https://prod.danawa.com/info/?pcode=11870941&cate=112747
294,CPU,인텔,인텔 코어i9-10세대 10900K (코멧레이크S),563990,,https://img.danuri.io/catalog-image/857/309/012/b56236ade3bc4b4d975bed6bec8c2fbe.jpg?shrink=130:130&_v=20260917200533,https://prod.danawa.com/info/?pcode=12309857&cate=112747
295,CPU,인텔,인텔 코어i7-10세대 10700KF (코멧레이크S),280900,,https://img.danuri.io/catalog-image/075/110/012/63beb43276e54effb1a55052829151b2.jpg?shrink=130:130&_v=20260917170238,https://prod.danawa.com/info/?pcode=12110075&cate=112747
296,CPU,인텔,인텔 코어i7-10세대 10700K (코멧레이크S),440040,,https://img.danuri.io/catalog-image/776/479/011/4f2838a712ce4a1d88b1ac1b0ca36cc5.jpg?shrink=130:130&_v=20260917170258,https://prod.danawa.com/info/?pcode=11479776&cate=112747
297,CPU,인텔,인텔 코어i3-10세대 10100 (코멧레이크S),159890,,https://img.danuri.io/catalog-image/511/480/011/409d7a704fe347d9bf61aaeb73c5b0a8.jpg?shrink=130:130&_v=20260916080502,https://prod.danawa.com/info/?pcode=11480511&cate=112747
298,CPU,인텔,인텔 코어i3-10세대 10105 (코멧레이크S 리프레시),154560,,https://img.danuri.io/catalog-image/386/409/014/d707ee0ab97d4f33ba96fc5f4427859c.jpg?shrink=130:130&_v=20260917080534,https://prod.danawa.com/info/?pcode=14409386&cate=112747
299,CPU,인텔,인텔 코어i5-10세대 10600KF (코멧레이크S),169710,,https://img.danuri.io/catalog-image/750/110/012/90d917c43dc34a70aa0ea7456e810330.jpg?shrink=130:130&_v=20260917080701,https://prod.danawa.com/info/?pcode=12110750&cate=112747
300,CPU,인텔,인텔 코어i9-10세대 10900F (코멧레이크S),630000,,https://img.danuri.io/catalog-image/936/824/011/e683c8e826ce4572b4cfa92dea60655c.jpg?shrink=130:130&_v=20260917080516,https://prod.danawa.com/info/?pcode=11824936&cate=112747
301,CPU,인텔,인텔 코어i9-10세대 10850K (코멧레이크S),1699940,,https://img.danuri.io/catalog-image/624/872/012/f88391321c664c0895954a4ccf8ec1fb.jpg?shrink=130:130&_v=20260916080502,https://prod.danawa.com/info/?pcode=12872624&cate=112747
302,CPU,인텔,인텔 코어i9-10세대 10900KF (코멧레이크S),765600,,https://img.danuri.io/catalog-image/717/338/012/54d6199a1b8c4b359a197f2a0b1aa813.jpg?shrink=130:130&_v=20260913080401,https://prod.danawa.com/info/?pcode=12338717&cate=112747
303,CPU,인텔,인텔 코어i7-11세대 11700 (로켓레이크S),273980,,https://img.danuri.io/catalog-image/665/824/013/2860ebe31a6e40ae89cb3c2ceb67815b.jpg?shrink=130:130&_v=20260917080534,https://prod.danawa.com/info/?pcode=13824665&cate=112747
304,CPU,인텔,인텔 코어i5-11세대 11400 (로켓레이크S),216600,,https://img.danuri.io/catalog-image/185/809/013/da22181f143349b5b77ab7d3a450aa3d.jpg?shrink=130:130&_v=20260917202748,https://prod.danawa.com/info/?pcode=13809185&cate=112747
305,CPU,인텔,인텔 코어i5-11세대 11500 (로켓레이크S),221610,,https://img.danuri.io/catalog-image/269/809/013/dac4ccd485ef43e5afeee926ec825099.jpg?shrink=130:130&_v=20260917170408,https://prod.danawa.com/info/?pcode=13809269&cate=112747
306,CPU,인텔,인텔 코어i5-11세대 11400F (로켓레이크S),151100,,https://img.danuri.io/catalog-image/422/824/013/930c98b1cfdf4b879e270957faccf930.jpg?shrink=130:130&_v=20260917080534,https://prod.danawa.com/info/?pcode=13824422&cate=112747
307,CPU,인텔,인텔 코어i7-11세대 11700K (로켓레이크S),373290,,https://img.danuri.io/catalog-image/974/824/013/f0099ef76c2140e29bf64afa3537948d.jpg?shrink=130:130&_v=20260917080645,https://prod.danawa.com/info/?pcode=13824974&cate=112747
308,CPU,인텔,인텔 코어i7-11세대 11700F (로켓레이크S),558000,,https://img.danuri.io/catalog-image/481/753/013/45e727f90ce441e9aaeac82c1e339acf.jpg?shrink=130:130&_v=20260917080535,https://prod.danawa.com/info/?pcode=13753481&cate=112747
309,CPU,인텔,인텔 코어i9-11세대 11900F (로켓레이크S),481360,,https://img.danuri.io/catalog-image/319/825/013/5362238d68114561889740a46e968f67.jpg?shrink=130:130&_v=20260917080519,https://prod.danawa.com/info/?pcode=13825319&cate=112747
310,CPU,인텔,인텔 코어i9-11세대 11900K (로켓레이크S),558470,,https://img.danuri.io/catalog-image/984/867/014/3a91de2073ec4dc296aa23dcdd3c92ff.jpg?shrink=130:130&_v=20260917080516,https://prod.danawa.com/info/?pcode=14867984&cate=112747
311,CPU,인텔,인텔 코어i9-11세대 11900KF (로켓레이크S),559730,,https://img.danuri.io/catalog-image/337/848/014/3c5545f5b35a4d819af810681cf1f7e9.jpg?shrink=130:130&_v=20260917080441,https://prod.danawa.com/info/?pcode=14848337&cate=112747
312,CPU,인텔,인텔 코어i9-11세대 11900 (로켓레이크S),748000,,https://img.danuri.io/catalog-image/493/825/013/bb3d859536b34ea6818a4a1fc48bf140.jpg?shrink=130:130&_v=20260917080516,https://prod.danawa.com/info/?pcode=13825493&cate=112747
313,CPU,인텔,인텔 코어i5-11세대 11600K (로켓레이크S),485000,,https://img.danuri.io/catalog-image/710/809/013/8711dd95f5324b8796c16056d647670f.jpg?shrink=130:130&_v=20260917080534,https://prod.danawa.com/info/?pcode=13809710&cate=112747
314,CPU,인텔,인텔 코어i5-11세대 11600KF (로켓레이크S),229510,,https://img.danuri.io/catalog-image/219/096/014/54760b1450974da1a2b5584c6b72c51b.jpg?shrink=130:130&_v=20260911080501,https://prod.danawa.com/info/?pcode=14096219&cate=112747
315,CPU,인텔,인텔 코어i7-11세대 11700KF (로켓레이크S),705000,,https://img.danuri.io/catalog-image/121/825/013/3e2b3d81a2984efcb6ac7846d95decf7.jpg?shrink=130:130&_v=20260916080645,https://prod.danawa.com/info/?pcode=13825121&cate=112747
316,CPU,인텔,인텔 코어i5-12세대 12400F (엘더레이크),195000,,https://img.danuri.io/catalog-image/353/101/016/a732b743674647feb96a624e6dfa582c.jpg?shrink=130:130&_v=20260917170808,https://prod.danawa.com/info/?pcode=16101353&cate=112747
317,CPU,인텔,인텔 코어i5-12세대 12400 (엘더레이크),278270,,https://img.danuri.io/catalog-image/326/101/016/5c09dd1ae4e54356a701ddf0832ed844.jpg?shrink=130:130&_v=20260917170408,https://prod.danawa.com/info/?pcode=16101326&cate=112747
318,CPU,인텔,인텔 코어i7-12세대 12700F (엘더레이크),415220,,https://img.danuri.io/catalog-image/464/101/016/21a1ab7bfa604238bd811b55df0bf431.jpg?shrink=130:130&_v=20260917174458,https://prod.danawa.com/info/?pcode=16101464&cate=112747
319,CPU,인텔,인텔 코어i3-12세대 12100 (엘더레이크),171240,,https://img.danuri.io/catalog-image/083/101/016/1c997359df6246889d7c799b1c777674.jpg?shrink=130:130&_v=20260917174503,https://prod.danawa.com/info/?pcode=16101083&cate=112747
320,CPU,인텔,인텔 코어i7-12세대 12700K (엘더레이크),597990,,https://img.danuri.io/catalog-image/638/594/015/591c9b6e86cc483ebe2bd570d67622b9.jpg?shrink=130:130&_v=20260917080534,https://prod.danawa.com/info/?pcode=15594638&cate=112747
321,CPU,인텔,인텔 코어i9-12세대 12900K (엘더레이크),833990,,https://img.danuri.io/catalog-image/887/594/015/77a4da471afa479087182493b47afdc6.jpg?shrink=130:130&_v=20260917202638,https://prod.danawa.com/info/?pcode=15594887&cate=112747
322,CPU,인텔,인텔 코어i7-12세대 12700 (엘더레이크),555980,,https://img.danuri.io/catalog-image/809/140/016/52282f35fc594616a4d0dea09d5f3ae7.jpg?shrink=130:130&_v=20260917080519,https://prod.danawa.com/info/?pcode=16140809&cate=112747
323,CPU,인텔,인텔 코어i3-12세대 12100F (엘더레이크),189990,,https://img.danuri.io/catalog-image/179/101/016/3553c02b0a4741879e9cb2db39f0cddc.jpg?shrink=130:130&_v=20260917080531,https://prod.danawa.com/info/?pcode=16101179&cate=112747
324,CPU,인텔,인텔 코어i7-12세대 12700KF (엘더레이크),494000,,https://img.danuri.io/catalog-image/701/594/015/821500f8b8324db7888a5a34d58d94c0.jpg?shrink=130:130&_v=20260917080519,https://prod.danawa.com/info/?pcode=15594701&cate=112747
325,CPU,인텔,인텔 코어i9-12세대 12900 (엘더레이크),900000,,https://img.danuri.io/catalog-image/545/101/016/0b23923b0d1245bdbc599f3bc3e92f75.jpg?shrink=130:130&_v=20260917202753,https://prod.danawa.com/info/?pcode=16101545&cate=112747
326,CPU,인텔,인텔 코어i5-12세대 12500 (엘더레이크),388650,,https://img.danuri.io/catalog-image/900/232/016/ad3b94cb6d52451885c9e9d6f78fecd4.jpg?shrink=130:130&_v=20260917080516,https://prod.danawa.com/info/?pcode=16232900&cate=112747
327,CPU,인텔,인텔 코어i5-12세대 12600K (엘더레이크),320100,,https://img.danuri.io/catalog-image/510/752/015/c2dc949987fb488181b187e0ba22d86a.jpg?shrink=130:130&_v=20260917165723,https://prod.danawa.com/info/?pcode=15752510&cate=112747
328,CPU,인텔,인텔 코어i5-12세대 12600KF (엘더레이크),255290,,https://img.danuri.io/catalog-image/597/752/015/b64384612e954c85a60d4b5363b2fbe7.jpg?shrink=130:130&_v=20260917192558,https://prod.danawa.com/info/?pcode=15752597&cate=112747
329,CPU,인텔,인텔 코어i9-12세대 12900KF (엘더레이크),515440,,https://img.danuri.io/catalog-image/257/797/016/440315b8881f4fac966774b801e0ee00.jpg?shrink=130:130&_v=20260915080515,https://prod.danawa.com/info/?pcode=16797257&cate=112747
330,CPU,인텔,인텔 코어i5-12세대 12600 (엘더레이크),442000,,https://img.danuri.io/catalog-image/990/232/016/48c709ab59e84ee488deb3a46fa0c75e.jpg?shrink=130:130&_v=20260917080519,https://prod.danawa.com/info/?pcode=16232990&cate=112747
331,CPU,인텔,인텔 코어i3-12세대 12100T (엘더레이크),208000,,https://img.danuri.io/catalog-image/682/393/016/8a0523e380244191bea0aafd2b0c0aa9.jpg?shrink=130:130&_v=20260917080535,https://prod.danawa.com/info/?pcode=16393682&cate=112747
332,CPU,인텔,인텔 코어i5-12세대 12500T (엘더레이크),377990,,https://img.danuri.io/catalog-image/835/393/016/2bcbc94cd72b46e99c84ad35f21e443d.jpg?shrink=130:130&_v=20260917080519,https://prod.danawa.com/info/?pcode=16393835&cate=112747
333,CPU,인텔,인텔 코어i9-12세대 12900KS (엘더레이크),908000,,https://img.danuri.io/catalog-image/728/978/018/4b4e8d0851784e97b5172aefa938ba5d.jpg?shrink=130:130&_v=20260917080531,https://prod.danawa.com/info/?pcode=18978728&cate=112747
334,CPU,인텔,인텔 코어i9-12세대 12900F (엘더레이크),605000,,https://img.danuri.io/catalog-image/314/233/016/9daaf2b70d244c8ab98e67f4228b40a8.jpg?shrink=130:130&_v=20260912080511,https://prod.danawa.com/info/?pcode=16233314&cate=112747
335,CPU,인텔,인텔 코어i7-12세대 12700T (엘더레이크),590000,,https://img.danuri.io/catalog-image/964/393/016/ed5ed7b0bc98448ea77648e1f6cb6be5.jpg?shrink=130:130&_v=20260917080531,https://prod.danawa.com/info/?pcode=16393964&cate=112747
336,CPU,인텔,인텔 코어i9-12세대 12900T (엘더레이크),974000,,https://img.danuri.io/catalog-image/042/394/016/1281ace868f843b6aab388e88353f8be.jpg?shrink=130:130&_v=20260910080425,https://prod.danawa.com/info/?pcode=16394042&cate=112747
337,CPU,인텔,인텔 코어i5-12세대 12400T (엘더레이크),378000,,https://img.danuri.io/catalog-image/980/811/017/1cb00c04c76b48878fd34848f134a81d.jpg?shrink=130:130&_v=20260913080451,https://prod.danawa.com/info/?pcode=17811980&cate=112747
338,CPU,인텔,인텔 코어i9-13세대 13900K (랩터레이크),10000000,,https://img.danuri.io/catalog-image/569/039/018/775922461b5740d4b3cf5a2f2373fe4d.jpg?shrink=130:130&_v=20260917080516,https://prod.danawa.com/info/?pcode=18039569&cate=112747
339,CPU,인텔,인텔 코어i7-13세대 13700F (랩터레이크),525000,,https://img.danuri.io/catalog-image/379/640/018/0c10d52f3c304b62a3a35f16f57bd478.jpg?shrink=130:130&_v=20260917080516,https://prod.danawa.com/info/?pcode=18640379&cate=112747
340,CPU,인텔,인텔 코어i5-13세대 13400 (랩터레이크),299700,,https://img.danuri.io/catalog-image/286/640/018/ef6508d3712a4e35a10e3a17b5247e14.jpg?shrink=130:130&_v=20260917080645,https://prod.danawa.com/info/?pcode=18640286&cate=112747
341,CPU,인텔,인텔 코어i9-13세대 13900F (랩터레이크),752990,,https://img.danuri.io/catalog-image/442/640/018/29a763fa09d04336bf74cb939d5458ce.jpg?shrink=130:130&_v=20260917200859,https://prod.danawa.com/info/?pcode=18640442&cate=112747
342,CPU,인텔,인텔 코어i5-13세대 13500 (랩터레이크),434000,,https://img.danuri.io/catalog-image/319/640/018/2d1724db779b4cffab3375074a7d1407.jpg?shrink=130:130&_v=20260917080519,https://prod.danawa.com/info/?pcode=18640319&cate=112747
343,CPU,인텔,인텔 코어i5-13세대 13400F (랩터레이크),389000,,https://img.danuri.io/catalog-image/280/640/018/8051d021c45f45c4929ea024c993e89b.jpg?shrink=130:130&_v=20260917080519,https://prod.danawa.com/info/?pcode=18640280&cate=112747
344,CPU,인텔,인텔 코어i9-13세대 13900KF (랩터레이크),703080,,https://img.danuri.io/catalog-image/512/039/018/ca3acaa79ed5434686ed9756740feb1f.jpg?shrink=130:130&_v=20260917080519,https://prod.danawa.com/info/?pcode=18039512&cate=112747
345,CPU,인텔,인텔 코어i3-13세대 13100 (랩터레이크),497990,,https://img.danuri.io/catalog-image/205/640/018/48b5a35671af4e10b732ef91909801b2.jpg?shrink=130:130&_v=20260917080531,https://prod.danawa.com/info/?pcode=18640205&cate=112747
346,CPU,인텔,인텔 코어i9-13세대 13900 (랩터레이크),1043700,,https://img.danuri.io/catalog-image/472/640/018/6db9d61ed43f4a419e3db875f2a6c229.jpg?shrink=130:130&_v=20260917080534,https://prod.danawa.com/info/?pcode=18640472&cate=112747
347,CPU,인텔,인텔 코어i7-13세대 13700K (랩터레이크),667780,,https://img.danuri.io/catalog-image/374/039/018/c487c641780a445dab31e771c7679509.jpg?shrink=130:130&_v=20260917174503,https://prod.danawa.com/info/?pcode=18039374&cate=112747
348,CPU,인텔,인텔 코어i5-13세대 13600KF (랩터레이크),286830,,https://img.danuri.io/catalog-image/253/169/018/ea081ad887854243a80b622360de77da.jpg?shrink=130:130&_v=20260917140828,https://prod.danawa.com/info/?pcode=18169253&cate=112747
349,CPU,인텔,인텔 코어i5-13세대 13600K (랩터레이크),410000,,https://img.danuri.io/catalog-image/127/169/018/b7b14d8bea044f258d1a1021d20f4f8d.jpg?shrink=130:130&_v=20260917080535,https://prod.danawa.com/info/?pcode=18169127&cate=112747
350,CPU,인텔,인텔 코어i7-13세대 13700KF (랩터레이크),386410,,https://img.danuri.io/catalog-image/013/184/018/9f988c8785d345c2b8784e066c5c2c0a.jpg?shrink=130:130&_v=20260917080519,https://prod.danawa.com/info/?pcode=18184013&cate=112747
351,CPU,인텔,인텔 코어i7-13세대 13700 (랩터레이크),582440,,https://img.danuri.io/catalog-image/751/703/018/2c97b9008b12412191a6e79eea8283c6.jpg?shrink=130:130&_v=20260917080534,https://prod.danawa.com/info/?pcode=18703751&cate=112747
352,CPU,인텔,인텔 코어i5-13세대 13600 (랩터레이크),336710,,https://img.danuri.io/catalog-image/350/125/103/516cac1793c04329a78f8c2b04e392a7.jpg?shrink=130:130&_v=20260917141319,https://prod.danawa.com/info/?pcode=103125350&cate=112747
353,CPU,인텔,인텔 코어i3-13세대 13100F (랩터레이크),208000,,https://img.danuri.io/catalog-image/614/702/018/c84602ba1dad4fc89b84302f353d348d.jpg?shrink=130:130&_v=20260917080534,https://prod.danawa.com/info/?pcode=18702614&cate=112747
354,CPU,인텔,인텔 코어i9-13세대 13900KS (랩터레이크),1100000,,https://img.danuri.io/catalog-image/844/925/018/ca976017c96f4a44a1ce86617c1c8b92.jpg?shrink=130:130&_v=20260916080408,https://prod.danawa.com/info/?pcode=18925844&cate=112747
355,CPU,인텔,인텔 코어i7-13세대 13700T (랩터레이크),760990,,https://img.danuri.io/catalog-image/336/665/018/c5412d069503499597e02b5bfbade172.jpg?shrink=130:130&_v=20260915080515,https://prod.danawa.com/info/?pcode=18665336&cate=112747
356,CPU,인텔,인텔 코어i5-13세대 13500T (랩터레이크),477990,,https://img.danuri.io/catalog-image/261/665/018/fc8258b24eed49ecbe1df8c944dca52a.jpg?shrink=130:130&_v=20260917080534,https://prod.danawa.com/info/?pcode=18665261&cate=112747
357,CPU,인텔,인텔 코어i9-13세대 13900T (랩터레이크),971490,,https://img.danuri.io/catalog-image/705/710/018/d10a1a0a69d74e86bf8a7d205a63b5ce.jpg?shrink=130:130&_v=20260917202623,https://prod.danawa.com/info/?pcode=18710705&cate=112747
358,CPU,인텔,인텔 코어i3-13세대 13100T (랩터레이크),477990,,https://img.danuri.io/catalog-image/090/665/018/1a3536a122d444718064401d0f914404.jpg?shrink=130:130&_v=20260915080533,https://prod.danawa.com/info/?pcode=18665090&cate=112747
359,CPU,인텔,인텔 코어i5-14세대 14400F (랩터레이크 리프레시),232680,,https://img.danuri.io/catalog-image/634/555/076/ab130cd78017482facccc38b49de78e5.jpg?shrink=130:130&_v=20260917130349,https://prod.danawa.com/info/?pcode=76555634&cate=112747
360,CPU,인텔,인텔 코어i5-14세대 14600KF (랩터레이크 리프레시),296980,,https://img.danuri.io/catalog-image/685/555/076/8a6d2c3e1859495999b726358e44aa13.jpg?shrink=130:130&_v=20260917161248,https://prod.danawa.com/info/?pcode=76555685&cate=112747
361,CPU,인텔,인텔 코어i5-14세대 14400 (랩터레이크 리프레시),296250,,https://img.danuri.io/catalog-image/580/038/032/fedc01f6d2aa4138987969d7d6a649b1.jpg?shrink=130:130&_v=20260917202108,https://prod.danawa.com/info/?pcode=32038580&cate=112747
362,CPU,인텔,인텔 코어i5-14세대 14600K (랩터레이크 리프레시),331500,,https://img.danuri.io/catalog-image/654/799/028/38b3d57cd5814fdb82f9f83ed3744db3.jpg?shrink=130:130&_v=20260917080519,https://prod.danawa.com/info/?pcode=28799654&cate=112747
363,CPU,인텔,인텔 코어i9-14세대 14900K (랩터레이크 리프레시),820500,,https://img.danuri.io/catalog-image/964/798/028/96dc699919324998899285c7ad5dfc3e.jpg?shrink=130:130&_v=20260917200645,https://prod.danawa.com/info/?pcode=28798964&cate=112747
364,CPU,인텔,인텔 코어i9-14세대 14900KF (랩터레이크 리프레시),711120,,https://img.danuri.io/catalog-image/180/799/028/000c1a5a21c84f8396c37b39faf0a923.jpg?shrink=130:130&_v=20260917080701,https://prod.danawa.com/info/?pcode=28799180&cate=112747
365,CPU,인텔,인텔 코어i3-14세대 14100 (랩터레이크 리프레시),195990,,https://img.danuri.io/catalog-image/820/038/032/d4b05004d47248c2be63458fe341c611.jpg?shrink=130:130&_v=20260917170224,https://prod.danawa.com/info/?pcode=32038820&cate=112747
366,CPU,인텔,인텔 코어i7-14세대 14700F (랩터레이크 리프레시),534710,,https://img.danuri.io/catalog-image/936/156/032/8c5408962e284c9eb279b53934b68d84.jpg?shrink=130:130&_v=20260917141003,https://prod.danawa.com/info/?pcode=32156936&cate=112747
367,CPU,인텔,인텔 코어i7-14세대 14700 (랩터레이크 리프레시),572490,,https://img.danuri.io/catalog-image/001/038/032/89f3a4b784fc4ffa88e8ab3425f890b9.jpg?shrink=130:130&_v=20260917170248,https://prod.danawa.com/info/?pcode=32038001&cate=112747
368,CPU,인텔,인텔 코어i5-14세대 14500 (랩터레이크 리프레시),363440,,https://img.danuri.io/catalog-image/256/038/032/6496148c064e400390cab8666296cd72.jpg?shrink=130:130&_v=20260917141109,https://prod.danawa.com/info/?pcode=32038256&cate=112747
369,CPU,인텔,인텔 코어i7-14세대 14700KF (랩터레이크 리프레시),545150,,https://img.danuri.io/catalog-image/498/799/028/3f8b616dc99a4c3cb07a2c2d1eff9b37.jpg?shrink=130:130&_v=20260917191908,https://prod.danawa.com/info/?pcode=28799498&cate=112747
370,CPU,인텔,인텔 코어i3-14세대 14100F (랩터레이크 리프레시),152080,,https://img.danuri.io/catalog-image/895/038/032/4bbab872688149088c77e2cfb57b5182.jpg?shrink=130:130&_v=20260917202623,https://prod.danawa.com/info/?pcode=32038895&cate=112747
371,CPU,인텔,인텔 코어i9-14세대 14900 (랩터레이크 리프레시),857310,,https://img.danuri.io/catalog-image/824/037/032/d77e8dfb0c804baabd401e121b1053a5.jpg?shrink=130:130&_v=20260917155708,https://prod.danawa.com/info/?pcode=32037824&cate=112747
372,CPU,인텔,인텔 코어i9-14세대 14900F (랩터레이크 리프레시),824580,,https://img.danuri.io/catalog-image/701/037/032/46a5a40a885b48ce8b92e6305fe767d9.jpg?shrink=130:130&_v=20260917200428,https://prod.danawa.com/info/?pcode=32037701&cate=112747
373,CPU,인텔,인텔 코어i9-14세대 14900KS (랩터레이크 리프레시),1150000,,https://img.danuri.io/catalog-image/423/895/040/475676cb2a1346f7a20c0c4e60661796.jpg?shrink=130:130&_v=20260917080701,https://prod.danawa.com/info/?pcode=40895423&cate=112747
374,CPU,인텔,인텔 코어i7-14세대 14700K (랩터레이크 리프레시),780000,,https://img.danuri.io/catalog-image/435/799/028/00ff65d03d6c40d894576c0992a6b1aa.jpg?shrink=130:130&_v=20260917080519,https://prod.danawa.com/info/?pcode=28799435&cate=112747
375,CPU,인텔,인텔 코어i9-14세대 14900T (랩터레이크 리프레시),978990,,https://img.danuri.io/catalog-image/732/444/032/964e4dd78b3e46a49846b7ec9fd7ebd3.jpg?shrink=130:130&_v=20260917080519,https://prod.danawa.com/info/?pcode=32444732&cate=112747
376,CPU,인텔,인텔 코어i5-14세대 14500T (랩터레이크 리프레시),465860,,https://img.danuri.io/catalog-image/899/463/032/a52fef33a7e947b0ae3d53d812ebf050.jpg?shrink=130:130&_v=20260917080645,https://prod.danawa.com/info/?pcode=32463899&cate=112747
377,CPU,인텔,인텔 코어i3-14세대 14100T (랩터레이크 리프레시),281280,,https://img.danuri.io/catalog-image/280/464/032/c67b1cde57fe46b59d31a03bea2f451d.jpg?shrink=130:130&_v=20260916174303,https://prod.danawa.com/info/?pcode=32464280&cate=112747
378,CPU,인텔,인텔 코어i7-14세대 14700T (랩터레이크 리프레시),761000,,https://img.danuri.io/catalog-image/785/457/032/447d3bca0a7c4462ab47800fe597e40d.jpg?shrink=130:130&_v=20260917080519,https://prod.danawa.com/info/?pcode=32457785&cate=112747
379,CPU,인텔,인텔 코어 울트라7 시리즈2 270K Plus (애로우레이크 리프레시),501390,,https://img.danuri.io/catalog-image/286/424/108/99707b6716c34b4ca86d6b09e240bd54.jpeg?shrink=130:130&_v=20260917115559,https://prod.danawa.com/info/?pcode=108424286&cate=112747
380,CPU,인텔,인텔 코어 울트라5 시리즈2 250K Plus (애로우레이크 리프레시),342240,,https://img.danuri.io/catalog-image/451/424/108/028b5a624a2040858e8e6fce9ae93d0d.jpg?shrink=130:130&_v=20260917200408,https://prod.danawa.com/info/?pcode=108424451&cate=112747
381,CPU,인텔,인텔 코어 울트라9 시리즈2 285K (애로우레이크),924000,,https://img.danuri.io/catalog-image/459/059/069/f596f70b1f41408199e406a42713293e.jpeg?shrink=130:130&_v=20260917200653,https://prod.danawa.com/info/?pcode=69059459&cate=112747
382,CPU,인텔,인텔 코어 울트라5 시리즈2 225 (애로우레이크),283990,,https://img.danuri.io/catalog-image/084/123/074/681b0e546dbf411e8e24e0aab0b19849.jpg?shrink=130:130&_v=20260917202633,https://prod.danawa.com/info/?pcode=74123084&cate=112747
383,CPU,인텔,인텔 코어 울트라5 시리즈2 245K (애로우레이크),320290,,https://img.danuri.io/catalog-image/753/059/069/1742d30858614f50b2c7c952723b3fb7.jpg?shrink=130:130&_v=20260917150253,https://prod.danawa.com/info/?pcode=69059753&cate=112747
384,CPU,인텔,인텔 코어 울트라7 시리즈2 265K (애로우레이크),508000,,https://img.danuri.io/catalog-image/687/059/069/cc8f82a9b77145369c850e01fd6fe9ea.jpg?shrink=130:130&_v=20260917141003,https://prod.danawa.com/info/?pcode=69059687&cate=112747
385,CPU,인텔,인텔 코어 울트라5 시리즈2 225F (애로우레이크),214930,,https://img.danuri.io/catalog-image/111/123/074/c3c593b37f8c42a2b1f2d040adc4025e.jpg?shrink=130:130&_v=20260917200453,https://prod.danawa.com/info/?pcode=74123111&cate=112747
386,CPU,인텔,인텔 코어 울트라5 시리즈2 250KF Plus (애로우레이크 리프레시),328930,,https://img.danuri.io/catalog-image/457/424/108/28d0ca17564b4546af665b26bdd8d4a5.jpg?shrink=130:130&_v=20260917200403,https://prod.danawa.com/info/?pcode=108424457&cate=112747
387,CPU,인텔,인텔 코어 울트라9 시리즈2 285 (애로우레이크),904000,,https://img.danuri.io/catalog-image/559/122/074/6b23d56f75924a01903a5adace2b1518.jpg?shrink=130:130&_v=20260917080519,https://prod.danawa.com/info/?pcode=74122559&cate=112747
388,CPU,인텔,인텔 코어 울트라7 시리즈2 265KF (애로우레이크),477000,,https://img.danuri.io/catalog-image/723/059/069/0e0953994b2d48eebcdb524dc9b73469.jpg?shrink=130:130&_v=20260917130239,https://prod.danawa.com/info/?pcode=69059723&cate=112747
389,CPU,인텔,인텔 코어 울트라5 시리즈2 235 (애로우레이크),411000,,https://img.danuri.io/catalog-image/036/123/074/e32daea76ebc4b3bbadc0e1f898eaa83.jpg?shrink=130:130&_v=20260917170323,https://prod.danawa.com/info/?pcode=74123036&cate=112747
390,CPU,인텔,인텔 코어 울트라5 시리즈2 245KF (애로우레이크),289680,,https://img.danuri.io/catalog-image/771/059/069/0b801a077f3c4e5eac495bd1957e087a.jpg?shrink=130:130&_v=20260917183143,https://prod.danawa.com/info/?pcode=69059771&cate=112747
391,CPU,인텔,인텔 코어 울트라7 시리즈2 265F (애로우레이크),534000,,https://img.danuri.io/catalog-image/937/122/074/4cfb925ce5ff4d5fa05ef04f8dd7be03.jpg?shrink=130:130&_v=20260917080701,https://prod.danawa.com/info/?pcode=74122937&cate=112747
392,CPU,인텔,인텔 코어 울트라7 시리즈2 265 (애로우레이크),549210,,https://img.danuri.io/catalog-image/820/583/096/f899f45e10804e2786e35cc9281a41a4.jpg?shrink=130:130&_v=20260917125613,https://prod.danawa.com/info/?pcode=96583820&cate=112747
393,CPU,인텔,인텔 코어 울트라5 시리즈2 245 (애로우레이크),368000,,https://img.danuri.io/catalog-image/243/500/093/21209dcd1e0544d0aef5f45ce527f7d8.jpg?shrink=130:130&_v=20260917161249,https://prod.danawa.com/info/?pcode=93500243&cate=112747
394,CPU,인텔,인텔 코어 울트라9 시리즈2 285T (애로우레이크),1006210,,https://img.danuri.io/catalog-image/643/583/096/02206308b8194098af65e9d286804cd0.jpg?shrink=130:130&_v=20260917200048,https://prod.danawa.com/info/?pcode=96583643&cate=112747
395,CPU,인텔,인텔 코어 울트라5 시리즈2 225T (애로우레이크),487310,,https://img.danuri.io/catalog-image/438/584/096/83c68b8dafc045819b06104d70534f5b.jpg?shrink=130:130&_v=20260917080645,https://prod.danawa.com/info/?pcode=96584438&cate=112747
396,CPU,인텔,인텔 코어 울트라7 시리즈2 265T (애로우레이크),734990,,https://img.danuri.io/catalog-image/015/584/096/e5ee7b3107f74588b8679b6e6dcc2b5c.jpg?shrink=130:130&_v=20260916202608,https://prod.danawa.com/info/?pcode=96584015&cate=112747
397,CPU,인텔,인텔 코어 울트라5 시리즈2 235T (애로우레이크),508990,,https://img.danuri.io/catalog-image/405/584/096/298e42e0394640e3b5995c7979757ed2.jpg?shrink=130:130&_v=20260917080701,https://prod.danawa.com/info/?pcode=96584405&cate=112747
398,CPU,AMD,AMD 라이젠5-2세대 3400G (피카소),104710,,https://img.danuri.io/catalog-image/534/176/010/8dd9987e27d84fb9850e616539f7a4af.jpg?shrink=130:130&_v=20260917141019,https://prod.danawa.com/info/?pcode=10176534&cate=112747
399,CPU,AMD,AMD 라이젠5-3세대 3600 (마티스),115380,,https://img.danuri.io/catalog-image/092/861/010/57d9462a440f40f3b39bff0158d13848.jpg?shrink=130:130&_v=20260917130139,https://prod.danawa.com/info/?pcode=10861092&cate=112747
400,CPU,AMD,AMD 라이젠3-2세대 3200G (피카소),87700,,https://img.danuri.io/catalog-image/291/460/008/a24eac89501a4973b2fe9a9b5d003cd0.jpg?shrink=130:130&_v=20260917080531,https://prod.danawa.com/info/?pcode=8460291&cate=112747
401,CPU,AMD,AMD 라이젠9-3세대 3900X (마티스),1500000,,https://img.danuri.io/catalog-image/111/457/008/7a501f31287d44af836da41a35a88ce9.jpg?shrink=130:130&_v=20260917080441,https://prod.danawa.com/info/?pcode=8457111&cate=112747
402,CPU,AMD,AMD 라이젠3-3세대 3300X (마티스),270000,,https://img.danuri.io/catalog-image/094/625/012/b94dfca8a698495ebe69f829e7f9a324.jpg?shrink=130:130&_v=20260915080515,https://prod.danawa.com/info/?pcode=12625094&cate=112747
403,CPU,AMD,AMD 라이젠5-3세대 3600X (마티스),109700,,https://img.danuri.io/catalog-image/358/024/011/ed17ddf56cf84dcfa5553578d968731d.jpg?shrink=130:130&_v=20260917080701,https://prod.danawa.com/info/?pcode=11024358&cate=112747
404,CPU,AMD,AMD 라이젠7-3세대 3700X (마티스),405000,,https://img.danuri.io/catalog-image/629/421/009/49cfc462886843688b17aecef812ae48.jpg?shrink=130:130&_v=20260917080519,https://prod.danawa.com/info/?pcode=9421629&cate=112747
405,CPU,AMD,AMD 라이젠7-3세대 3800X (마티스),560760,,https://img.danuri.io/catalog-image/781/459/008/884225c71bf94fb59d6945b84b02aa89.jpg?shrink=130:130&_v=20260917080516,https://prod.danawa.com/info/?pcode=8459781&cate=112747
406,CPU,AMD,AMD 라이젠9-3세대 3950X (마티스),442400,,https://img.danuri.io/catalog-image/701/026/011/f945558fc5d140df93abab910105a184.jpg?shrink=130:130&_v=20260917080531,https://prod.danawa.com/info/?pcode=11026701&cate=112747
407,CPU,AMD,AMD 라이젠5-3세대 3500 (마티스),98940,,https://img.danuri.io/catalog-image/140/936/075/6114b15207904c0ab2548a0e7ad0da08.jpg?shrink=130:130&_v=20260916080502,https://prod.danawa.com/info/?pcode=75936140&cate=112747
408,CPU,AMD,AMD 라이젠3-3세대 3100 (마티스),74490,,https://img.danuri.io/catalog-image/864/200/012/4a3bcfdb3973492d902b44697baed62b.jpg?shrink=130:130&_v=20260917080519,https://prod.danawa.com/info/?pcode=12200864&cate=112747
409,CPU,AMD,AMD 라이젠9-3세대 3900XT (마티스),500000,,https://img.danuri.io/catalog-image/828/338/012/a6d3a3d15cd84ec6b24c0841c3966910.jpg?shrink=130:130&_v=20260907080619,https://prod.danawa.com/info/?pcode=12338828&cate=112747
410,CPU,AMD,AMD 라이젠7-3세대 3800XT (마티스),166250,,https://img.danuri.io/catalog-image/966/338/012/5c0c86bef5de4be282dced1da3403671.jpg?shrink=130:130&_v=20260917080441,https://prod.danawa.com/info/?pcode=12338966&cate=112747
411,CPU,AMD,AMD 라이젠5-3세대 3500X (마티스),113540,,https://img.danuri.io/catalog-image/591/744/017/bfabea40e6964794b5268c0a65aa62cd.jpg?shrink=130:130&_v=20260916080408,https://prod.danawa.com/info/?pcode=17744591&cate=112747
412,CPU,AMD,AMD 라이젠5-3세대 3600XT (마티스),106880,,https://img.danuri.io/catalog-image/050/339/012/c3a9f495589447a8b3135c43a2c83b14.jpg?shrink=130:130&_v=20260917080519,https://prod.danawa.com/info/?pcode=12339050&cate=112747
413,CPU,AMD,AMD 라이젠5-3세대 4600G (르누아르),8530,,https://img.danuri.io/catalog-image/790/287/017/1dc92ad1933f4da593c2b3b6dfddf4b9.jpg?shrink=130:130&_v=20260917080701,https://prod.danawa.com/info/?pcode=17287790&cate=112747
414,CPU,AMD,AMD 라이젠3-3세대 4100 (르누아르-X),81000,,https://img.danuri.io/catalog-image/590/740/016/a85145f2917a472ea1787349f7b8c979.jpg?shrink=130:130&_v=20260917080519,https://prod.danawa.com/info/?pcode=16740590&cate=112747
415,CPU,AMD,AMD 라이젠5 PRO 4650G (르누아르),220000,,https://img.danuri.io/catalog-image/443/876/011/e61a2aaa3899440790e36ea8816104f8.jpg?shrink=130:130&_v=20260917080516,https://prod.danawa.com/info/?pcode=11876443&cate=112747
416,CPU,AMD,AMD 라이젠5-3세대 4500 (르누아르-X),103630,,https://img.danuri.io/catalog-image/596/950/016/27cfae8b553b4c9da1f384289e556fd0.jpg?shrink=130:130&_v=20260917080645,https://prod.danawa.com/info/?pcode=16950596&cate=112747
417,CPU,AMD,AMD 라이젠7 PRO 4750G (르누아르),273270,,https://img.danuri.io/catalog-image/365/276/015/bd87550f1c0a48b995c03e8c53fc9d2d.jpg?shrink=130:130&_v=20260917080519,https://prod.danawa.com/info/?pcode=15276365&cate=112747
418,CPU,AMD,AMD 라이젠3 PRO 4350G (르누아르),104990,,https://img.danuri.io/catalog-image/354/704/018/6d9a68bd6d2c438daf01dbfe73c1ab93.jpg?shrink=130:130&_v=20260917080516,https://prod.danawa.com/info/?pcode=18704354&cate=112747
419,CPU,AMD,AMD 라이젠5-4세대 5500GT (세잔),194920,,https://img.danuri.io/catalog-image/171/218/054/897e8c2c8f4b459eb9972f5f9a0bf661.jpg?shrink=130:130&_v=20260917080441,https://prod.danawa.com/info/?pcode=54218171&cate=112747
420,CPU,AMD,AMD 라이젠5-4세대 5600 (버미어),161990,,https://img.danuri.io/catalog-image/211/741/016/adc88269a44341158839cad040af7b1c.jpg?shrink=130:130&_v=20260917175809,https://prod.danawa.com/info/?pcode=16741211&cate=112747
421,CPU,AMD,AMD 라이젠7-4세대 5700X (버미어),298980,,https://img.danuri.io/catalog-image/349/741/016/57d76ed6f1054e0092b9878f4e654167.jpg?shrink=130:130&_v=20260917080441,https://prod.danawa.com/info/?pcode=16741349&cate=112747
422,CPU,AMD,AMD 라이젠7-4세대 5800X3D AM4 10주년 기념 에디션 (버미어),581680,,https://img.danuri.io/catalog-image/750/711/122/0765bf4fb5d74b9a91c93eac0f232f58.jpeg?shrink=130:130&_v=20260917200718,https://prod.danawa.com/info/?pcode=122711750&cate=112747
423,CPU,AMD,AMD 라이젠5-4세대 5600G (세잔),219480,,https://img.danuri.io/catalog-image/675/927/014/0bd22220b83943abbdc72a4133e61bac.jpg?shrink=130:130&_v=20260917170153,https://prod.danawa.com/info/?pcode=14927675&cate=112747
424,CPU,AMD,AMD 라이젠5-4세대 5600GT (세잔),224460,,https://img.danuri.io/catalog-image/690/167/060/a922a03bc40a4fca92cc948f0048d21a.jpg?shrink=130:130&_v=20260917170250,https://prod.danawa.com/info/?pcode=60167690&cate=112747
425,CPU,AMD,AMD 라이젠7-4세대 5800X3D (버미어),565440,,https://img.danuri.io/catalog-image/231/521/027/2ac0c3e74a434ce29e57ca26f9595a6f.jpg?shrink=130:130&_v=20260917141119,https://prod.danawa.com/info/?pcode=27521231&cate=112747
426,CPU,AMD,AMD 라이젠3-2세대 3200G (피카소),92250,,https://img.danuri.io/catalog-image/438/401/012/f52d403b41d14711ab80aca354f76f3e.jpg?shrink=130:130&_v=20260917170318,https://prod.danawa.com/info/?pcode=12401438&cate=112747
427,CPU,AMD,AMD 라이젠7-4세대 5700G (세잔),322990,,https://img.danuri.io/catalog-image/759/927/014/f43a74610ca94399bdd688b7b2fb6b13.jpg?shrink=130:130&_v=20260917080519,https://prod.danawa.com/info/?pcode=14927759&cate=112747
428,CPU,AMD,AMD 라이젠7-4세대 5700X3D (버미어),699500,,https://img.danuri.io/catalog-image/865/336/034/ef3c4457fd794528a38815e8fa66fa20.jpg?shrink=130:130&_v=20260917080534,https://prod.danawa.com/info/?pcode=34336865&cate=112747
429,CPU,AMD,AMD 라이젠5-4세대 5600X (버미어),600000,,https://img.danuri.io/catalog-image/265/625/012/ae11273cf1854e46873670b244e18469.jpg?shrink=130:130&_v=20260917080519,https://prod.danawa.com/info/?pcode=12625265&cate=112747
430,CPU,AMD,AMD 라이젠7-4세대 5800X (버미어),365000,,https://img.danuri.io/catalog-image/422/902/013/e96a372453444b87bd8ab5d284606bcd.jpg?shrink=130:130&_v=20260917080534,https://prod.danawa.com/info/?pcode=13902422&cate=112747
431,CPU,AMD,AMD 라이젠5-4세대 5500 (세잔),159690,,https://img.danuri.io/catalog-image/090/688/106/1e86161e13e846509ddc3265f14d2c76.jpg?shrink=130:130&_v=20260917080516,https://prod.danawa.com/info/?pcode=106688090&cate=112747
432,CPU,AMD,AMD 라이젠9-4세대 5950X (버미어),735000,,https://img.danuri.io/catalog-image/262/172/013/75b500e1e64b483e8b1d104db8037e2c.jpg?shrink=130:130&_v=20260917080534,https://prod.danawa.com/info/?pcode=13172262&cate=112747
433,CPU,AMD,AMD 라이젠9-4세대 5900X (버미어),759000,,https://img.danuri.io/catalog-image/425/837/012/121cb4fb4893400ea195b3fdfb3e621e.jpg?shrink=130:130&_v=20260917080519,https://prod.danawa.com/info/?pcode=12837425&cate=112747
434,CPU,AMD,AMD 라이젠3 PRO 5350GE  (세잔),168000,,https://img.danuri.io/catalog-image/216/217/124/050dd449ce9a43ee8efc624228213f21.jpeg?shrink=130:130&_v=20260917080441,https://prod.danawa.com/info/?pcode=124217216&cate=112747
435,CPU,AMD,AMD 라이젠9-4세대 5900XT (버미어),700000,,https://img.danuri.io/catalog-image/036/165/062/57faaf6d0e984d65b3ead520681d5bc5.jpg?shrink=130:130&_v=20260917080519,https://prod.danawa.com/info/?pcode=62165036&cate=112747
436,CPU,AMD,AMD 라이젠3-4세대 5300G (세잔),178670,,https://img.danuri.io/catalog-image/251/254/070/05ec9e33bf5941e09205f2b3ebd00daf.jpg?shrink=130:130&_v=20260917080645,https://prod.danawa.com/info/?pcode=70254251&cate=112747
437,CPU,AMD,AMD 라이젠5-4세대 5600XT (버미어),398000,,https://img.danuri.io/catalog-image/159/051/074/1ba367af17b2420191b5d0838ce4abd3.jpg?shrink=130:130&_v=20260917080516,https://prod.danawa.com/info/?pcode=74051159&cate=112747
438,CPU,AMD,AMD 라이젠5-4세대 5600T (버미어),230170,,https://img.danuri.io/catalog-image/059/254/070/faf343dbf0384665a74e6de8b776b003.jpg?shrink=130:130&_v=20260917130853,https://prod.danawa.com/info/?pcode=70254059&cate=112747
439,CPU,AMD,AMD 라이젠7-4세대 5700 (세잔),334810,,https://img.danuri.io/catalog-image/090/337/034/7565267e82b44a3fb8c68378266364e9.jpg?shrink=130:130&_v=20260916080502,https://prod.danawa.com/info/?pcode=34337090&cate=112747
440,CPU,AMD,AMD 라이젠7-5세대 7800X3D (라파엘),441490,,https://img.danuri.io/catalog-image/934/627/019/06dbb694db084f5b8ddca38ffa95d717.jpg?shrink=130:130&_v=20260917145708,https://prod.danawa.com/info/?pcode=19627934&cate=112747
441,CPU,AMD,AMD 라이젠5-5세대 7500F (라파엘),174800,,https://img.danuri.io/catalog-image/499/694/021/def25f4b749f47b499d21a4023537502.jpg?shrink=130:130&_v=20260917080519,https://prod.danawa.com/info/?pcode=21694499&cate=112747
442,CPU,AMD,AMD 라이젠5-5세대 7500X3D (라파엘),316600,,https://img.danuri.io/catalog-image/188/223/104/024ce0eba5f0448fab82a5962975de0d.jpg?shrink=130:130&_v=20260917112653,https://prod.danawa.com/info/?pcode=104223188&cate=112747
443,CPU,AMD,AMD 라이젠7-5세대 7700X3D (라파엘),428890,,https://img.danuri.io/catalog-image/946/234/123/407d7ff17c024d2cbd88b8336b57805b.jpeg?shrink=130:130&_v=20260917201148,https://prod.danawa.com/info/?pcode=123234946&cate=112747
444,CPU,AMD,AMD 라이젠9-5세대 7950X3D (라파엘),689630,,https://img.danuri.io/catalog-image/601/627/019/2b263713649947868d8f1477bb39b4a6.jpg?shrink=130:130&_v=20260917170228,https://prod.danawa.com/info/?pcode=19627601&cate=112747
445,CPU,AMD,AMD 라이젠9-5세대 7950X (라파엘),1500000,,https://img.danuri.io/catalog-image/197/613/020/06af130126d4459fa5b9d31fc2f0306f.jpg?shrink=130:130&_v=20260917080516,https://prod.danawa.com/info/?pcode=20613197&cate=112747
446,CPU,AMD,AMD 라이젠5-5세대 7400F (라파엘),169470,,https://img.danuri.io/catalog-image/328/705/097/a43ab1d1050847c085ff1a78c3547a25.jpg?shrink=130:130&_v=20260917201543,https://prod.danawa.com/info/?pcode=97705328&cate=112747
447,CPU,AMD,AMD 라이젠9-5세대 7900 (라파엘),484930,,https://img.danuri.io/catalog-image/631/718/018/6543339aba9a40919760e175ab568f77.jpg?shrink=130:130&_v=20260917080535,https://prod.danawa.com/info/?pcode=18718631&cate=112747
448,CPU,AMD,AMD 라이젠5-5세대 7600 (라파엘),221750,,https://img.danuri.io/catalog-image/496/718/018/031ab8fed06846d89d6b4f8acbf4f953.jpg?shrink=130:130&_v=20260917185744,https://prod.danawa.com/info/?pcode=18718496&cate=112747
449,CPU,AMD,AMD 라이젠7-5세대 7700X (라파엘),363000,,https://img.danuri.io/catalog-image/140/945/027/b7f63096e7e445e19ea42c5c5153e305.jpg?shrink=130:130&_v=20260917140924,https://prod.danawa.com/info/?pcode=27945140&cate=112747
450,CPU,AMD,AMD 라이젠7-5세대 7700 (라파엘),345990,,https://img.danuri.io/catalog-image/538/718/018/acced76a7e814740af194b9c6d1d9678.jpg?shrink=130:130&_v=20260917202638,https://prod.danawa.com/info/?pcode=18718538&cate=112747
451,CPU,AMD,AMD 라이젠9-5세대 7900X (라파엘),415000,,https://img.danuri.io/catalog-image/418/402/028/38a8c5af5a6f489ca8a8020db05f5982.jpg?shrink=130:130&_v=20260917141208,https://prod.danawa.com/info/?pcode=28402418&cate=112747
452,CPU,AMD,AMD 라이젠5-5세대 7400 (라파엘),189230,,https://img.danuri.io/catalog-image/163/705/097/595c39eba53c4fb5a241a5b954c139a4.jpg?shrink=130:130&_v=20260917080645,https://prod.danawa.com/info/?pcode=97705163&cate=112747
453,CPU,AMD,AMD 라이젠5-5세대 7600X (라파엘),292390,,https://img.danuri.io/catalog-image/619/757/027/401fe76f11614244af4830e37873f663.jpg?shrink=130:130&_v=20260917080519,https://prod.danawa.com/info/?pcode=27757619&cate=112747
454,CPU,AMD,AMD 라이젠9-5세대 7900X3D (라파엘),804590,,https://img.danuri.io/catalog-image/457/627/019/6ac35c3ef4a147debe3a094bf431d8b4.jpg?shrink=130:130&_v=20260917080645,https://prod.danawa.com/info/?pcode=19627457&cate=112747
455,CPU,AMD,AMD 라이젠5 PRO 7645 (라파엘),269380,,https://img.danuri.io/catalog-image/575/658/029/0ee122c95f57419a9fcbc10bd50d02d5.jpeg?shrink=130:130&_v=20260917080516,https://prod.danawa.com/info/?pcode=29658575&cate=112747
456,CPU,AMD,AMD 라이젠7 PRO 7745 (라파엘),513620,,https://img.danuri.io/catalog-image/509/658/029/c9f6667535464bfa9ae9295ff17e8161.jpeg?shrink=130:130&_v=20260917080645,https://prod.danawa.com/info/?pcode=29658509&cate=112747
457,CPU,AMD,AMD 라이젠9 PRO 7945 (라파엘),751890,,https://img.danuri.io/catalog-image/350/658/029/957b40cb69994b31aaa415d4cb9c0c92.jpeg?shrink=130:130&_v=20260917080531,https://prod.danawa.com/info/?pcode=29658350&cate=112747
458,CPU,AMD,AMD 라이젠5-5세대 8600G (피닉스),268480,,https://img.danuri.io/catalog-image/204/170/060/aa27cf4ab30a4e05bcc9321292e58654.jpg?shrink=130:130&_v=20260917170403,https://prod.danawa.com/info/?pcode=60170204&cate=112747
459,CPU,AMD,AMD 라이젠5-5세대 8500G (피닉스),235980,,https://img.danuri.io/catalog-image/150/170/060/0ee6f732c94c4c2bade65ea082db94ca.jpg?shrink=130:130&_v=20260917141323,https://prod.danawa.com/info/?pcode=60170150&cate=112747
460,CPU,AMD,AMD 라이젠7-5세대 8700F (피닉스),224990,,https://img.danuri.io/catalog-image/649/779/053/0d076cec6c4649348b31a36811f4eb15.jpg?shrink=130:130&_v=20260917090100,https://prod.danawa.com/info/?pcode=53779649&cate=112747
461,CPU,AMD,AMD 라이젠7-5세대 8700G (피닉스),413460,,https://img.danuri.io/catalog-image/169/933/058/ee8db602bea340d98e08afa99c3f2a7a.jpg?shrink=130:130&_v=20260917202428,https://prod.danawa.com/info/?pcode=58933169&cate=112747
462,CPU,AMD,AMD 라이젠5-5세대 8400F (피닉스),172340,,https://img.danuri.io/catalog-image/130/626/053/7a238831e22e466b91c8a767c68a738e.jpg?shrink=130:130&_v=20260917155718,https://prod.danawa.com/info/?pcode=53626130&cate=112747
463,CPU,AMD,AMD 라이젠5 PRO 8500G (피닉스),285890,,https://img.danuri.io/catalog-image/789/621/122/a5a10a34e59e4e5cbb74683d66394022.jpeg?shrink=130:130&_v=20260917080645,https://prod.danawa.com/info/?pcode=122621789&cate=112747
464,CPU,AMD,AMD 라이젠5 PRO 8600G (피닉스),305750,,https://img.danuri.io/catalog-image/460/222/106/a994791baa63491baf4a051fbe4b74aa.jpg?shrink=130:130&_v=20260917080701,https://prod.danawa.com/info/?pcode=106222460&cate=112747
465,CPU,AMD,AMD 라이젠7-6세대 9800X3D (그래니트 릿지),652540,,https://img.danuri.io/catalog-image/547/531/070/749fd202aa5d4ebaac1438998c3addd2.jpeg?shrink=130:130&_v=20260917170053,https://prod.danawa.com/info/?pcode=70531547&cate=112747
466,CPU,AMD,AMD 라이젠5-6세대 9600X (그래니트 릿지),274250,,https://img.danuri.io/catalog-image/079/794/062/a21e7ef2993f4154ba69804f7264dde5.jpg?shrink=130:130&_v=20260917170313,https://prod.danawa.com/info/?pcode=62794079&cate=112747
467,CPU,AMD,AMD 라이젠9-6세대 9950X3D (그래니트 릿지),935720,,https://img.danuri.io/catalog-image/914/790/077/f80e6f0109e4459da565e989f77c7c8a.jpg?shrink=130:130&_v=20260917081403,https://prod.danawa.com/info/?pcode=77790914&cate=112747
468,CPU,AMD,AMD 라이젠7-6세대 9700X (그래니트 릿지),392950,,https://img.danuri.io/catalog-image/082/794/062/87e11a2d022646898224f79f01fc402b.jpg?shrink=130:130&_v=20260917153603,https://prod.danawa.com/info/?pcode=62794082&cate=112747
469,CPU,AMD,AMD 라이젠7-6세대 9850X3D (그래니트 릿지),715460,,https://img.danuri.io/catalog-image/873/627/104/b5f564ff6f4347658844c3feb6f2e965.jpg?shrink=130:130&_v=20260917172628,https://prod.danawa.com/info/?pcode=104627873&cate=112747
470,CPU,AMD,AMD 라이젠9-6세대 9950X3D2 (그래니트 릿지),1419620,,https://img.danuri.io/catalog-image/011/634/122/8c8805d983984bc68a255b1155c1cb8a.jpeg?shrink=130:130&_v=20260917161248,https://prod.danawa.com/info/?pcode=122634011&cate=112747
471,CPU,AMD,AMD 라이젠5-6세대 9500F (그래니트 릿지),255000,,https://img.danuri.io/catalog-image/881/704/097/71d47148647d4c56abf5802e5e8c44a1.jpeg?shrink=130:130&_v=20260917080535,https://prod.danawa.com/info/?pcode=97704881&cate=112747
472,CPU,AMD,AMD 라이젠9-6세대 9900X (그래니트 릿지),620760,,https://img.danuri.io/catalog-image/387/140/063/79f289fdd4a24638b3d962033adc4db3.jpg?shrink=130:130&_v=20260917195348,https://prod.danawa.com/info/?pcode=63140387&cate=112747
473,CPU,AMD,AMD 라이젠9-6세대 9950X (그래니트 릿지),827440,,https://img.danuri.io/catalog-image/417/140/063/8b3e09b7b0f344798024a07b1e4d770b.jpg?shrink=130:130&_v=20260917160548,https://prod.danawa.com/info/?pcode=63140417&cate=112747
474,CPU,AMD,AMD 라이젠5-6세대 9600 (그래니트 릿지),262280,,https://img.danuri.io/catalog-image/280/465/076/8f0ce5a51f7d4b638200caf529ecb91f.jpg?shrink=130:130&_v=20260917200938,https://prod.danawa.com/info/?pcode=76465280&cate=112747
475,CPU,AMD,AMD 라이젠9-6세대 9900X3D (그래니트 릿지),809370,,https://img.danuri.io/catalog-image/890/790/077/3cde2c2726494fbe9f73ba767d73c3cf.jpg?shrink=130:130&_v=20260917090736,https://prod.danawa.com/info/?pcode=77790890&cate=112747
