part_id,category,brand,part_name,price,is_discontinued,image_url,product_url,ram_type,capacity_gb,speed_mhz,module_count
1,RAM,삼성전자,삼성전자 DDR4-3200,79900,Y,https://img.danuri.io/catalog-image/857/541/011/a5cd8f444ed445cf94eefda7d25a45ff.jpg?shrink=130:130&_v=20260917080645,https://prod.danawa.com/info/?pcode=11541857&cate=112752,DDR4,8,3200,1
2,RAM,삼성전자,삼성전자 DDR4-3200 중고,66300,,https://img.danuri.io/catalog-image/048/578/015/0eb8a8efdd134cecbdb4b118bfbcb6ef.jpg?shrink=130:130&_v=20260917184903,https://prod.danawa.com/info/?pcode=15578048&cate=112752,DDR4,8,3200,1
3,RAM,삼성전자,삼성전자 DDR4-2666 중고,54990,,https://img.danuri.io/catalog-image/972/158/008/c61a9e406e5e4ded92ebecaa56723ab2.jpg?shrink=130:130&_v=20260917173649,https://prod.danawa.com/info/?pcode=8158972&cate=112752,DDR4,8,2666,1
4,RAM,삼성전자,삼성전자 DDR4-2133 중고,50770,,https://img.danuri.io/catalog-image/841/676/005/69b084a45b564b7b8fe4a490d7838c77.jpg?shrink=130:130&_v=20260917185744,https://prod.danawa.com/info/?pcode=5676841&cate=112752,DDR4,8,2133,1
5,RAM,삼성전자,삼성전자 DDR4-2666,65390,Y,https://img.danuri.io/catalog-image/666/937/005/cefa1d5c69ad4e918d512ad0d0fa1587.jpg?shrink=130:130&_v=20260917170948,https://prod.danawa.com/info/?pcode=5937666&cate=112752,DDR4,8,2666,1
6,RAM,삼성전자,삼성전자 DDR4-2400,55000,,https://img.danuri.io/catalog-image/051/343/004/5e5d16947c3c418da09cbf110f418303.jpg?shrink=130:130&_v=20260917184903,https://prod.danawa.com/info/?pcode=4343051&cate=112752,DDR4,8,2400,1
7,RAM,삼성전자,삼성전자 DDR4-2400 중고,53980,,https://img.danuri.io/catalog-image/449/236/011/ccb5cb44a01f4785b4f203721b3b66a9.jpg?shrink=130:130&_v=20260917185713,https://prod.danawa.com/info/?pcode=11236449&cate=112752,DDR4,8,2400,1
8,RAM,삼성전자,삼성전자 DDR4-2933,95000,,https://img.danuri.io/catalog-image/427/376/010/b17f839a12d5482b90667d9002712525.jpg?shrink=130:130&_v=20260917080516,https://prod.danawa.com/info/?pcode=10376427&cate=112752,DDR4,8,2933,1
9,RAM,삼성전자,삼성전자 DDR4-2933 중고,98890,,https://img.danuri.io/catalog-image/794/844/017/56790e9c0bd54a3082b68135606e7798.jpg?shrink=130:130&_v=20260917222642,https://prod.danawa.com/info/?pcode=17844794&cate=112752,DDR4,8,2933,1
10,RAM,PATRIOT,PATRIOT DDR4-3200 CL22 SIGNATURE,85480,,https://img.danuri.io/catalog-image/204/445/011/02aee2852aae442e84e7ccbbf8c0f43b.jpg?shrink=130:130&_v=20260917080645,https://prod.danawa.com/info/?pcode=11445204&cate=112752,DDR4,8,3200,1
11,RAM,ESSENCORE,ESSENCORE KLEVV DDR4-3200 CL22 파인인포,87060,,https://img.danuri.io/catalog-image/049/787/011/347bdd54366b42bda45c57e58c8f7458.jpg?shrink=130:130&_v=20260917202629,https://prod.danawa.com/info/?pcode=11787049&cate=112752,DDR4,8,3200,1
12,RAM,ESSENCORE,ESSENCORE KLEVV DDR4-3200 CL16 BOLT X 서린,119000,,https://img.danuri.io/catalog-image/110/867/027/5a0a8963ae364c72b22851f732325fe9.jpg?shrink=130:130&_v=20260917080534,https://prod.danawa.com/info/?pcode=27867110&cate=112752,DDR4,8,3200,1
13,RAM,ESSENCORE,ESSENCORE KLEVV DDR4-3200 CL22 중고,85000,,https://img.danuri.io/catalog-image/874/133/123/d87f0318f80b4b69a69b3427d26aaf7b.jpg?shrink=130:130&_v=20260916080628,https://prod.danawa.com/info/?pcode=123133874&cate=112752,DDR4,8,3200,1
14,RAM,G.SKILL,G.SKILL DDR4-3200 CL16 AEGIS,85000,,https://img.danuri.io/catalog-image/730/593/009/e88cbc1960b54b73a2cdeba056cc3473.jpg?shrink=130:130&_v=20260917172603,https://prod.danawa.com/info/?pcode=9593730&cate=112752,DDR4,8,3200,1
15,RAM,G.SKILL,G.SKILL DDR4-2666 CL19 AEGIS,89980,,https://img.danuri.io/catalog-image/268/002/006/4fb2be646b5e4d36a484f3b6a5ca44d8.jpg?shrink=130:130&_v=20260917175718,https://prod.danawa.com/info/?pcode=6002268&cate=112752,DDR4,8,2666,1
16,RAM,TeamGroup,TeamGroup DDR4-3200 Elite 서린,102830,,https://img.danuri.io/catalog-image/443/907/014/bc99606c337e4676b6ad50ec8df0867b.jpg?shrink=130:130&_v=20260917080441,https://prod.danawa.com/info/?pcode=14907443&cate=112752,DDR4,8,3200,1
17,RAM,TeamGroup,TeamGroup DDR4-3200 Elite,85480,,https://img.danuri.io/catalog-image/141/188/010/506b651d3b5a42568bf2f8f547eed219.jpg?shrink=130:130&_v=20260917172448,https://prod.danawa.com/info/?pcode=10188141&cate=112752,DDR4,8,3200,1
18,RAM,TeamGroup,TeamGroup DDR4-2666 Elite,86000,,https://img.danuri.io/catalog-image/228/680/005/93e912e85e42400a98456411e54360fb.jpg?shrink=130:130&_v=20260916080628,https://prod.danawa.com/info/?pcode=5680228&cate=112752,DDR4,8,2666,1
19,RAM,삼성전자,삼성전자 DDR4-3200 중고,173990,,https://img.danuri.io/catalog-image/766/126/016/370bda7aeaa04dd6b81a6d96cd55d09a.jpg?shrink=130:130&_v=20260917184908,https://prod.danawa.com/info/?pcode=16126766&cate=112752,DDR4,16,3200,1
20,RAM,삼성전자,삼성전자 DDR4-3200,193980,Y,https://img.danuri.io/catalog-image/199/790/011/2aa64d8e13ee41f291ffd8598e7961a2.jpg?shrink=130:130&_v=20260917080701,https://prod.danawa.com/info/?pcode=11790199&cate=112752,DDR4,16,3200,1
21,RAM,삼성전자,삼성전자 DDR4-2666 중고,133730,,https://img.danuri.io/catalog-image/329/165/008/440844aaa86546b2ba3f925746b0eb94.jpg?shrink=130:130&_v=20260917173658,https://prod.danawa.com/info/?pcode=8165329&cate=112752,DDR4,16,2666,1
22,RAM,삼성전자,삼성전자 DDR4-2400,122260,,https://img.danuri.io/catalog-image/874/519/004/76155a99343d4e90b669929eb79f5a33.jpg?shrink=130:130&_v=20260917154649,https://prod.danawa.com/info/?pcode=4519874&cate=112752,DDR4,16,2400,1
23,RAM,삼성전자,삼성전자 DDR4-2666,147560,Y,https://img.danuri.io/catalog-image/995/941/005/5cab55f928b14a6a8308eb5b8f132241.jpg?shrink=130:130&_v=20260917091558,https://prod.danawa.com/info/?pcode=5941995&cate=112752,DDR4,16,2666,1
24,RAM,삼성전자,삼성전자 DDR4-2400 중고,122990,,https://img.danuri.io/catalog-image/180/298/011/2a42cc5972bd4e57b32d9993bfb565ba.jpg?shrink=130:130&_v=20260917170154,https://prod.danawa.com/info/?pcode=11298180&cate=112752,DDR4,16,2400,1
25,RAM,삼성전자,삼성전자 DDR4-2133 중고,112680,,https://img.danuri.io/catalog-image/709/823/012/f67b478abda74d42851bb12eea29a9b0.jpg?shrink=130:130&_v=20260917080516,https://prod.danawa.com/info/?pcode=12823709&cate=112752,DDR4,16,2133,1
26,RAM,삼성전자,삼성전자 DDR4-2133,129900,,https://img.danuri.io/catalog-image/273/898/116/4c610b6034ae412b8b38827a412187b4.jpg?shrink=130:130&_v=20260917080516,https://prod.danawa.com/info/?pcode=116898273&cate=112752,DDR4,16,2133,1
27,RAM,삼성전자,삼성전자 DDR4-2933,199890,,https://img.danuri.io/catalog-image/242/513/012/c20e8566499b48a8b0057f1cbc409dad.jpg?shrink=130:130&_v=20260917080531,https://prod.danawa.com/info/?pcode=12513242&cate=112752,DDR4,16,2933,1
28,RAM,PATRIOT,PATRIOT DDR4-3200 CL22 SIGNATURE,166110,,https://img.danuri.io/catalog-image/216/445/011/4da20768569447c8bbd5c930833a3d96.jpg?shrink=130:130&_v=20260917090029,https://prod.danawa.com/info/?pcode=11445216&cate=112752,DDR4,16,3200,1
29,RAM,PATRIOT,PATRIOT DDR4-2666 CL19 SIGNATURE,150000,,https://img.danuri.io/catalog-image/236/607/008/6834b3b7c87e48979a4b8176995d072f.jpg?shrink=130:130&_v=20260916201608,https://prod.danawa.com/info/?pcode=8607236&cate=112752,DDR4,16,2666,1
30,RAM,ESSENCORE,ESSENCORE KLEVV DDR4-3200 CL22 파인인포,179890,,https://img.danuri.io/catalog-image/091/787/011/c695e1a1e23f43beb0d1cf8a4ab2dc41.jpg?shrink=130:130&_v=20260917184903,https://prod.danawa.com/info/?pcode=11787091&cate=112752,DDR4,16,3200,1
31,RAM,ESSENCORE,ESSENCORE KLEVV DDR4-2666 CL19 파인인포,181000,,https://img.danuri.io/catalog-image/978/390/009/35073cfc078d4834bdce4c196e1d17d9.jpg?shrink=130:130&_v=20260916080519,https://prod.danawa.com/info/?pcode=9390978&cate=112752,DDR4,16,2666,1
32,RAM,G.SKILL,G.SKILL DDR4-3200 CL16 AEGIS,180000,,https://img.danuri.io/catalog-image/742/593/009/5591d0bf36a3408f8fd2be7a9342780c.jpg?shrink=130:130&_v=20260917161958,https://prod.danawa.com/info/?pcode=9593742&cate=112752,DDR4,16,3200,1
33,RAM,G.SKILL,G.SKILL DDR4-3600 CL18 TRIDENT Z RGB 패키지,207000,,https://img.danuri.io/catalog-image/059/431/011/78b676c62ae84713ae48706792e5c1e3.jpg?shrink=130:130&_v=20260917140758,https://prod.danawa.com/info/?pcode=11431059&cate=112752,DDR4,16,3600,2
34,RAM,G.SKILL,G.SKILL DDR4-3200 CL16 TRIDENT Z RGB 패키지,203000,,https://img.danuri.io/catalog-image/070/905/004/7e3102cb29544f1f82ee3cb2f9a53c92.jpg?shrink=130:130&_v=20260917170258,https://prod.danawa.com/info/?pcode=4905070&cate=112752,DDR4,16,3200,2
35,RAM,G.SKILL,G.SKILL DDR4-3200 CL16 TRIDENT ZKW 패키지,201520,,https://img.danuri.io/catalog-image/107/589/004/58f5152002b64f6f9c647908a98db185.jpg?shrink=130:130&_v=20260917170228,https://prod.danawa.com/info/?pcode=4589107&cate=112752,DDR4,16,3200,2
36,RAM,G.SKILL,G.SKILL DDR4-3600 CL16 TRIDENT Z NEO C 패키지,218900,,https://img.danuri.io/catalog-image/838/470/009/0d533978c873482f9024b19ff3da1373.jpg?shrink=130:130&_v=20260917161958,https://prod.danawa.com/info/?pcode=9470838&cate=112752,DDR4,16,3600,2
37,RAM,G.SKILL,G.SKILL DDR4-2666 CL19 AEGIS,161500,,https://img.danuri.io/catalog-image/147/540/006/2a091ffa99b74195b1eae81c1de1c8ae.jpg?shrink=130:130&_v=20260917080519,https://prod.danawa.com/info/?pcode=6540147&cate=112752,DDR4,16,2666,1
38,RAM,G.SKILL,G.SKILL DDR4-3200 CL16 TRIDENT Z 패키지,201520,,https://img.danuri.io/catalog-image/724/439/003/afe8a1635fc64be8af71c774b95c1ca8.jpg?shrink=130:130&_v=20260917160348,https://prod.danawa.com/info/?pcode=3439724&cate=112752,DDR4,16,3200,2
39,RAM,G.SKILL,G.SKILL DDR4-3200 CL14 TRIDENT Z RGB 패키지,220000,,https://img.danuri.io/catalog-image/041/905/004/b136bb9e52514f349853f50da3f25221.jpg?shrink=130:130&_v=20260917080519,https://prod.danawa.com/info/?pcode=4905041&cate=112752,DDR4,16,3200,2
40,RAM,G.SKILL,G.SKILL DDR4-3200 CL16 RIPJAWS V VK,206230,,https://img.danuri.io/catalog-image/593/571/004/5d787891ea8b4d10ade10d1189802c15.jpg?shrink=130:130&_v=20260917080519,https://prod.danawa.com/info/?pcode=4571593&cate=112752,DDR4,16,3200,1
41,RAM,G.SKILL,G.SKILL DDR4-3600 CL18 TRIDENT Z ROYAL 실버 패키지,782650,,https://img.danuri.io/catalog-image/186/030/007/5e0057849f174f0b8d83811b02b30d20.jpg?shrink=130:130&_v=20260917080441,https://prod.danawa.com/info/?pcode=7030186&cate=112752,DDR4,16,3600,2
42,RAM,G.SKILL,G.SKILL DDR4-3600 CL18 TRIDENT Z RGB 패키지 (해외구매),245810,,https://img.danuri.io/catalog-image/175/643/018/f1ebf9e465bc4ec2b9da3cedb8c14f58.jpg?shrink=130:130&_v=20260902080656,https://prod.danawa.com/info/?pcode=18643175&cate=112752,DDR4,16,3600,2
43,RAM,TeamGroup,TeamGroup DDR4-3200 Elite 서린,192260,,https://img.danuri.io/catalog-image/467/907/014/e02d0849155840b7bac2346ebade2645.jpg?shrink=130:130&_v=20260917080645,https://prod.danawa.com/info/?pcode=14907467&cate=112752,DDR4,16,3200,1
44,RAM,TeamGroup,TeamGroup T-Force DDR4-3200 CL16 Delta RGB 화이트 패키지 서린,229980,,https://img.danuri.io/catalog-image/475/320/007/af2d5d9aa5b144ec967ee7635f7e334d.jpg?shrink=130:130&_v=20260917080519,https://prod.danawa.com/info/?pcode=7320475&cate=112752,DDR4,16,3200,2
45,RAM,TeamGroup,TeamGroup T-Force DDR4-3200 CL16 Delta RGB 패키지 서린,223880,,https://img.danuri.io/catalog-image/400/320/007/7de6d35f196048d7ac2f7775c5fe4daf.jpg?shrink=130:130&_v=20260917080441,https://prod.danawa.com/info/?pcode=7320400&cate=112752,DDR4,16,3200,2
46,RAM,TeamGroup,TeamGroup T-Force DDR4-3600 CL18 Delta RGB 패키지 서린,227040,,https://img.danuri.io/catalog-image/119/380/011/ad0cd5f877fe421d949ef203ec4b0780.jpg?shrink=130:130&_v=20260917080519,https://prod.danawa.com/info/?pcode=11380119&cate=112752,DDR4,16,3600,2
47,RAM,TeamGroup,TeamGroup T-Force DDR4-3600 CL18 Delta RGB 화이트 패키지 서린,232980,,https://img.danuri.io/catalog-image/437/380/011/438aa93f94cd4d42bdeab8b11f827b3e.jpg?shrink=130:130&_v=20260917170318,https://prod.danawa.com/info/?pcode=11380437&cate=112752,DDR4,16,3600,2
48,RAM,TeamGroup,TeamGroup T-CREATE DDR4-3600 CL18 EXPERT OC10L 패키지 서린,221980,,https://img.danuri.io/catalog-image/076/981/013/1af142637a6643938d837529c8bc3699.jpg?shrink=130:130&_v=20260917080519,https://prod.danawa.com/info/?pcode=13981076&cate=112752,DDR4,16,3600,2
49,RAM,TeamGroup,TeamGroup T-Force DDR4-3600 CL18 Vulcan Z Gray 패키지 서린,223130,,https://img.danuri.io/catalog-image/745/747/106/e0cc4a09a552412694692bdeb3692f96.jpg?shrink=130:130&_v=20260917080645,https://prod.danawa.com/info/?pcode=106747745&cate=112752,DDR4,16,3600,2
50,RAM,TeamGroup,TeamGroup T-Force DDR4-3200 CL16 DARK Z RED 패키지,215060,,https://img.danuri.io/catalog-image/006/389/010/ab620e2c462e48e3a18807342bb4da0f.jpg?shrink=130:130&_v=20260912080528,https://prod.danawa.com/info/?pcode=10389006&cate=112752,DDR4,16,3200,2
51,RAM,TeamGroup,TeamGroup DDR4-3200 Elite,198900,,https://img.danuri.io/catalog-image/159/188/010/9b37f79203004855b1406be4db566826.jpg?shrink=130:130&_v=20260917080441,https://prod.danawa.com/info/?pcode=10188159&cate=112752,DDR4,16,3200,1
52,RAM,TeamGroup,TeamGroup T-Force DDR4-3200 CL16 XTREEM ARGB 패키지,210990,,https://img.danuri.io/catalog-image/262/462/011/ba4c5a2d47f748d6a7fd9cc7a011e822.jpg?shrink=130:130&_v=20260917080441,https://prod.danawa.com/info/?pcode=11462262&cate=112752,DDR4,16,3200,2
53,RAM,TeamGroup,TeamGroup T-Force DDR4-3600 CL18 Delta RGB 화이트 패키지,232990,,https://img.danuri.io/catalog-image/869/858/011/2c9f6ee157cf4c2e89ffabe42552579d.jpg?shrink=130:130&_v=20260915080424,https://prod.danawa.com/info/?pcode=11858869&cate=112752,DDR4,16,3600,2
54,RAM,TeamGroup,TeamGroup T-Force T-Force DDR4-3600 CL18 Delta RGB 화이트 패키지,279650,,https://img.danuri.io/catalog-image/632/838/118/df4a29d8ffa446b899300185d947c56b.jpg?shrink=130:130&_v=20260917071258,https://prod.danawa.com/info/?pcode=118838632&cate=112752,DDR4,16,3600,2
55,RAM,삼성전자,삼성전자 DDR4-3200,490990,Y,https://img.danuri.io/catalog-image/636/028/011/be1991c834bc4d7d883cc663c9de2e68.jpg?shrink=130:130&_v=20260917141213,https://prod.danawa.com/info/?pcode=11028636&cate=112752,DDR4,32,3200,1
56,RAM,삼성전자,삼성전자 DDR4-2666 중고,271990,,https://img.danuri.io/catalog-image/414/493/016/241bdf956c9e4e039bae5ab3e4d479dd.jpg?shrink=130:130&_v=20260917201948,https://prod.danawa.com/info/?pcode=16493414&cate=112752,DDR4,32,2666,1
57,RAM,삼성전자,삼성전자 DDR4-3200 중고,347800,,https://img.danuri.io/catalog-image/045/379/016/3ca27668d5f44c5ab40c0b5e0c6eae28.jpg?shrink=130:130&_v=20260917164718,https://prod.danawa.com/info/?pcode=16379045&cate=112752,DDR4,32,3200,1
58,RAM,삼성전자,삼성전자 DDR4-2666,303080,Y,https://img.danuri.io/catalog-image/391/239/009/ccd3cba1935b44eca66e365b7f22bc9d.jpg?shrink=130:130&_v=20260917111948,https://prod.danawa.com/info/?pcode=9239391&cate=112752,DDR4,32,2666,1
59,RAM,삼성전자,삼성전자 DDR4-2933,299000,,https://img.danuri.io/catalog-image/992/541/011/427bf4323fb84ceeaa00389cf75faea2.jpg?shrink=130:130&_v=20260917090019,https://prod.danawa.com/info/?pcode=11541992&cate=112752,DDR4,32,2933,1
60,RAM,PATRIOT,PATRIOT DDR4-3200 CL22 SIGNATURE,424000,,https://img.danuri.io/catalog-image/219/445/011/030a50febdf3451d928880c3b4d0ef5c.jpg?shrink=130:130&_v=20260917080519,https://prod.danawa.com/info/?pcode=11445219&cate=112752,DDR4,32,3200,1
61,RAM,ESSENCORE,ESSENCORE KLEVV DDR4-3200 CL22 파인인포,431990,,https://img.danuri.io/catalog-image/474/858/014/76d6cfb64668484a914be93d4c4d4eb6.jpg?shrink=130:130&_v=20260917131258,https://prod.danawa.com/info/?pcode=14858474&cate=112752,DDR4,32,3200,1
62,RAM,ESSENCORE,ESSENCORE KLEVV DDR4-3200 CL22 중고,363840,,https://img.danuri.io/catalog-image/867/133/123/851ff3f41ce442f69c187af4b5c6865b.jpg?shrink=130:130&_v=20260917080519,https://prod.danawa.com/info/?pcode=123133867&cate=112752,DDR4,32,3200,1
63,RAM,G.SKILL,G.SKILL DDR4-3600 CL16 TRIDENT Z NEO C 패키지,415360,,https://img.danuri.io/catalog-image/405/480/009/a61b14fb481643ff859019071efe75c2.jpg?shrink=130:130&_v=20260917172403,https://prod.danawa.com/info/?pcode=9480405&cate=112752,DDR4,32,3600,2
64,RAM,G.SKILL,G.SKILL DDR4-3600 CL18 TRIDENT Z RGB 패키지,392810,,https://img.danuri.io/catalog-image/083/431/011/6d89d365ce3343659cc66d9079417ac4.jpg?shrink=130:130&_v=20260917080516,https://prod.danawa.com/info/?pcode=11431083&cate=112752,DDR4,32,3600,2
65,RAM,TeamGroup,TeamGroup T-Force DDR4-3600 CL18 Delta RGB 화이트 패키지 서린,445000,,https://img.danuri.io/catalog-image/467/380/011/cbe295ec41e148a988833179c136915f.jpg?shrink=130:130&_v=20260917080519,https://prod.danawa.com/info/?pcode=11380467&cate=112752,DDR4,32,3600,2
66,RAM,TeamGroup,TeamGroup T-Force DDR4-3200 CL16-20-20 Delta RGB 패키지 서린,425640,,https://img.danuri.io/catalog-image/455/876/012/954e7914b7814b69811920323df3ea68.jpg?shrink=130:130&_v=20260917140903,https://prod.danawa.com/info/?pcode=12876455&cate=112752,DDR4,32,3200,2
67,RAM,TeamGroup,TeamGroup T-Force DDR4-3600 CL18 Delta RGB 패키지 서린,445000,,https://img.danuri.io/catalog-image/332/380/011/61665cd6df5c430190e29538f9a51576.jpg?shrink=130:130&_v=20260917080441,https://prod.danawa.com/info/?pcode=11380332&cate=112752,DDR4,32,3600,2
68,RAM,TeamGroup,TeamGroup T-CREATE DDR4-3600 CL18 EXPERT OC10L 패키지 서린,428980,,https://img.danuri.io/catalog-image/106/981/013/33b91653bdf0416cbce21eaa595e66a6.jpg?shrink=130:130&_v=20260917080534,https://prod.danawa.com/info/?pcode=13981106&cate=112752,DDR4,32,3600,2
69,RAM,TeamGroup,TeamGroup T-Force DDR4-3200 CL16-20-20 Delta RGB 화이트 패키지 서린,433550,,https://img.danuri.io/catalog-image/503/876/012/e723d9e9432c42e295a27387a16928f8.jpg?shrink=130:130&_v=20260917140934,https://prod.danawa.com/info/?pcode=12876503&cate=112752,DDR4,32,3200,2
70,RAM,TeamGroup,TeamGroup T-Force DDR4-3200 CL16 Delta RGB 화이트 패키지 서린,440000,,https://img.danuri.io/catalog-image/865/320/007/b669c444d0e04d5a8e10317a0d3c779e.jpg?shrink=130:130&_v=20260917080441,https://prod.danawa.com/info/?pcode=7320865&cate=112752,DDR4,32,3200,2
71,RAM,TeamGroup,TeamGroup DDR4-3200 Elite 서린,399000,,https://img.danuri.io/catalog-image/485/907/014/0f223d52fa424865b92f69d1829fb006.jpg?shrink=130:130&_v=20260917080519,https://prod.danawa.com/info/?pcode=14907485&cate=112752,DDR4,32,3200,1
72,RAM,TeamGroup,TeamGroup T-Force DDR4-3200 CL16 Delta RGB 패키지 서린,440000,,https://img.danuri.io/catalog-image/805/320/007/f421dd17cb0e4a288a6217d099a4a3af.jpg?shrink=130:130&_v=20260917080519,https://prod.danawa.com/info/?pcode=7320805&cate=112752,DDR4,32,3200,2
73,RAM,TeamGroup,TeamGroup DDR4-3200 Elite 중고,290000,,https://img.danuri.io/catalog-image/860/133/123/c1a97936756a429288a8e75007a9a4a4.jpg?shrink=130:130&_v=20260917174933,https://prod.danawa.com/info/?pcode=123133860&cate=112752,DDR4,32,3200,1
74,RAM,TeamGroup,TeamGroup T-Force DDR4-3600 CL18 Delta RGB 패키지,428960,,https://img.danuri.io/catalog-image/860/858/011/880f6ae4d2cd499eb18ba315abfdc8ae.jpg?shrink=130:130&_v=20260917141213,https://prod.danawa.com/info/?pcode=11858860&cate=112752,DDR4,32,3600,2
75,RAM,TeamGroup,TeamGroup T-Force DDR4-3200 CL16 Delta RGB 패키지,389850,,https://img.danuri.io/catalog-image/872/935/006/22eb5b27392d411daf696134cd4ce0c0.jpg?shrink=130:130&_v=20260917222713,https://prod.danawa.com/info/?pcode=6935872&cate=112752,DDR4,32,3200,2
76,RAM,TeamGroup,TeamGroup T-Force DDR4-3200 CL16-20-20 Delta RGB 패키지,428240,,https://img.danuri.io/catalog-image/028/958/012/01df4d5af142488cb8c763e9655422a0.jpg?shrink=130:130&_v=20260917080534,https://prod.danawa.com/info/?pcode=12958028&cate=112752,DDR4,32,3200,2
77,RAM,TeamGroup,TeamGroup T-Force DDR4-3600 CL18 Delta RGB 화이트 패키지,445000,,https://img.danuri.io/catalog-image/875/858/011/390f4dce39a64cfd8b087c26b50a6689.jpg?shrink=130:130&_v=20260917080519,https://prod.danawa.com/info/?pcode=11858875&cate=112752,DDR4,32,3600,2
78,RAM,G.SKILL,G.SKILL DDR4-3600 CL18 TRIDENT Z NEO 패키지,770000,,https://img.danuri.io/catalog-image/452/044/011/31e4daabde92461e866ba1e8a5d8d800.jpg?shrink=130:130&_v=20260917080645,https://prod.danawa.com/info/?pcode=11044452&cate=112752,DDR4,64,3600,2
79,RAM,삼성전자,삼성전자 DDR5-5600,182580,,https://img.danuri.io/catalog-image/771/911/018/9d0b8840eb7b4413bfc91bc45fac4970.jpg?shrink=130:130&_v=20260917200748,https://prod.danawa.com/info/?pcode=18911771&cate=112752,DDR5,8,5600,1
80,RAM,삼성전자,삼성전자 DDR5-4800,177750,,https://img.danuri.io/catalog-image/927/388/016/4cc3e3ef5e94404aa8b0bd107d5ce38c.jpg?shrink=130:130&_v=20260917124909,https://prod.danawa.com/info/?pcode=16388927&cate=112752,DDR5,8,4800,1
81,RAM,삼성전자,삼성전자 DDR5-6400 CL52 CUDIMM,181600,,https://img.danuri.io/catalog-image/649/391/108/62988408143049909624ea820be34ebe.jpg?shrink=130:130&_v=20260917200508,https://prod.danawa.com/info/?pcode=108391649&cate=112752,DDR5,8,6400,1
82,RAM,삼성전자,삼성전자 DDR5-4800 병행수입,173910,,https://img.danuri.io/catalog-image/247/390/016/1ce11be439be4cfe913dec96aa3256f7.jpg?shrink=130:130&_v=20260917080645,https://prod.danawa.com/info/?pcode=16390247&cate=112752,DDR5,8,4800,1
83,RAM,삼성전자,삼성전자 DDR5-5600 중고,177410,,https://img.danuri.io/catalog-image/097/623/122/9ce77d1016204fe784d0eb5730a2823c.jpg?shrink=130:130&_v=20260917200148,https://prod.danawa.com/info/?pcode=122623097&cate=112752,DDR5,8,5600,1
84,RAM,삼성전자,삼성전자 DDR5-7200 CL58 CUDIMM,188080,,https://img.danuri.io/catalog-image/277/237/124/32d24ce029124eccbbbb9ea7a165016b.jpeg?shrink=130:130&_v=20260917200408,https://prod.danawa.com/info/?pcode=124237277&cate=112752,DDR5,8,7200,1
85,RAM,PATRIOT,PATRIOT DDR5-5600 CL46 EVO,180000,,https://img.danuri.io/catalog-image/760/709/057/b28104b1a57943ca8ee633d3db01dce6.jpg?shrink=130:130&_v=20260917110150,https://prod.danawa.com/info/?pcode=57709760&cate=112752,DDR5,8,5600,1
86,RAM,PATRIOT,PATRIOT DDR5-5600 CL46 SIGNATURE PREMIUM 블랙,194990,,https://img.danuri.io/catalog-image/529/946/099/69b70a270cc54d189629a83cf370ea26.jpg?shrink=130:130&_v=20260917110152,https://prod.danawa.com/info/?pcode=99946529&cate=112752,DDR5,8,5600,1
87,RAM,PATRIOT,PATRIOT DDR5-5600 CL46 SIGNATURE PREMIUM 화이트,189980,,https://img.danuri.io/catalog-image/297/167/124/d419a5f901d24abc992764e40e8a9968.jpeg?shrink=130:130&_v=20260917080645,https://prod.danawa.com/info/?pcode=124167297&cate=112752,DDR5,8,5600,1
88,RAM,ESSENCORE,ESSENCORE KLEVV DDR5-5600 CL46 AMD 파인인포,181520,,https://img.danuri.io/catalog-image/203/638/094/70f27cf46c8648e5b207ece42a677447.jpg?shrink=130:130&_v=20260917233148,https://prod.danawa.com/info/?pcode=94638203&cate=112752,DDR5,8,5600,1
89,RAM,ESSENCORE,ESSENCORE KLEVV DDR5-5600 CL46 NEO 파인인포,192500,,https://img.danuri.io/catalog-image/489/074/093/14d29b6b5c8a4e17b9a813fbf16120fd.jpg?shrink=130:130&_v=20260917080535,https://prod.danawa.com/info/?pcode=93074489&cate=112752,DDR5,8,5600,1
90,RAM,G.SKILL,G.SKILL DDR5-5600 CL36 FLARE X5 AMD 블랙,225000,,https://img.danuri.io/catalog-image/307/553/102/6a3054edc6b44878b4e692e690178bb3.jpg?shrink=130:130&_v=20260917080534,https://prod.danawa.com/info/?pcode=102553307&cate=112752,DDR5,8,5600,1
91,RAM,G.SKILL,G.SKILL DDR5-6000 CL30 FLARE X5 AMD 블랙,234990,,https://img.danuri.io/catalog-image/352/553/102/6981fd8ac68940bba50e3bd96536ba90.jpg?shrink=130:130&_v=20260917080531,https://prod.danawa.com/info/?pcode=102553352&cate=112752,DDR5,8,6000,1
92,RAM,TeamGroup,TeamGroup DDR5-5600 CL46 Elite 서린,182990,,https://img.danuri.io/catalog-image/683/369/033/179d204fb0f94048bcf16c7d8f2e081b.jpg?shrink=130:130&_v=20260917101658,https://prod.danawa.com/info/?pcode=33369683&cate=112752,DDR5,8,5600,1
93,RAM,TeamGroup,TeamGroup DDR5-5600 CL46 Elite,183000,,https://img.danuri.io/catalog-image/886/345/037/36c41cc5ac8344dea7a1bab4c4f612c2.jpg?shrink=130:130&_v=20260917080701,https://prod.danawa.com/info/?pcode=37345886&cate=112752,DDR5,8,5600,1
94,RAM,삼성전자,삼성전자 DDR5-5600,334970,,https://img.danuri.io/catalog-image/780/911/018/1e7b1c0f060d4bb1b4002868cc9202c2.jpg?shrink=130:130&_v=20260917175704,https://prod.danawa.com/info/?pcode=18911780&cate=112752,DDR5,16,5600,1
95,RAM,삼성전자,삼성전자 DDR5-7200 CL58 CUDIMM,417920,,https://img.danuri.io/catalog-image/611/658/122/7da5c2d997dd4318af4946d67a64fd7a.jpeg?shrink=130:130&_v=20260917200718,https://prod.danawa.com/info/?pcode=122658611&cate=112752,DDR5,16,7200,1
96,RAM,삼성전자,삼성전자 DDR5-6400 CL52 CUDIMM,350180,,https://img.danuri.io/catalog-image/655/391/108/8fd3760310ef48268d88a45cbfce9e62.jpg?shrink=130:130&_v=20260917224638,https://prod.danawa.com/info/?pcode=108391655&cate=112752,DDR5,16,6400,1
97,RAM,삼성전자,삼성전자 DDR5-4800 병행수입,320890,,https://img.danuri.io/catalog-image/262/390/016/01757a41076245c88bf4f24d0bd827a3.jpg?shrink=130:130&_v=20260917102533,https://prod.danawa.com/info/?pcode=16390262&cate=112752,DDR5,16,4800,1
98,RAM,삼성전자,삼성전자 DDR5-4800,363960,,https://img.danuri.io/catalog-image/071/759/015/15e0a2ac2c7f403c9468fc62d01b50f5.jpg?shrink=130:130&_v=20260917080519,https://prod.danawa.com/info/?pcode=15759071&cate=112752,DDR5,16,4800,1
99,RAM,삼성전자,삼성전자 DDR5-5600 중고,303430,,https://img.danuri.io/catalog-image/367/621/122/5a85f088840d407ebae1e5b4e3287719.jpg?shrink=130:130&_v=20260917224643,https://prod.danawa.com/info/?pcode=122621367&cate=112752,DDR5,16,5600,1
100,RAM,삼성전자,삼성전자 DDR5-4800 중고,350000,,https://img.danuri.io/catalog-image/325/799/123/830324745ca448c4a6b60fcbc3419c80.jpg?shrink=130:130&_v=20260917091954,https://prod.danawa.com/info/?pcode=123799325&cate=112752,DDR5,16,4800,1
101,RAM,PATRIOT,PATRIOT DDR5-6000 CL30 SIGNATURE PREMIUM EVO 블랙,337050,,https://img.danuri.io/catalog-image/718/946/099/04e702c3169c41db8c8dc07748d1b3f4.jpg?shrink=130:130&_v=20260917090041,https://prod.danawa.com/info/?pcode=99946718&cate=112752,DDR5,16,6000,1
102,RAM,PATRIOT,PATRIOT DDR5-6000 CL30 SIGNATURE PREMIUM EVO 화이트,323970,,https://img.danuri.io/catalog-image/733/946/099/010b2651f91548b58960ae226a21223f.jpg?shrink=130:130&_v=20260917090036,https://prod.danawa.com/info/?pcode=99946733&cate=112752,DDR5,16,6000,1
103,RAM,PATRIOT,PATRIOT DDR5-6000 CL36 SIGNATURE PREMIUM EVO 블랙,319770,,https://img.danuri.io/catalog-image/481/721/123/0fed7cd447c94b509e7be0882dc38025.jpeg?shrink=130:130&_v=20260917080516,https://prod.danawa.com/info/?pcode=123721481&cate=112752,DDR5,16,6000,1
104,RAM,PATRIOT,PATRIOT DDR5-6000 CL36 SIGNATURE PREMIUM EVO 화이트,319770,,https://img.danuri.io/catalog-image/482/721/123/736c01a1d8c94c52b43b6519413e8e02.jpeg?shrink=130:130&_v=20260917080519,https://prod.danawa.com/info/?pcode=123721482&cate=112752,DDR5,16,6000,1
105,RAM,PATRIOT,PATRIOT DDR5-6000 CL30 VIPER Elite 5,331200,,https://img.danuri.io/catalog-image/935/465/075/58c20e0faa394331b37ec3dd66b9299f.jpg?shrink=130:130&_v=20260917201848,https://prod.danawa.com/info/?pcode=75465935&cate=112752,DDR5,16,6000,1
106,RAM,PATRIOT,PATRIOT DDR5-5600 CL46 EVO,409000,,https://img.danuri.io/catalog-image/748/709/057/64d02eeff0854630b808e30aed08e5b1.jpg?shrink=130:130&_v=20260917080516,https://prod.danawa.com/info/?pcode=57709748&cate=112752,DDR5,16,5600,1
107,RAM,PATRIOT,PATRIOT DDR5-6000 CL30 VIPER Elite 5 RGB,443880,,https://img.danuri.io/catalog-image/804/501/071/c5636f81e75b49c4862bbf88126cb923.jpg?shrink=130:130&_v=20260917080700,https://prod.danawa.com/info/?pcode=71501804&cate=112752,DDR5,16,6000,1
108,RAM,ESSENCORE,ESSENCORE KLEVV DDR5-5600 CL46 파인인포,335980,,https://img.danuri.io/catalog-image/774/965/018/ac99721b271747c59acec2f3ad07483e.jpg?shrink=130:130&_v=20260917215338,https://prod.danawa.com/info/?pcode=18965774&cate=112752,DDR5,16,5600,1
109,RAM,ESSENCORE,ESSENCORE KLEVV DDR5-5600 CL46 AMD 파인인포,330840,,https://img.danuri.io/catalog-image/185/638/094/0d51f3baad7b4c31a0ec5945b704ae6b.jpg?shrink=130:130&_v=20260917174953,https://prod.danawa.com/info/?pcode=94638185&cate=112752,DDR5,16,5600,1
110,RAM,ESSENCORE,ESSENCORE KLEVV DDR5-6000 CL30 FIT V AMD 패키지 서린,374990,,https://img.danuri.io/catalog-image/226/663/122/3efdae24134c40ac9357bd6945b8fe98.jpeg?shrink=130:130&_v=20260917121948,https://prod.danawa.com/info/?pcode=122663226&cate=112752,DDR5,16,6000,2
111,RAM,ESSENCORE,ESSENCORE KLEVV DDR5-6000 CL30 FIT V WHITE AMD 패키지 서린,374980,,https://img.danuri.io/catalog-image/232/663/122/395c9a5a98264af18f3cc4354c2a3c9c.jpeg?shrink=130:130&_v=20260917080519,https://prod.danawa.com/info/?pcode=122663232&cate=112752,DDR5,16,6000,2
112,RAM,ESSENCORE,ESSENCORE KLEVV DDR5-6400 CL52 CUDIMM 파인인포,365000,,https://img.danuri.io/catalog-image/050/340/074/c089839a8c4d45778c1571c4f791393b.jpg?shrink=130:130&_v=20260917120408,https://prod.danawa.com/info/?pcode=74340050&cate=112752,DDR5,16,6400,1
113,RAM,ESSENCORE,ESSENCORE KLEVV DDR5-5600 CL30 FIT V WHITE 서린,358980,,https://img.danuri.io/catalog-image/197/107/058/3f0476f860b441b3ace44f4d40a61f5b.jpg?shrink=130:130&_v=20260917080535,https://prod.danawa.com/info/?pcode=58107197&cate=112752,DDR5,16,5600,1
114,RAM,ESSENCORE,ESSENCORE KLEVV DDR5-5600 CL30 FIT V 서린,359170,,https://img.danuri.io/catalog-image/220/152/092/abcdf2ccfe47492fb01062f5d93656d4.jpg?shrink=130:130&_v=20260917080519,https://prod.danawa.com/info/?pcode=92152220&cate=112752,DDR5,16,5600,1
115,RAM,ESSENCORE,ESSENCORE KLEVV DDR5-5600 CL46 NEO 중고,335000,,https://img.danuri.io/catalog-image/264/167/124/de032efee1204d1287758325e572a3be.jpg?shrink=130:130&_v=20260917080519,https://prod.danawa.com/info/?pcode=124167264&cate=112752,DDR5,16,5600,1
116,RAM,G.SKILL,G.SKILL DDR5-6000 CL36 AEGIS 5,355760,,https://img.danuri.io/catalog-image/406/913/072/6e4f277e9e2a4efa9ea8b16c6e8b0fd4.jpg?shrink=130:130&_v=20260917080519,https://prod.danawa.com/info/?pcode=72913406&cate=112752,DDR5,16,6000,1
117,RAM,G.SKILL,G.SKILL DDR5-5600 CL36 AEGIS 5,388230,,https://img.danuri.io/catalog-image/219/241/028/200b687af7a949bcbe7774c1366c8966.jpg?shrink=130:130&_v=20260917175158,https://prod.danawa.com/info/?pcode=28241219&cate=112752,DDR5,16,5600,1
118,RAM,G.SKILL,G.SKILL DDR5-6000 CL36 RIPJAWS S5 블랙,407500,,https://img.danuri.io/catalog-image/379/553/102/52e52e113b3e4fd4a0c3dcd007ba5b51.jpg?shrink=130:130&_v=20260917160348,https://prod.danawa.com/info/?pcode=102553379&cate=112752,DDR5,16,6000,1
119,RAM,TeamGroup,TeamGroup DDR5-5600 CL46 Elite 서린,339470,,https://img.danuri.io/catalog-image/839/535/017/f65101d98b1645069576dcc5325f469f.jpg?shrink=130:130&_v=20260917225648,https://prod.danawa.com/info/?pcode=17535839&cate=112752,DDR5,16,5600,1
120,RAM,TeamGroup,TeamGroup DDR5-4800 CL40 Elite 서린,319350,,https://img.danuri.io/catalog-image/233/535/017/0b5e0e7388b243a186afdd452c3cd3bf.jpg?shrink=130:130&_v=20260917140954,https://prod.danawa.com/info/?pcode=17535233&cate=112752,DDR5,16,4800,1
121,RAM,TeamGroup,TeamGroup DDR5-5200 CL42 Elite 서린,337500,,https://img.danuri.io/catalog-image/360/767/018/574b962a356d4c27a59944d24851816c.jpg?shrink=130:130&_v=20260917080519,https://prod.danawa.com/info/?pcode=18767360&cate=112752,DDR5,16,5200,1
122,RAM,TeamGroup,TeamGroup DDR5-5600 CL46 Elite Plus 블랙 서린,372000,,https://img.danuri.io/catalog-image/413/768/018/a0d9e894a7d04351a3bdf89163e14e2c.jpg?shrink=130:130&_v=20260917080519,https://prod.danawa.com/info/?pcode=18768413&cate=112752,DDR5,16,5600,1
123,RAM,TeamGroup,TeamGroup DDR5-5600 CL46 Elite,336460,,https://img.danuri.io/catalog-image/973/563/023/8c4db447c2334614a8bc74b8dbeb1621.jpg?shrink=130:130&_v=20260917223358,https://prod.danawa.com/info/?pcode=23563973&cate=112752,DDR5,16,5600,1
124,RAM,삼성전자,삼성전자 DDR5-5600,795910,,https://img.danuri.io/catalog-image/043/644/020/697226f9da3b4183a68d85ce8e8031a4.jpg?shrink=130:130&_v=20260917220148,https://prod.danawa.com/info/?pcode=20644043&cate=112752,DDR5,32,5600,1
125,RAM,삼성전자,삼성전자 DDR5-4800,697990,,https://img.danuri.io/catalog-image/342/764/015/992aa0c3080b41d0a77914e6938ce3c6.jpg?shrink=130:130&_v=20260917174953,https://prod.danawa.com/info/?pcode=15764342&cate=112752,DDR5,32,4800,1
126,RAM,삼성전자,삼성전자 DDR5-4800 병행수입,621890,,https://img.danuri.io/catalog-image/268/390/016/04beee63344544169422706d6ee67c34.jpg?shrink=130:130&_v=20260917080519,https://prod.danawa.com/info/?pcode=16390268&cate=112752,DDR5,32,4800,1
127,RAM,삼성전자,삼성전자 DDR5-5600 중고,729000,,https://img.danuri.io/catalog-image/337/799/123/aa8c71bfbf7142afb4f9ae285a302bb3.jpg?shrink=130:130&_v=20260917091719,https://prod.danawa.com/info/?pcode=123799337&cate=112752,DDR5,32,5600,1
128,RAM,삼성전자,삼성전자 DDR5-4800 중고,722160,,https://img.danuri.io/catalog-image/326/799/123/385b3153b71242cea5e00c3cf94b4515.jpg?shrink=130:130&_v=20260916080407,https://prod.danawa.com/info/?pcode=123799326&cate=112752,DDR5,32,4800,1
129,RAM,PATRIOT,PATRIOT DDR5-6000 CL30 VIPER Elite 5 패키지,650000,,https://img.danuri.io/catalog-image/037/466/075/dec4ac8ccc9f469e9dab4a23283c9be4.jpg?shrink=130:130&_v=20260917080701,https://prod.danawa.com/info/?pcode=75466037&cate=112752,DDR5,32,6000,2
130,RAM,PATRIOT,PATRIOT DDR5-6000 CL30 VIPER VENOM 패키지,659980,,https://img.danuri.io/catalog-image/513/144/056/185b032ce14b4a3183466b304c961390.jpg?shrink=130:130&_v=20260917143003,https://prod.danawa.com/info/?pcode=56144513&cate=112752,DDR5,32,6000,2
131,RAM,PATRIOT,PATRIOT DDR5-8000 CL38 VIPER Xtreme5 RGB 패키지,816750,,https://img.danuri.io/catalog-image/837/057/095/ec76cbffc8054aff83cdafd43836f757.jpg?shrink=130:130&_v=20260917080519,https://prod.danawa.com/info/?pcode=95057837&cate=112752,DDR5,32,8000,2
132,RAM,PATRIOT,PATRIOT DDR5-6000 CL30 VIPER VENOM RGB 패키지,696270,,https://img.danuri.io/catalog-image/432/144/056/e77fbc0b8a734b2bbd01d8a74cdf6952.jpg?shrink=130:130&_v=20260917080519,https://prod.danawa.com/info/?pcode=56144432&cate=112752,DDR5,32,6000,2
133,RAM,PATRIOT,PATRIOT DDR5-6400 CL32 VIPER VENOM RGB 패키지,714340,,https://img.danuri.io/catalog-image/056/351/030/c83992f70ab3400db9698730f6953c0a.jpg?shrink=130:130&_v=20260917090101,https://prod.danawa.com/info/?pcode=30351056&cate=112752,DDR5,32,6400,2
134,RAM,PATRIOT,PATRIOT DDR5-5600 CL36 VIPER Elite 5 RGB,674910,,https://img.danuri.io/catalog-image/129/501/071/5073bbe8db4a4aa98fe0d8814225b8c0.jpg?shrink=130:130&_v=20260917095748,https://prod.danawa.com/info/?pcode=71501129&cate=112752,DDR5,32,5600,1
135,RAM,PATRIOT,PATRIOT DDR5-6400 CL32 VIPER Elite 5 패키지,684550,,https://img.danuri.io/catalog-image/202/466/075/f333255e3ae24622b1d493b146a50c66.jpg?shrink=130:130&_v=20260917095814,https://prod.danawa.com/info/?pcode=75466202&cate=112752,DDR5,32,6400,2
136,RAM,PATRIOT,PATRIOT DDR5-6400 CL32 VIPER VENOM 패키지,684550,,https://img.danuri.io/catalog-image/426/341/030/a48ad8b54504409dbf4bcccfed5f7c65.jpg?shrink=130:130&_v=20260917090041,https://prod.danawa.com/info/?pcode=30341426&cate=112752,DDR5,32,6400,2
137,RAM,PATRIOT,PATRIOT DDR5-6200 CL42 VIPER Elite 5 RGB 패키지,687910,,https://img.danuri.io/catalog-image/108/500/030/89caa679f98944a6bb6e991b0ea84b7a.jpg?shrink=130:130&_v=20260917080700,https://prod.danawa.com/info/?pcode=30500108&cate=112752,DDR5,32,6200,2
138,RAM,PATRIOT,PATRIOT DDR5-7200 CL34 VIPER VENOM RGB 패키지,973790,,https://img.danuri.io/catalog-image/218/351/030/7c9120e735ad4e07bd300deb719b665b.jpg?shrink=130:130&_v=20260917090002,https://prod.danawa.com/info/?pcode=30351218&cate=112752,DDR5,32,7200,2
139,RAM,PATRIOT,PATRIOT DDR5-7400 CL36 VIPER VENOM RGB 패키지,983440,,https://img.danuri.io/catalog-image/236/351/030/c1847c2997b74ecca095836fa28d3cdf.jpg?shrink=130:130&_v=20260917090033,https://prod.danawa.com/info/?pcode=30351236&cate=112752,DDR5,32,7400,2
140,RAM,PATRIOT,PATRIOT DDR5-7000 CL32 VIPER VENOM 패키지,944870,,https://img.danuri.io/catalog-image/504/341/030/dc246e2c0b794bd091b241e0b7ad7481.jpg?shrink=130:130&_v=20260917090049,https://prod.danawa.com/info/?pcode=30341504&cate=112752,DDR5,32,7000,2
141,RAM,PATRIOT,PATRIOT DDR5-6600 CL34 VIPER VENOM 패키지,839910,,https://img.danuri.io/catalog-image/480/341/030/afa16ac302214017bf222f1798bbc455.jpg?shrink=130:130&_v=20260917090055,https://prod.danawa.com/info/?pcode=30341480&cate=112752,DDR5,32,6600,2
142,RAM,PATRIOT,PATRIOT DDR5-6200 CL40 VIPER VENOM RGB 패키지,704950,,https://img.danuri.io/catalog-image/029/351/030/835e49413fe24bcda1f552aebb14f825.jpg?shrink=130:130&_v=20260917102719,https://prod.danawa.com/info/?pcode=30351029&cate=112752,DDR5,32,6200,2
143,RAM,PATRIOT,PATRIOT DDR5-7400 CL36 VIPER VENOM 패키지,964150,,https://img.danuri.io/catalog-image/525/341/030/c6673842038e4716a54bd2d67cd8fcc7.jpg?shrink=130:130&_v=20260917090010,https://prod.danawa.com/info/?pcode=30341525&cate=112752,DDR5,32,7400,2
144,RAM,PATRIOT,PATRIOT DDR5-7200 CL34 VIPER VENOM 패키지,954510,,https://img.danuri.io/catalog-image/510/341/030/128984777ea5457292e8200d0b2fbedd.jpg?shrink=130:130&_v=20260917085945,https://prod.danawa.com/info/?pcode=30341510&cate=112752,DDR5,32,7200,2
145,RAM,PATRIOT,PATRIOT DDR5-6800 CL34 VIPER VENOM 패키지,841540,,https://img.danuri.io/catalog-image/495/341/030/8019b082f6c443358f369dca4db0fcf0.jpg?shrink=130:130&_v=20260917090029,https://prod.danawa.com/info/?pcode=30341495&cate=112752,DDR5,32,6800,2
146,RAM,PATRIOT,PATRIOT DDR5-6600 CL34 VIPER VENOM RGB 패키지,838810,,https://img.danuri.io/catalog-image/077/351/030/386040fe2056412e8647a750f71b29f0.jpg?shrink=130:130&_v=20260917090050,https://prod.danawa.com/info/?pcode=30351077&cate=112752,DDR5,32,6600,2
147,RAM,PATRIOT,PATRIOT DDR5-6000 CL28 VIPER Elite 5 ULTRA 패키지,762960,,https://img.danuri.io/catalog-image/237/057/095/76df6174da2e4d16b1dc8c8cafbf473c.jpg?shrink=130:130&_v=20260917080534,https://prod.danawa.com/info/?pcode=95057237&cate=112752,DDR5,32,6000,2
148,RAM,PATRIOT,PATRIOT DDR5-7000 CL32 VIPER VENOM RGB 패키지,964140,,https://img.danuri.io/catalog-image/131/351/030/d271664a206441789d9840c7494f8952.jpg?shrink=130:130&_v=20260917090047,https://prod.danawa.com/info/?pcode=30351131&cate=112752,DDR5,32,7000,2
149,RAM,PATRIOT,PATRIOT DDR5-6200 CL40 VIPER VENOM 패키지,685330,,https://img.danuri.io/catalog-image/402/341/030/7aa552c41f524330936d4343be2cc429.jpg?shrink=130:130&_v=20260917090053,https://prod.danawa.com/info/?pcode=30341402&cate=112752,DDR5,32,6200,2
150,RAM,PATRIOT,PATRIOT DDR5-6800 CL34 VIPER VENOM RGB 패키지,858100,,https://img.danuri.io/catalog-image/110/351/030/b14eb0b6344c4e14b9c83e1ebd0c01ff.jpg?shrink=130:130&_v=20260917090056,https://prod.danawa.com/info/?pcode=30351110&cate=112752,DDR5,32,6800,2
151,RAM,PATRIOT,PATRIOT DDR5-6600 CL36 VIPER Elite 5 RGB 패키지,863240,,https://img.danuri.io/catalog-image/317/612/030/41efe17fcfd84fdd81683ca364ccfe46.jpg?shrink=130:130&_v=20260917080519,https://prod.danawa.com/info/?pcode=30612317&cate=112752,DDR5,32,6600,2
152,RAM,PATRIOT,PATRIOT DDR5-6000 CL28 VIPER Elite 5 ULTRA RGB 패키지,790600,,https://img.danuri.io/catalog-image/655/056/095/f93b4b876ace4698b600c24eded7ef51.jpg?shrink=130:130&_v=20260917080534,https://prod.danawa.com/info/?pcode=95056655&cate=112752,DDR5,32,6000,2
153,RAM,PATRIOT,PATRIOT DDR5-7000 CL38 VIPER Elite 5 RGB 패키지,999760,,https://img.danuri.io/catalog-image/216/500/030/fd53bff4e5ab4a12804e3a4f5b364301.jpg?shrink=130:130&_v=20260916202623,https://prod.danawa.com/info/?pcode=30500216&cate=112752,DDR5,32,7000,2
154,RAM,PATRIOT,PATRIOT DDR5-7000 CL32 VIPER Elite 5 RGB 패키지,979180,,https://img.danuri.io/catalog-image/885/501/071/10cd3e8de3f344cfa2ab4a768db35ede.jpg?shrink=130:130&_v=20260917080519,https://prod.danawa.com/info/?pcode=71501885&cate=112752,DDR5,32,7000,2
155,RAM,PATRIOT,PATRIOT DDR5-6000 CL36 VIPER VENOM RGB 패키지,709990,,https://img.danuri.io/catalog-image/996/350/030/35ec7bb4cfd44df69f07f745392afb1c.jpg?shrink=130:130&_v=20260916080502,https://prod.danawa.com/info/?pcode=30350996&cate=112752,DDR5,32,6000,2
156,RAM,PATRIOT,PATRIOT DDR5-6000 CL36 VIPER VENOM 패키지,690000,,https://img.danuri.io/catalog-image/372/341/030/de9ea121c93d43aa8e8b91f5ce59e669.jpg?shrink=130:130&_v=20260915080511,https://prod.danawa.com/info/?pcode=30341372&cate=112752,DDR5,32,6000,2
157,RAM,ESSENCORE,ESSENCORE KLEVV DDR5-5600 CL46 파인인포,668000,,https://img.danuri.io/catalog-image/391/913/027/585ad12bee4c45cb881774a9d227ef02.jpg?shrink=130:130&_v=20260917161248,https://prod.danawa.com/info/?pcode=27913391&cate=112752,DDR5,32,5600,1
158,RAM,ESSENCORE,ESSENCORE KLEVV DDR5-6000 CL30 CRAS V RGB WHITE 패키지 서린,905800,,https://img.danuri.io/catalog-image/077/076/032/b48e8547888841238f36c821e49ba56c.jpg?shrink=130:130&_v=20260917080535,https://prod.danawa.com/info/?pcode=32076077&cate=112752,DDR5,32,6000,2
159,RAM,ESSENCORE,ESSENCORE KLEVV DDR5-6000 CL30 FIT V WHITE 패키지 서린,758980,,https://img.danuri.io/catalog-image/716/188/091/850659e8414f475b9e59e050947efb50.jpg?shrink=130:130&_v=20260917080701,https://prod.danawa.com/info/?pcode=91188716&cate=112752,DDR5,32,6000,2
160,RAM,ESSENCORE,ESSENCORE KLEVV DDR5-6000 CL28 CRAS V RGB WHITE 패키지 서린,918980,,https://img.danuri.io/catalog-image/470/188/091/9949a36a3f98474d8b21ab2c2850e120.jpg?shrink=130:130&_v=20260917161400,https://prod.danawa.com/info/?pcode=91188470&cate=112752,DDR5,32,6000,2
161,RAM,ESSENCORE,ESSENCORE KLEVV DDR5-6000 CL30 URBANE V RGB 패키지 서린,888980,,https://img.danuri.io/catalog-image/681/587/072/86ab5a68e504487eac02a0481e6913ca.jpg?shrink=130:130&_v=20260917080441,https://prod.danawa.com/info/?pcode=72587681&cate=112752,DDR5,32,6000,2
162,RAM,ESSENCORE,ESSENCORE KLEVV DDR5-6000 CL30 BOLT V AMD 패키지 서린,765000,,https://img.danuri.io/catalog-image/574/000/079/95ff63e6f7014601a292d31e0e2026f6.jpg?shrink=130:130&_v=20260917172403,https://prod.danawa.com/info/?pcode=79000574&cate=112752,DDR5,32,6000,2
163,RAM,ESSENCORE,ESSENCORE KLEVV DDR5-6000 CL30 CRAS V RGB 패키지 서린,805730,,https://img.danuri.io/catalog-image/268/886/027/a391f71a8ad94663bc8ce3866bb4df68.jpg?shrink=130:130&_v=20260917215718,https://prod.danawa.com/info/?pcode=27886268&cate=112752,DDR5,32,6000,2
164,RAM,ESSENCORE,ESSENCORE KLEVV DDR5-6000 CL30 BOLT V 패키지 서린,819000,,https://img.danuri.io/catalog-image/470/894/027/e10c9fd675e6446dbfd879bbe8ffc0b7.jpeg?shrink=130:130&_v=20260917153238,https://prod.danawa.com/info/?pcode=27894470&cate=112752,DDR5,32,6000,2
165,RAM,ESSENCORE,ESSENCORE KLEVV DDR5-6400 CL32 BOLT V WHITE AMD 패키지 서린,779000,,https://img.danuri.io/catalog-image/770/538/123/f6b589ea4d494cebb94f766f78635b57.jpeg?shrink=130:130&_v=20260917112118,https://prod.danawa.com/info/?pcode=123538770&cate=112752,DDR5,32,6400,2
166,RAM,ESSENCORE,ESSENCORE KLEVV DDR5-6000 CL28 FIT V BLACK AMD 패키지 서린,738980,,https://img.danuri.io/catalog-image/610/437/123/e030be34f0ae46948382be87ee956721.jpeg?shrink=130:130&_v=20260917080701,https://prod.danawa.com/info/?pcode=123437610&cate=112752,DDR5,32,6000,2
167,RAM,ESSENCORE,ESSENCORE KLEVV DDR5-6000 CL28 URBANE V RGB 블랙 패키지 서린,849000,,https://img.danuri.io/catalog-image/755/692/100/ab6171769042450cbf077b253a3bbd1d.jpg?shrink=130:130&_v=20260917161404,https://prod.danawa.com/info/?pcode=100692755&cate=112752,DDR5,32,6000,2
168,RAM,ESSENCORE,ESSENCORE KLEVV DDR5-6000 CL30 URBANE V RGB 블랙 패키지 서린,839850,,https://img.danuri.io/catalog-image/833/692/100/baf6df5ca82f40d2951d77eae2a2642d.jpg?shrink=130:130&_v=20260917080519,https://prod.danawa.com/info/?pcode=100692833&cate=112752,DDR5,32,6000,2
169,RAM,ESSENCORE,ESSENCORE KLEVV DDR5-6000 CL28 FIT V WHITE AMD 패키지 서린,738980,,https://img.danuri.io/catalog-image/617/437/123/aee1922b51df40cbac4211bafa692d51.jpeg?shrink=130:130&_v=20260917080516,https://prod.danawa.com/info/?pcode=123437617&cate=112752,DDR5,32,6000,2
170,RAM,ESSENCORE,ESSENCORE KLEVV DDR5-6000 CL30 BOLT V WHITE AMD 패키지 서린,797430,,https://img.danuri.io/catalog-image/748/538/123/178b5e1657eb4127aafcef3ced817e39.jpeg?shrink=130:130&_v=20260917171148,https://prod.danawa.com/info/?pcode=123538748&cate=112752,DDR5,32,6000,2
171,RAM,ESSENCORE,ESSENCORE KLEVV DDR5-6000 CL30 FIT V 패키지 서린,759000,,https://img.danuri.io/catalog-image/656/188/091/14acb896c1ce4137b87fe34f73ed472d.jpeg?shrink=130:130&_v=20260917080519,https://prod.danawa.com/info/?pcode=91188656&cate=112752,DDR5,32,6000,2
172,RAM,ESSENCORE,ESSENCORE KLEVV DDR5-6000 CL28 CRAS V RGB 패키지 서린,879000,,https://img.danuri.io/catalog-image/443/188/091/2879d21d60fb4c2b8dd52cbd12cd53da.jpg?shrink=130:130&_v=20260917080519,https://prod.danawa.com/info/?pcode=91188443&cate=112752,DDR5,32,6000,2
173,RAM,ESSENCORE,ESSENCORE KLEVV DDR5-6000 CL28 URBANE V RGB 화이트 패키지 서린,888980,,https://img.danuri.io/catalog-image/737/692/100/3df1e0efd7984b3793927e3c7cbde70d.jpg?shrink=130:130&_v=20260917080534,https://prod.danawa.com/info/?pcode=100692737&cate=112752,DDR5,32,6000,2
174,RAM,ESSENCORE,ESSENCORE KLEVV DDR5-6000 CL30 CRAS V RGB WHITE AMD 패키지 서린,848100,,https://img.danuri.io/catalog-image/636/010/079/dd6866883ece4ff18bbe55ec02467f27.jpg?shrink=130:130&_v=20260917200348,https://prod.danawa.com/info/?pcode=79010636&cate=112752,DDR5,32,6000,2
175,RAM,ESSENCORE,ESSENCORE KLEVV DDR5-6000 CL30 BOLT V WHITE 패키지 서린,795200,,https://img.danuri.io/catalog-image/256/152/092/4f75e0c4e3c74380b3330ca2e0003e72.jpg?shrink=130:130&_v=20260917115653,https://prod.danawa.com/info/?pcode=92152256&cate=112752,DDR5,32,6000,2
176,RAM,ESSENCORE,ESSENCORE KLEVV DDR5-6400 CL32 CRAS V RGB WHITE 패키지 서린,919000,,https://img.danuri.io/catalog-image/993/075/032/ca6e95a9254b4d6eb9ef800b122bbd36.jpg?shrink=130:130&_v=20260917161658,https://prod.danawa.com/info/?pcode=32075993&cate=112752,DDR5,32,6400,2
177,RAM,ESSENCORE,ESSENCORE KLEVV DDR5-7200 CL34 CRAS V RGB 패키지 서린,922730,,https://img.danuri.io/catalog-image/676/886/027/90e2d992b14943d8b0e7416f455e54b0.jpg?shrink=130:130&_v=20260917080534,https://prod.danawa.com/info/?pcode=27886676&cate=112752,DDR5,32,7200,2
178,RAM,ESSENCORE,ESSENCORE KLEVV DDR5-6000 CL28 BOLT V WHITE 패키지 서린,801490,,https://img.danuri.io/catalog-image/350/188/091/40f55bbb314448e5a49faa549870809d.jpg?shrink=130:130&_v=20260917161358,https://prod.danawa.com/info/?pcode=91188350&cate=112752,DDR5,32,6000,2
179,RAM,ESSENCORE,ESSENCORE KLEVV DDR5-6400 CL32 CRAS V RGB WHITE AMD 패키지 서린,829000,,https://img.danuri.io/catalog-image/092/017/079/0c26e1fb14bf48d397833d8c26e27ef6.jpg?shrink=130:130&_v=20260917161623,https://prod.danawa.com/info/?pcode=79017092&cate=112752,DDR5,32,6400,2
180,RAM,ESSENCORE,ESSENCORE KLEVV DDR5-6400 CL32 URBANE V RGB 패키지 서린,886000,,https://img.danuri.io/catalog-image/687/587/072/97ad459f26264ad98fbc491c5534445e.jpg?shrink=130:130&_v=20260917141014,https://prod.danawa.com/info/?pcode=72587687&cate=112752,DDR5,32,6400,2
181,RAM,ESSENCORE,ESSENCORE KLEVV DDR5-6400 CL30 BOLT V 패키지 서린,878980,,https://img.danuri.io/catalog-image/016/805/093/2e929290c7d744c3becfe934949bbc3e.jpg?shrink=130:130&_v=20260917161359,https://prod.danawa.com/info/?pcode=93805016&cate=112752,DDR5,32,6400,2
182,RAM,ESSENCORE,ESSENCORE KLEVV DDR5-6400 CL30 BOLT V WHITE 패키지 서린,875490,,https://img.danuri.io/catalog-image/103/805/093/636d88ba47474e2c8bdd0f9fa4a97fdb.jpg?shrink=130:130&_v=20260917141249,https://prod.danawa.com/info/?pcode=93805103&cate=112752,DDR5,32,6400,2
183,RAM,ESSENCORE,ESSENCORE KLEVV DDR5-6400 CL32 CRAS V RGB 패키지 서린,836500,,https://img.danuri.io/catalog-image/454/886/027/d406cf891eda40b296476de8126992a6.jpg?shrink=130:130&_v=20260917222603,https://prod.danawa.com/info/?pcode=27886454&cate=112752,DDR5,32,6400,2
184,RAM,ESSENCORE,ESSENCORE KLEVV DDR5-7200 CL34 CRAS V RGB ROG 패키지 서린,789000,,https://img.danuri.io/catalog-image/690/376/064/b963f60cb5374e65a3c6e9d10610f21f.jpg?shrink=130:130&_v=20260917080519,https://prod.danawa.com/info/?pcode=64376690&cate=112752,DDR5,32,7200,2
185,RAM,ESSENCORE,ESSENCORE KLEVV DDR5-7200 CL34 CRAS V RGB White 패키지 서린,935480,,https://img.danuri.io/catalog-image/197/989/037/c04eeb13a6624d63b56518197bc51b02.jpg?shrink=130:130&_v=20260917080534,https://prod.danawa.com/info/?pcode=37989197&cate=112752,DDR5,32,7200,2
186,RAM,ESSENCORE,ESSENCORE KLEVV DDR5-6000 CL30 CRAS V RGB WHITE 패키지 중고,857000,,https://img.danuri.io/catalog-image/950/804/123/27db833b67124cf18a5e4fee283f04af.jpg?shrink=130:130&_v=20260917080701,https://prod.danawa.com/info/?pcode=123804950&cate=112752,DDR5,32,6000,2
187,RAM,G.SKILL,G.SKILL DDR5-6000 CL36 TRIDENT Z5 NEO RGB J 패키지,899000,,https://img.danuri.io/catalog-image/893/931/017/f0cd0dea3df54f579485f9846dd62be4.jpg?shrink=130:130&_v=20260917141134,https://prod.danawa.com/info/?pcode=17931893&cate=112752,DDR5,32,6000,2
188,RAM,G.SKILL,G.SKILL DDR5-6000 CL32 TRIDENT Z5 RGB J 화이트 패키지,899990,,https://img.danuri.io/catalog-image/061/541/051/f74b15a4ca454e1584b9961fd3c7dd26.jpg?shrink=130:130&_v=20260917222628,https://prod.danawa.com/info/?pcode=51541061&cate=112752,DDR5,32,6000,2
189,RAM,G.SKILL,G.SKILL DDR5-6400 CL32 TRIDENT Z5 RGB J 패키지,959000,,https://img.danuri.io/catalog-image/698/272/016/145e1325658a4be9a8e4bd3398bdd515.jpg?shrink=130:130&_v=20260917222648,https://prod.danawa.com/info/?pcode=16272698&cate=112752,DDR5,32,6400,2
190,RAM,G.SKILL,G.SKILL DDR5-6000 CL26 TRIDENT Z5 NeoX RGB for AMD ULL 매트블랙 패키지,2190000,,https://img.danuri.io/catalog-image/539/727/122/f60a8a38dec34ec1b60971de39ff849f.jpeg?shrink=130:130&_v=20260917080531,https://prod.danawa.com/info/?pcode=122727539&cate=112752,DDR5,32,6000,2
191,RAM,G.SKILL,G.SKILL DDR5-6000 CL30 RIPJAWS M5 RGB 블랙 패키지,1067690,,https://img.danuri.io/catalog-image/878/151/056/75fe85266cd4414d92c01ee359982e12.jpg?shrink=130:130&_v=20260917141133,https://prod.danawa.com/info/?pcode=56151878&cate=112752,DDR5,32,6000,2
192,RAM,G.SKILL,G.SKILL DDR5-6000 CL26 TRIDENT Z5 NeoX RGB for AMD ULL 글로시블랙 패키지,2190000,,https://img.danuri.io/catalog-image/537/727/122/189384b7638d4c8bbaf252901adc14a2.jpeg?shrink=130:130&_v=20260917080645,https://prod.danawa.com/info/?pcode=122727537&cate=112752,DDR5,32,6000,2
193,RAM,G.SKILL,G.SKILL DDR5-6000 CL36 TRIDENT Z5 RGB 화이트 패키지,829070,,https://img.danuri.io/catalog-image/443/639/021/4b1ea3a3b7bb43e68220816adcf23843.jpg?shrink=130:130&_v=20260917141223,https://prod.danawa.com/info/?pcode=21639443&cate=112752,DDR5,32,6000,2
194,RAM,G.SKILL,G.SKILL DDR5-6000 CL26 TRIDENT Z5 NeoX RGB for AMD ULL 매트화이트 패키지,2090000,,https://img.danuri.io/catalog-image/540/727/122/4d09999902d944c89de0c61c5da2e17f.jpeg?shrink=130:130&_v=20260917080534,https://prod.danawa.com/info/?pcode=122727540&cate=112752,DDR5,32,6000,2
195,RAM,G.SKILL,G.SKILL DDR5-5600 CL36 AEGIS 5,818990,,https://img.danuri.io/catalog-image/471/656/075/2134f73856f9476882b1e27c6ad2d2ee.jpg?shrink=130:130&_v=20260917080519,https://prod.danawa.com/info/?pcode=75656471&cate=112752,DDR5,32,5600,1
196,RAM,G.SKILL,G.SKILL DDR5-6000 CL30 TRIDENT Z5 NEO RGB J 화이트 패키지,1089990,,https://img.danuri.io/catalog-image/721/579/040/58b19a930b3a431fa81035e29707f213.jpg?shrink=130:130&_v=20260917080516,https://prod.danawa.com/info/?pcode=40579721&cate=112752,DDR5,32,6000,2
197,RAM,G.SKILL,G.SKILL DDR5-6000 CL36 TRIDENT Z5 RGB J 패키지,829000,,https://img.danuri.io/catalog-image/474/193/016/1fe4781a09774b76bf60d6f72311bd9f.jpg?shrink=130:130&_v=20260917080519,https://prod.danawa.com/info/?pcode=16193474&cate=112752,DDR5,32,6000,2
198,RAM,G.SKILL,G.SKILL DDR5-6000 CL30 TRIDENT Z5 NEO RGB J 패키지,1079990,,https://img.danuri.io/catalog-image/836/931/017/66dc663561ae4621b708bf09a1ec4f70.jpg?shrink=130:130&_v=20260917080519,https://prod.danawa.com/info/?pcode=17931836&cate=112752,DDR5,32,6000,2
199,RAM,G.SKILL,G.SKILL DDR5-6000 CL30 TRIDENT Z5 RGB J 패키지,919000,,https://img.danuri.io/catalog-image/946/873/016/165d54946b6a401bbe6aca932ecb063b.jpg?shrink=130:130&_v=20260917140803,https://prod.danawa.com/info/?pcode=16873946&cate=112752,DDR5,32,6000,2
200,RAM,G.SKILL,G.SKILL DDR5-6000 CL30 TRIDENT Z5 NeoX RGB for AMD ULL 매트화이트 패키지,1160000,,https://img.danuri.io/catalog-image/512/727/122/d268d9fd814e424d812acebf516bc587.jpeg?shrink=130:130&_v=20260917174933,https://prod.danawa.com/info/?pcode=122727512&cate=112752,DDR5,32,6000,2
201,RAM,G.SKILL,G.SKILL DDR5-6000 CL30 FLARE X5 J 패키지,1049990,,https://img.danuri.io/catalog-image/765/022/040/5b68b857d4bc4f3c821682028306320f.jpg?shrink=130:130&_v=20260917161958,https://prod.danawa.com/info/?pcode=40022765&cate=112752,DDR5,32,6000,2
202,RAM,G.SKILL,G.SKILL DDR5-6000 CL30 RIPJAWS M5 RGB 화이트 패키지,1069990,,https://img.danuri.io/catalog-image/998/151/056/909ef0a2c3704abda01d312aa42182b6.jpg?shrink=130:130&_v=20260917141024,https://prod.danawa.com/info/?pcode=56151998&cate=112752,DDR5,32,6000,2
203,RAM,G.SKILL,G.SKILL DDR5-6000 CL28 TRIDENT Z5 NeoX RGB for AMD ULL 매트블랙 패키지,1990000,,https://img.danuri.io/catalog-image/533/727/122/2a8064899cff4e7eb97086617ed34ee6.jpeg?shrink=130:130&_v=20260917080516,https://prod.danawa.com/info/?pcode=122727533&cate=112752,DDR5,32,6000,2
204,RAM,G.SKILL,G.SKILL DDR5-6000 CL28 TRIDENT Z5 NeoX RGB for AMD ULL 매트화이트 패키지,1990000,,https://img.danuri.io/catalog-image/534/727/122/e79d5d83b6f245ec89bee07b4e0dd1a6.jpeg?shrink=130:130&_v=20260917080519,https://prod.danawa.com/info/?pcode=122727534&cate=112752,DDR5,32,6000,2
205,RAM,G.SKILL,G.SKILL DDR5-6000 CL30 TRIDENT Z5 NeoX RGB for AMD ULL 매트블랙 패키지,1182000,,https://img.danuri.io/catalog-image/504/727/122/225f359f8b4e404fa8bfd931229e31de.jpeg?shrink=130:130&_v=20260917174953,https://prod.danawa.com/info/?pcode=122727504&cate=112752,DDR5,32,6000,2
206,RAM,G.SKILL,G.SKILL DDR5-6000 CL30 TRIDENT Z5 NeoX RGB for AMD ULL 글로시블랙 패키지,1180000,,https://img.danuri.io/catalog-image/495/727/122/f217af9bd46f4887a5e064b7e92a2fd8.jpeg?shrink=130:130&_v=20260917184908,https://prod.danawa.com/info/?pcode=122727495&cate=112752,DDR5,32,6000,2
207,RAM,G.SKILL,G.SKILL DDR5-6400 CL30 TRIDENT Z5 NEO RGB J 화이트 패키지,747120,,https://img.danuri.io/catalog-image/150/847/067/0975b2260895494fbfa3e3caa92bf3cd.jpg?shrink=130:130&_v=20260917141003,https://prod.danawa.com/info/?pcode=67847150&cate=112752,DDR5,32,6400,2
208,RAM,G.SKILL,G.SKILL DDR5-6000 CL30 TRIDENT Z5 NEO J 패키지,963120,,https://img.danuri.io/catalog-image/031/932/017/47e45d614cbb481fb8e0bbecaa85c0d7.jpg?shrink=130:130&_v=20260916080628,https://prod.danawa.com/info/?pcode=17932031&cate=112752,DDR5,32,6000,2
209,RAM,G.SKILL,G.SKILL DDR5-6000 CL28 TRIDENT Z5 NeoX RGB for AMD ULL 글로시블랙 패키지,1990000,,https://img.danuri.io/catalog-image/531/727/122/71e8f3a381a84e69aa3218e8f0cfb440.jpeg?shrink=130:130&_v=20260915080424,https://prod.danawa.com/info/?pcode=122727531&cate=112752,DDR5,32,6000,2
210,RAM,G.SKILL,G.SKILL DDR5-6000 CL36 TRIDENT Z5 NeoX RGB for AMD ULL 매트화이트 패키지,986000,,https://img.danuri.io/catalog-image/477/727/122/5ffb8b79a64b4cd385adaa2145942dee.jpeg?shrink=130:130&_v=20260917174954,https://prod.danawa.com/info/?pcode=122727477&cate=112752,DDR5,32,6000,2
211,RAM,G.SKILL,G.SKILL DDR5-5200 CL40 RIPJAWS S5 J 화이트 패키지,743300,,https://img.danuri.io/catalog-image/232/103/054/a3beb75ff8f44ced89068294e264ee13.jpg?shrink=130:130&_v=20260917222543,https://prod.danawa.com/info/?pcode=54103232&cate=112752,DDR5,32,5200,2
212,RAM,G.SKILL,G.SKILL DDR5-6000 CL36 RIPJAWS M5 RGB 화이트 패키지,847000,,https://img.danuri.io/catalog-image/667/218/071/c4a79d9c316a4a30a3a20d401d5b122f.jpg?shrink=130:130&_v=20260917140748,https://prod.danawa.com/info/?pcode=71218667&cate=112752,DDR5,32,6000,2
213,RAM,G.SKILL,G.SKILL DDR5-5200 CL40 RIPJAWS M5 RGB 블랙 패키지,738300,,https://img.danuri.io/catalog-image/461/151/056/a8883e80214f48dba3c06fea99b0fd35.jpg?shrink=130:130&_v=20260917222603,https://prod.danawa.com/info/?pcode=56151461&cate=112752,DDR5,32,5200,2
214,RAM,G.SKILL,G.SKILL DDR5-5200 CL40 RIPJAWS M5 RGB 화이트 패키지,729000,,https://img.danuri.io/catalog-image/521/151/056/c75bfd03d6614e7ab46be6817e8bc07b.jpg?shrink=130:130&_v=20260917141054,https://prod.danawa.com/info/?pcode=56151521&cate=112752,DDR5,32,5200,2
215,RAM,G.SKILL,G.SKILL DDR5-6000 CL36 RIPJAWS M5 NEO RGB 블랙 패키지,888990,,https://img.danuri.io/catalog-image/834/983/078/ecc3d697d0d744448defd7871520e1ec.jpg?shrink=130:130&_v=20260917125719,https://prod.danawa.com/info/?pcode=78983834&cate=112752,DDR5,32,6000,2
216,RAM,G.SKILL,G.SKILL DDR5-5200 CL40 RIPJAWS S5 J 블랙 패키지,729000,,https://img.danuri.io/catalog-image/109/103/054/0e592a25e8c64306900de1fad4ca6af5.jpg?shrink=130:130&_v=20260917201749,https://prod.danawa.com/info/?pcode=54103109&cate=112752,DDR5,32,5200,2
217,RAM,TeamGroup,TeamGroup DDR5-5600 CL46 Elite 서린,689310,,https://img.danuri.io/catalog-image/627/545/027/77772ac03a1940afa24513d618d32ec8.jpg?shrink=130:130&_v=20260917172703,https://prod.danawa.com/info/?pcode=27545627&cate=112752,DDR5,32,5600,1
218,RAM,TeamGroup,TeamGroup T-CREATE DDR5-6000 CL30 EXPERT 패키지 서린,794350,,https://img.danuri.io/catalog-image/438/546/020/e31131043ad7473fada9af68d1a21df2.jpg?shrink=130:130&_v=20260917080534,https://prod.danawa.com/info/?pcode=20546438&cate=112752,DDR5,32,6000,2
219,RAM,TeamGroup,TeamGroup T-Force DDR5-6000 CL30 Delta RGB 화이트 패키지,807970,,https://img.danuri.io/catalog-image/029/135/018/c20bd359d94f45139738ee638b0262e1.jpg?shrink=130:130&_v=20260917140859,https://prod.danawa.com/info/?pcode=18135029&cate=112752,DDR5,32,6000,2
220,RAM,TeamGroup,TeamGroup T-Force DDR5-6000 CL38 Delta RGB 화이트 패키지 서린,783990,,https://img.danuri.io/catalog-image/341/443/016/1b107d7d17b641de80c984243431d304.jpg?shrink=130:130&_v=20260917080516,https://prod.danawa.com/info/?pcode=16443341&cate=112752,DDR5,32,6000,2
221,RAM,TeamGroup,TeamGroup T-Force DDR5-6000 CL30 Delta RGB 패키지,810000,,https://img.danuri.io/catalog-image/999/134/018/8c880cf3491e4211818f219b3d5bc860.jpg?shrink=130:130&_v=20260917080519,https://prod.danawa.com/info/?pcode=18134999&cate=112752,DDR5,32,6000,2
222,RAM,TeamGroup,TeamGroup T-CREATE DDR5-6000 CL30 EXPERT 화이트 패키지 서린,798980,,https://img.danuri.io/catalog-image/684/546/020/89a26dfc240d43f59b19cc1bcf0d6484.jpg?shrink=130:130&_v=20260917141008,https://prod.danawa.com/info/?pcode=20546684&cate=112752,DDR5,32,6000,2
223,RAM,TeamGroup,TeamGroup T-CREATE DDR5-5600 CL46 CLASSIC 패키지 서린,765980,,https://img.danuri.io/catalog-image/122/566/019/5207d963463047efb7c6a5116a8c88c3.jpg?shrink=130:130&_v=20260917141124,https://prod.danawa.com/info/?pcode=19566122&cate=112752,DDR5,32,5600,2
224,RAM,TeamGroup,TeamGroup T-Force DDR5-6000 CL38 Delta RGB 패키지 서린,784000,,https://img.danuri.io/catalog-image/945/034/016/22e156ca90f94561b0fb59199fac2e41.jpg?shrink=130:130&_v=20260917080534,https://prod.danawa.com/info/?pcode=16034945&cate=112752,DDR5,32,6000,2
225,RAM,TeamGroup,TeamGroup DDR5-4800 CL40 Elite 서린,610400,,https://img.danuri.io/catalog-image/647/535/017/7d17c286332f4d9bb6c10c608d27c24a.jpg?shrink=130:130&_v=20260917080519,https://prod.danawa.com/info/?pcode=17535647&cate=112752,DDR5,32,4800,1
226,RAM,TeamGroup,TeamGroup T-Force DDR5-7200 CL34 Delta RGB 패키지,762160,,https://img.danuri.io/catalog-image/167/135/018/384274176b734e6f91e6188b323baf5c.jpg?shrink=130:130&_v=20260917141058,https://prod.danawa.com/info/?pcode=18135167&cate=112752,DDR5,32,7200,2
227,RAM,TeamGroup,TeamGroup T-CREATE DDR5-6000 CL48 CLASSIC 패키지 서린,729280,,https://img.danuri.io/catalog-image/433/567/019/1fd0c5f6ca5344b2912eba6a70e6572d.jpg?shrink=130:130&_v=20260917080645,https://prod.danawa.com/info/?pcode=19567433&cate=112752,DDR5,32,6000,2
228,RAM,TeamGroup,TeamGroup T-Force DDR5-6000 CL28 Delta RGB 화이트 패키지 서린,917980,,https://img.danuri.io/catalog-image/892/341/074/18012ebc6d4b4730a50d3b389eb4565c.jpg?shrink=130:130&_v=20260917141004,https://prod.danawa.com/info/?pcode=74341892&cate=112752,DDR5,32,6000,2
229,RAM,TeamGroup,TeamGroup T-Force DDR5-6000 CL28 Delta RGB 블랙 패키지 서린,917980,,https://img.danuri.io/catalog-image/889/341/074/2b931131ade34b64b08e685a7225cc74.jpg?shrink=130:130&_v=20260917141023,https://prod.danawa.com/info/?pcode=74341889&cate=112752,DDR5,32,6000,2
230,RAM,TeamGroup,TeamGroup DDR5-5600 CL46 Elite Plus 블랙 서린,729980,,https://img.danuri.io/catalog-image/675/545/027/5586a8b0947c4e6db85e7aa2ddb0c335.jpg?shrink=130:130&_v=20260917080645,https://prod.danawa.com/info/?pcode=27545675&cate=112752,DDR5,32,5600,1
231,RAM,TeamGroup,TeamGroup T-Force DDR5-7200 CL34 Delta RGB 화이트 패키지,762160,,https://img.danuri.io/catalog-image/173/135/018/4f5f9d5a9a8b466c93cab7246d8abf50.jpg?shrink=130:130&_v=20260916221708,https://prod.danawa.com/info/?pcode=18135173&cate=112752,DDR5,32,7200,2
232,RAM,TeamGroup,TeamGroup T-Force DDR5-5600 CL40 Delta RGB 블랙 패키지,750000,,https://img.danuri.io/catalog-image/101/199/124/ec7393dea9fb4247bb218d56dd298cb2.jpeg?shrink=130:130&_v=20260917115154,https://prod.danawa.com/info/?pcode=124199101&cate=112752,DDR5,32,5600,2
233,RAM,TeamGroup,TeamGroup T-Force DDR5-5600 CL40 Delta RGB 화이트 패키지,750000,,https://img.danuri.io/catalog-image/132/199/124/d09d50e6d2684c3e8f1fb1577182012e.jpeg?shrink=130:130&_v=20260917115202,https://prod.danawa.com/info/?pcode=124199132&cate=112752,DDR5,32,5600,2
234,RAM,TeamGroup,TeamGroup T-Force DDR5-6000 CL38 Vulcan Black 패키지 서린,740000,,https://img.danuri.io/catalog-image/178/613/018/90f1929fcf0e41e0b360e682bacd1f3a.jpg?shrink=130:130&_v=20260917130703,https://prod.danawa.com/info/?pcode=18613178&cate=112752,DDR5,32,6000,2
235,RAM,TeamGroup,TeamGroup T-Force DDR5-6400 CL32 XTREEM ARGB 패키지 서린,870000,,https://img.danuri.io/catalog-image/646/693/067/42e9971359f84504a2998300c2fb29c4.jpg?shrink=130:130&_v=20260916080502,https://prod.danawa.com/info/?pcode=67693646&cate=112752,DDR5,32,6400,2
236,RAM,TeamGroup,TeamGroup T-Force DDR5-6400 CL40 Delta RGB 패키지 서린,761300,,https://img.danuri.io/catalog-image/029/035/016/888afdecb3c145329ed67821771b0c49.jpg?shrink=130:130&_v=20260917080531,https://prod.danawa.com/info/?pcode=16035029&cate=112752,DDR5,32,6400,2
237,RAM,TeamGroup,TeamGroup T-CREATE DDR5-6000 CL30 EXPERT 패키지 서린,799000,,https://img.danuri.io/catalog-image/500/699/110/a1a1c2576f9b4acfbe110f4624a5b8d6.jpg?shrink=130:130&_v=20260917080441,https://prod.danawa.com/info/?pcode=110699500&cate=112752,DDR5,32,6000,2
238,RAM,TeamGroup,TeamGroup DDR5-5600 CL46 Elite Plus 블랙,730000,,https://img.danuri.io/catalog-image/821/421/074/e0db32bf3f074ee487b5f7af52ece84c.jpg?shrink=130:130&_v=20260917091724,https://prod.danawa.com/info/?pcode=74421821&cate=112752,DDR5,32,5600,1
239,RAM,TeamGroup,TeamGroup T-Force DDR5-6000 CL38 Delta RGB 화이트 패키지,784000,,https://img.danuri.io/catalog-image/009/483/029/32b8b73a194644659460c86eaa71405d.jpg?shrink=130:130&_v=20260917174953,https://prod.danawa.com/info/?pcode=29483009&cate=112752,DDR5,32,6000,2
240,RAM,TeamGroup,TeamGroup DDR5-5600 CL46 Elite,722500,,https://img.danuri.io/catalog-image/851/333/030/8e811ca45ab8408488d64c18e0c3875a.jpg?shrink=130:130&_v=20260916080645,https://prod.danawa.com/info/?pcode=30333851&cate=112752,DDR5,32,5600,1
241,RAM,PATRIOT,PATRIOT DDR5-6400 CL32 VIPER VENOM 패키지,1300000,,https://img.danuri.io/catalog-image/450/341/030/5cb8732692fc4358a75399d54addf0fb.jpg?shrink=130:130&_v=20260917080519,https://prod.danawa.com/info/?pcode=30341450&cate=112752,DDR5,64,6400,2
242,RAM,ESSENCORE,ESSENCORE KLEVV DDR5-6000 CL30 CRAS V RGB WHITE 패키지 서린,1849800,,https://img.danuri.io/catalog-image/017/989/037/f27eeb35ae58402082e0c5f9904d1391.jpg?shrink=130:130&_v=20260917220618,https://prod.danawa.com/info/?pcode=37989017&cate=112752,DDR5,64,6000,2
243,RAM,ESSENCORE,ESSENCORE KLEVV DDR5-6000 CL30 CRAS V RGB 패키지 서린,1850000,,https://img.danuri.io/catalog-image/663/002/030/fb841e6a626048808f04a1e2484a5372.jpg?shrink=130:130&_v=20260917080645,https://prod.danawa.com/info/?pcode=30002663&cate=112752,DDR5,64,6000,2
244,RAM,ESSENCORE,ESSENCORE KLEVV DDR5-6400 CL32 CRAS V RGB WHITE 패키지 서린,1850000,,https://img.danuri.io/catalog-image/125/989/037/3f100208f0594f32a1c6625b32a95576.jpg?shrink=130:130&_v=20260917080700,https://prod.danawa.com/info/?pcode=37989125&cate=112752,DDR5,64,6400,2
245,RAM,G.SKILL,G.SKILL DDR5-6000 CL30 TRIDENT Z5 RGB 화이트 패키지,2190000,,https://img.danuri.io/catalog-image/437/639/021/992f9863a9e04283a9ec34b838f9d2bf.jpg?shrink=130:130&_v=20260917161523,https://prod.danawa.com/info/?pcode=21639437&cate=112752,DDR5,64,6000,2
246,RAM,G.SKILL,G.SKILL DDR5-6000 CL32 TRIDENT Z5 NEO RGB J 패키지,1989990,,https://img.danuri.io/catalog-image/958/610/018/8d6ec69bbce347658b986e9d509a60ab.jpg?shrink=130:130&_v=20260917080519,https://prod.danawa.com/info/?pcode=18610958&cate=112752,DDR5,64,6000,2
247,RAM,G.SKILL,G.SKILL DDR5-6400 CL32 TRIDENT Z5 RGB J 패키지,2144990,,https://img.danuri.io/catalog-image/602/036/018/d0aba40f97be4219b3c083f057e362d3.jpg?shrink=130:130&_v=20260917080516,https://prod.danawa.com/info/?pcode=18036602&cate=112752,DDR5,64,6400,2
248,RAM,G.SKILL,G.SKILL DDR5-6000 CL36 TRIDENT Z5 NEO RGB J 패키지,1775000,,https://img.danuri.io/catalog-image/664/913/072/ba522862398c43b18729b9ff770d723d.jpg?shrink=130:130&_v=20260917080519,https://prod.danawa.com/info/?pcode=72913664&cate=112752,DDR5,64,6000,2
249,RAM,G.SKILL,G.SKILL DDR5-6000 CL30 TRIDENT Z5 NEO RGB J 패키지,2190000,,https://img.danuri.io/catalog-image/260/572/040/e4aae1eaac3e4847bfc259cf7115af7f.jpg?shrink=130:130&_v=20260917201348,https://prod.danawa.com/info/?pcode=40572260&cate=112752,DDR5,64,6000,2
250,RAM,G.SKILL,G.SKILL DDR5-6000 CL30 RIPJAWS M5 RGB 블랙 패키지,2180000,,https://img.danuri.io/catalog-image/800/151/056/bcb8a589d4784adc9cf61b0d7eec958e.jpg?shrink=130:130&_v=20260917161958,https://prod.danawa.com/info/?pcode=56151800&cate=112752,DDR5,64,6000,2
251,RAM,G.SKILL,G.SKILL DDR5-6000 CL36 FLARE X5 J 화이트 패키지,1653050,,https://img.danuri.io/catalog-image/568/913/072/95411ae2e2444ce893f57d71df618a1f.jpg?shrink=130:130&_v=20260917080519,https://prod.danawa.com/info/?pcode=72913568&cate=112752,DDR5,64,6000,2
252,RAM,G.SKILL,G.SKILL DDR5-6000 CL36 TRIDENT Z5 NEO RGB J 화이트 패키지,1789990,,https://img.danuri.io/catalog-image/682/913/072/c487d9addd20430b8c0cd1985e14e1e3.jpg?shrink=130:130&_v=20260917080531,https://prod.danawa.com/info/?pcode=72913682&cate=112752,DDR5,64,6000,2
253,RAM,G.SKILL,G.SKILL DDR5-6000 CL30 TRIDENT Z5 RGB J 패키지,2190000,,https://img.danuri.io/catalog-image/209/001/017/241b9db0fbac424b814116562d79421b.jpg?shrink=130:130&_v=20260917141254,https://prod.danawa.com/info/?pcode=17001209&cate=112752,DDR5,64,6000,2
254,RAM,G.SKILL,G.SKILL DDR5-5200 CL40 RIPJAWS M5 RGB 화이트 패키지,1572290,,https://img.danuri.io/catalog-image/509/151/056/24dd45c8354d4308a11b7bd0c5a14aa5.jpg?shrink=130:130&_v=20260917222643,https://prod.danawa.com/info/?pcode=56151509&cate=112752,DDR5,64,5200,2
255,RAM,G.SKILL,G.SKILL DDR5-6000 CL36 RIPJAWS M5 NEO RGB 화이트 패키지,1689990,,https://img.danuri.io/catalog-image/613/913/072/451caedc86614b26b262fcaa02e69099.jpg?shrink=130:130&_v=20260917080519,https://prod.danawa.com/info/?pcode=72913613&cate=112752,DDR5,64,6000,2
256,RAM,G.SKILL,G.SKILL DDR5-6000 CL30 FLARE X5 J 패키지,2089990,,https://img.danuri.io/catalog-image/774/022/040/1fe0782a1d0e4299a9ca28baa27f9396.jpg?shrink=130:130&_v=20260917161958,https://prod.danawa.com/info/?pcode=40022774&cate=112752,DDR5,64,6000,2
257,RAM,G.SKILL,G.SKILL DDR5-6000 CL36 FLARE X5 J 패키지,1679990,,https://img.danuri.io/catalog-image/559/913/072/7e47478d8a084fe78f324ece401b179d.jpg?shrink=130:130&_v=20260917080531,https://prod.danawa.com/info/?pcode=72913559&cate=112752,DDR5,64,6000,2
258,RAM,G.SKILL,G.SKILL DDR5-5200 CL40 RIPJAWS S5 J 블랙 패키지,1539990,,https://img.danuri.io/catalog-image/163/103/054/f8bc17fe84554e8d8ac1979ad4e0f939.jpg?shrink=130:130&_v=20260917080519,https://prod.danawa.com/info/?pcode=54103163&cate=112752,DDR5,64,5200,2
259,RAM,G.SKILL,G.SKILL DDR5-6400 CL32 RIPJAWS M5 RGB 블랙 패키지,2037190,,https://img.danuri.io/catalog-image/055/152/056/e5aaf3e03301416c8fffd785082f0f7a.jpg?shrink=130:130&_v=20260917080534,https://prod.danawa.com/info/?pcode=56152055&cate=112752,DDR5,64,6400,2
260,RAM,G.SKILL,G.SKILL DDR5-6000 CL32 TRIDENT Z5 NEO RGB J 화이트 패키지,1887990,,https://img.danuri.io/catalog-image/544/385/093/3623f0074bb24eec8ad5a2d526973210.jpg?shrink=130:130&_v=20260917222608,https://prod.danawa.com/info/?pcode=93385544&cate=112752,DDR5,64,6000,2
261,RAM,G.SKILL,G.SKILL DDR5-5200 CL40 RIPJAWS M5 RGB 블랙 패키지,1590000,,https://img.danuri.io/catalog-image/416/151/056/586d132a3f8449c78d75073ca39c7864.jpg?shrink=130:130&_v=20260917161958,https://prod.danawa.com/info/?pcode=56151416&cate=112752,DDR5,64,5200,2
262,RAM,G.SKILL,G.SKILL DDR5-6000 CL30 RIPJAWS M5 NEO RGB 화이트 패키지,2190000,,https://img.danuri.io/catalog-image/526/724/075/ff6c18376baa43dab50e6163f30cbd96.jpg?shrink=130:130&_v=20260917140828,https://prod.danawa.com/info/?pcode=75724526&cate=112752,DDR5,64,6000,2
263,RAM,G.SKILL,G.SKILL DDR5-6000 CL36 RIPJAWS M5 NEO RGB 블랙 패키지,1689990,,https://img.danuri.io/catalog-image/592/913/072/847d50de09e74aec9033b40fe53d1122.jpg?shrink=130:130&_v=20260917110718,https://prod.danawa.com/info/?pcode=72913592&cate=112752,DDR5,64,6000,2
264,RAM,G.SKILL,G.SKILL DDR5-6400 CL32 RIPJAWS M5 RGB 화이트 패키지,2042690,,https://img.danuri.io/catalog-image/124/152/056/c2db1dbdb02449a8a007bfaf3b8754bf.jpg?shrink=130:130&_v=20260916080519,https://prod.danawa.com/info/?pcode=56152124&cate=112752,DDR5,64,6400,2
265,RAM,G.SKILL,G.SKILL DDR5-6000 CL30 TRIDENT Z5 J 패키지,2100000,,https://img.danuri.io/catalog-image/326/139/017/6d4505210aae418abf528f758cd9442d.jpg?shrink=130:130&_v=20260917141029,https://prod.danawa.com/info/?pcode=17139326&cate=112752,DDR5,64,6000,2
266,RAM,G.SKILL,G.SKILL DDR5-6000 CL30 RIPJAWS M5 RGB 화이트 패키지,2126360,,https://img.danuri.io/catalog-image/980/151/056/ad5c12eded0646a88c8d7fc45acae4a0.jpg?shrink=130:130&_v=20260917141049,https://prod.danawa.com/info/?pcode=56151980&cate=112752,DDR5,64,6000,2
267,RAM,G.SKILL,G.SKILL DDR5-6000 CL30 RIPJAWS S5 J 블랙 패키지,2036460,,https://img.danuri.io/catalog-image/666/000/017/03fedb4aa35e47d99042fa8abed2c552.jpg?shrink=130:130&_v=20260917080535,https://prod.danawa.com/info/?pcode=17000666&cate=112752,DDR5,64,6000,2
268,RAM,G.SKILL,G.SKILL DDR5-6000 CL30 RIPJAWS S5 J 화이트 패키지,2090000,,https://img.danuri.io/catalog-image/741/000/017/b978c0a0f0e34d8a9d1964ac039a9565.jpg?shrink=130:130&_v=20260916080502,https://prod.danawa.com/info/?pcode=17000741&cate=112752,DDR5,64,6000,2
269,RAM,G.SKILL,G.SKILL DDR5-6000 CL30 TRIDENT Z5 NEO J 패키지,2100000,,https://img.danuri.io/catalog-image/801/559/040/21a6dd64db424340ac082f96205ad02d.jpg?shrink=130:130&_v=20260917141124,https://prod.danawa.com/info/?pcode=40559801&cate=112752,DDR5,64,6000,2
270,RAM,G.SKILL,G.SKILL DDR5-6400 CL32 TRIDENT Z5 RGB 화이트 패키지,1790000,,https://img.danuri.io/catalog-image/455/639/021/1ee46552950944af8483fd774230a09a.jpg?shrink=130:130&_v=20260917080519,https://prod.danawa.com/info/?pcode=21639455&cate=112752,DDR5,64,6400,2
271,RAM,G.SKILL,G.SKILL DDR5-6000 CL28 FLARE X5 J 화이트 패키지,1979990,,https://img.danuri.io/catalog-image/726/656/075/86a0832f310b48c1aac35d9ced32bf01.jpg?shrink=130:130&_v=20260917080519,https://prod.danawa.com/info/?pcode=75656726&cate=112752,DDR5,64,6000,2
272,RAM,G.SKILL,G.SKILL DDR5-6000 CL28 RIPJAWS M5 NEO RGB 블랙 패키지,1680000,,https://img.danuri.io/catalog-image/346/724/075/307a699d788643fc897b739b935805a1.jpg?shrink=130:130&_v=20260917080534,https://prod.danawa.com/info/?pcode=75724346&cate=112752,DDR5,64,6000,2
273,RAM,G.SKILL,G.SKILL DDR5-6000 CL30 RIPJAWS M5 NEO RGB 블랙 패키지,2190000,,https://img.danuri.io/catalog-image/439/724/075/41cdce81063443c8875321d2ba741245.jpg?shrink=130:130&_v=20260916080407,https://prod.danawa.com/info/?pcode=75724439&cate=112752,DDR5,64,6000,2
274,RAM,G.SKILL,G.SKILL DDR5-6000 CL28 FLARE X5 J 패키지,1906190,,https://img.danuri.io/catalog-image/702/656/075/0ab62e05e6fc4884b3809f3dc81edf76.jpg?shrink=130:130&_v=20260917080531,https://prod.danawa.com/info/?pcode=75656702&cate=112752,DDR5,64,6000,2
275,RAM,TeamGroup,TeamGroup T-CREATE DDR5-5600 CL46 CLASSIC 패키지 서린,1420590,,https://img.danuri.io/catalog-image/335/566/019/ae126aebb87c46e598629ea77740a62e.jpg?shrink=130:130&_v=20260917222628,https://prod.danawa.com/info/?pcode=19566335&cate=112752,DDR5,64,5600,2
276,RAM,TeamGroup,TeamGroup T-CREATE DDR5-6000 CL34 EXPERT 화이트 패키지 서린,1600000,,https://img.danuri.io/catalog-image/735/546/020/990c41321f6e479a9a771696411aeeb3.jpg?shrink=130:130&_v=20260917080534,https://prod.danawa.com/info/?pcode=20546735&cate=112752,DDR5,64,6000,2
277,RAM,TeamGroup,TeamGroup T-CREATE DDR5-6400 CL34 EXPERT 화이트 패키지 서린,1650500,,https://img.danuri.io/catalog-image/080/547/020/875f1ca68e644c008bf8fae6b228a79e.jpg?shrink=130:130&_v=20260917140818,https://prod.danawa.com/info/?pcode=20547080&cate=112752,DDR5,64,6400,2
278,RAM,TeamGroup,TeamGroup T-CREATE DDR5-6000 CL48 CLASSIC 패키지 서린,1477350,,https://img.danuri.io/catalog-image/628/567/019/ec848d39977e44d1944a4d3f769ff45f.jpg?shrink=130:130&_v=20260917080645,https://prod.danawa.com/info/?pcode=19567628&cate=112752,DDR5,64,6000,2
279,RAM,TeamGroup,TeamGroup T-Force DDR5-6000 CL38 Delta RGB 패키지 서린,1559980,,https://img.danuri.io/catalog-image/994/552/019/f8c2e6dc04534c298494221405ba6e6c.jpg?shrink=130:130&_v=20260917080519,https://prod.danawa.com/info/?pcode=19552994&cate=112752,DDR5,64,6000,2
280,RAM,TeamGroup,TeamGroup T-CREATE DDR5-6000 CL34 EXPERT 패키지 서린,1581310,,https://img.danuri.io/catalog-image/788/566/019/ff0bcc73c50d47799e5135b85cd03173.jpg?shrink=130:130&_v=20260917160348,https://prod.danawa.com/info/?pcode=19566788&cate=112752,DDR5,64,6000,2
281,RAM,TeamGroup,TeamGroup T-Force DDR5-5600 CL36 Delta RGB 패키지 서린,1520000,,https://img.danuri.io/catalog-image/202/552/019/8237a7fa46a54444b6c0fd7bd1a5502e.jpg?shrink=130:130&_v=20260917080535,https://prod.danawa.com/info/?pcode=19552202&cate=112752,DDR5,64,5600,2
282,RAM,TeamGroup,TeamGroup T-CREATE DDR5-6400 CL34 EXPERT 패키지 서린,1669800,,https://img.danuri.io/catalog-image/934/567/019/8d374d5d6d7b45cca00f6e4b25d400fd.jpg?shrink=130:130&_v=20260917140844,https://prod.danawa.com/info/?pcode=19567934&cate=112752,DDR5,64,6400,2
283,RAM,TeamGroup,TeamGroup T-Force DDR5-5600 CL36 Delta RGB 화이트 패키지 서린,1520000,,https://img.danuri.io/catalog-image/541/552/019/87ff799a6f8d4317999951d9996e045b.jpg?shrink=130:130&_v=20260917080531,https://prod.danawa.com/info/?pcode=19552541&cate=112752,DDR5,64,5600,2
284,RAM,TeamGroup,TeamGroup T-Force DDR5-6000 CL38 Delta RGB 화이트 패키지 서린,1559980,,https://img.danuri.io/catalog-image/282/553/019/913ec489ed7f4404a63d8fe327c8810a.jpg?shrink=130:130&_v=20260917080534,https://prod.danawa.com/info/?pcode=19553282&cate=112752,DDR5,64,6000,2
