spec_id,part_id,spec_key,spec_value,spec_unit
1,1,ram_type,DDR4,
2,1,capacity_gb,8,GB
3,1,speed_mhz,3200,MHz
4,1,module_count,1,EA
5,2,ram_type,DDR4,
6,2,capacity_gb,8,GB
7,2,speed_mhz,3200,MHz
8,2,module_count,1,EA
9,3,ram_type,DDR4,
10,3,capacity_gb,8,GB
11,3,speed_mhz,2666,MHz
12,3,module_count,1,EA
13,4,ram_type,DDR4,
14,4,capacity_gb,8,GB
15,4,speed_mhz,2133,MHz
16,4,module_count,1,EA
17,5,ram_type,DDR4,
18,5,capacity_gb,8,GB
19,5,speed_mhz,2666,MHz
20,5,module_count,1,EA
21,6,ram_type,DDR4,
22,6,capacity_gb,8,GB
23,6,speed_mhz,2400,MHz
24,6,module_count,1,EA
25,7,ram_type,DDR4,
26,7,capacity_gb,8,GB
27,7,speed_mhz,2400,MHz
28,7,module_count,1,EA
29,8,ram_type,DDR4,
30,8,capacity_gb,8,GB
31,8,speed_mhz,2933,MHz
32,8,module_count,1,EA
33,9,ram_type,DDR4,
34,9,capacity_gb,8,GB
35,9,speed_mhz,2933,MHz
36,9,module_count,1,EA
37,10,ram_type,DDR4,
38,10,capacity_gb,8,GB
39,10,speed_mhz,3200,MHz
40,10,module_count,1,EA
41,11,ram_type,DDR4,
42,11,capacity_gb,8,GB
43,11,speed_mhz,3200,MHz
44,11,module_count,1,EA
45,12,ram_type,DDR4,
46,12,capacity_gb,8,GB
47,12,speed_mhz,3200,MHz
48,12,module_count,1,EA
49,13,ram_type,DDR4,
50,13,capacity_gb,8,GB
51,13,speed_mhz,3200,MHz
52,13,module_count,1,EA
53,14,ram_type,DDR4,
54,14,capacity_gb,8,GB
55,14,speed_mhz,3200,MHz
56,14,module_count,1,EA
57,15,ram_type,DDR4,
58,15,capacity_gb,8,GB
59,15,speed_mhz,2666,MHz
60,15,module_count,1,EA
61,16,ram_type,DDR4,
62,16,capacity_gb,8,GB
63,16,speed_mhz,3200,MHz
64,16,module_count,1,EA
65,17,ram_type,DDR4,
66,17,capacity_gb,8,GB
67,17,speed_mhz,3200,MHz
68,17,module_count,1,EA
69,18,ram_type,DDR4,
70,18,capacity_gb,8,GB
71,18,speed_mhz,2666,MHz
72,18,module_count,1,EA
73,19,ram_type,DDR4,
74,19,capacity_gb,16,GB
75,19,speed_mhz,3200,MHz
76,19,module_count,1,EA
77,20,ram_type,DDR4,
78,20,capacity_gb,16,GB
79,20,speed_mhz,3200,MHz
80,20,module_count,1,EA
81,21,ram_type,DDR4,
82,21,capacity_gb,16,GB
83,21,speed_mhz,2666,MHz
84,21,module_count,1,EA
85,22,ram_type,DDR4,
86,22,capacity_gb,16,GB
87,22,speed_mhz,2400,MHz
88,22,module_count,1,EA
89,23,ram_type,DDR4,
90,23,capacity_gb,16,GB
91,23,speed_mhz,2666,MHz
92,23,module_count,1,EA
93,24,ram_type,DDR4,
94,24,capacity_gb,16,GB
95,24,speed_mhz,2400,MHz
96,24,module_count,1,EA
97,25,ram_type,DDR4,
98,25,capacity_gb,16,GB
99,25,speed_mhz,2133,MHz
100,25,module_count,1,EA
101,26,ram_type,DDR4,
102,26,capacity_gb,16,GB
103,26,speed_mhz,2133,MHz
104,26,module_count,1,EA
105,27,ram_type,DDR4,
106,27,capacity_gb,16,GB
107,27,speed_mhz,2933,MHz
108,27,module_count,1,EA
109,28,ram_type,DDR4,
110,28,capacity_gb,16,GB
111,28,speed_mhz,3200,MHz
112,28,module_count,1,EA
113,29,ram_type,DDR4,
114,29,capacity_gb,16,GB
115,29,speed_mhz,2666,MHz
116,29,module_count,1,EA
117,30,ram_type,DDR4,
118,30,capacity_gb,16,GB
119,30,speed_mhz,3200,MHz
120,30,module_count,1,EA
121,31,ram_type,DDR4,
122,31,capacity_gb,16,GB
123,31,speed_mhz,2666,MHz
124,31,module_count,1,EA
125,32,ram_type,DDR4,
126,32,capacity_gb,16,GB
127,32,speed_mhz,3200,MHz
128,32,module_count,1,EA
129,33,ram_type,DDR4,
130,33,capacity_gb,16,GB
131,33,speed_mhz,3600,MHz
132,33,module_count,2,EA
133,34,ram_type,DDR4,
134,34,capacity_gb,16,GB
135,34,speed_mhz,3200,MHz
136,34,module_count,2,EA
137,35,ram_type,DDR4,
138,35,capacity_gb,16,GB
139,35,speed_mhz,3200,MHz
140,35,module_count,2,EA
141,36,ram_type,DDR4,
142,36,capacity_gb,16,GB
143,36,speed_mhz,3600,MHz
144,36,module_count,2,EA
145,37,ram_type,DDR4,
146,37,capacity_gb,16,GB
147,37,speed_mhz,2666,MHz
148,37,module_count,1,EA
149,38,ram_type,DDR4,
150,38,capacity_gb,16,GB
151,38,speed_mhz,3200,MHz
152,38,module_count,2,EA
153,39,ram_type,DDR4,
154,39,capacity_gb,16,GB
155,39,speed_mhz,3200,MHz
156,39,module_count,2,EA
157,40,ram_type,DDR4,
158,40,capacity_gb,16,GB
159,40,speed_mhz,3200,MHz
160,40,module_count,1,EA
161,41,ram_type,DDR4,
162,41,capacity_gb,16,GB
163,41,speed_mhz,3600,MHz
164,41,module_count,2,EA
165,42,ram_type,DDR4,
166,42,capacity_gb,16,GB
167,42,speed_mhz,3600,MHz
168,42,module_count,2,EA
169,43,ram_type,DDR4,
170,43,capacity_gb,16,GB
171,43,speed_mhz,3200,MHz
172,43,module_count,1,EA
173,44,ram_type,DDR4,
174,44,capacity_gb,16,GB
175,44,speed_mhz,3200,MHz
176,44,module_count,2,EA
177,45,ram_type,DDR4,
178,45,capacity_gb,16,GB
179,45,speed_mhz,3200,MHz
180,45,module_count,2,EA
181,46,ram_type,DDR4,
182,46,capacity_gb,16,GB
183,46,speed_mhz,3600,MHz
184,46,module_count,2,EA
185,47,ram_type,DDR4,
186,47,capacity_gb,16,GB
187,47,speed_mhz,3600,MHz
188,47,module_count,2,EA
189,48,ram_type,DDR4,
190,48,capacity_gb,16,GB
191,48,speed_mhz,3600,MHz
192,48,module_count,2,EA
193,49,ram_type,DDR4,
194,49,capacity_gb,16,GB
195,49,speed_mhz,3600,MHz
196,49,module_count,2,EA
197,50,ram_type,DDR4,
198,50,capacity_gb,16,GB
199,50,speed_mhz,3200,MHz
200,50,module_count,2,EA
201,51,ram_type,DDR4,
202,51,capacity_gb,16,GB
203,51,speed_mhz,3200,MHz
204,51,module_count,1,EA
205,52,ram_type,DDR4,
206,52,capacity_gb,16,GB
207,52,speed_mhz,3200,MHz
208,52,module_count,2,EA
209,53,ram_type,DDR4,
210,53,capacity_gb,16,GB
211,53,speed_mhz,3600,MHz
212,53,module_count,2,EA
213,54,ram_type,DDR4,
214,54,capacity_gb,16,GB
215,54,speed_mhz,3600,MHz
216,54,module_count,2,EA
217,55,ram_type,DDR4,
218,55,capacity_gb,32,GB
219,55,speed_mhz,3200,MHz
220,55,module_count,1,EA
221,56,ram_type,DDR4,
222,56,capacity_gb,32,GB
223,56,speed_mhz,2666,MHz
224,56,module_count,1,EA
225,57,ram_type,DDR4,
226,57,capacity_gb,32,GB
227,57,speed_mhz,3200,MHz
228,57,module_count,1,EA
229,58,ram_type,DDR4,
230,58,capacity_gb,32,GB
231,58,speed_mhz,2666,MHz
232,58,module_count,1,EA
233,59,ram_type,DDR4,
234,59,capacity_gb,32,GB
235,59,speed_mhz,2933,MHz
236,59,module_count,1,EA
237,60,ram_type,DDR4,
238,60,capacity_gb,32,GB
239,60,speed_mhz,3200,MHz
240,60,module_count,1,EA
241,61,ram_type,DDR4,
242,61,capacity_gb,32,GB
243,61,speed_mhz,3200,MHz
244,61,module_count,1,EA
245,62,ram_type,DDR4,
246,62,capacity_gb,32,GB
247,62,speed_mhz,3200,MHz
248,62,module_count,1,EA
249,63,ram_type,DDR4,
250,63,capacity_gb,32,GB
251,63,speed_mhz,3600,MHz
252,63,module_count,2,EA
253,64,ram_type,DDR4,
254,64,capacity_gb,32,GB
255,64,speed_mhz,3600,MHz
256,64,module_count,2,EA
257,65,ram_type,DDR4,
258,65,capacity_gb,32,GB
259,65,speed_mhz,3600,MHz
260,65,module_count,2,EA
261,66,ram_type,DDR4,
262,66,capacity_gb,32,GB
263,66,speed_mhz,3200,MHz
264,66,module_count,2,EA
265,67,ram_type,DDR4,
266,67,capacity_gb,32,GB
267,67,speed_mhz,3600,MHz
268,67,module_count,2,EA
269,68,ram_type,DDR4,
270,68,capacity_gb,32,GB
271,68,speed_mhz,3600,MHz
272,68,module_count,2,EA
273,69,ram_type,DDR4,
274,69,capacity_gb,32,GB
275,69,speed_mhz,3200,MHz
276,69,module_count,2,EA
277,70,ram_type,DDR4,
278,70,capacity_gb,32,GB
279,70,speed_mhz,3200,MHz
280,70,module_count,2,EA
281,71,ram_type,DDR4,
282,71,capacity_gb,32,GB
283,71,speed_mhz,3200,MHz
284,71,module_count,1,EA
285,72,ram_type,DDR4,
286,72,capacity_gb,32,GB
287,72,speed_mhz,3200,MHz
288,72,module_count,2,EA
289,73,ram_type,DDR4,
290,73,capacity_gb,32,GB
291,73,speed_mhz,3200,MHz
292,73,module_count,1,EA
293,74,ram_type,DDR4,
294,74,capacity_gb,32,GB
295,74,speed_mhz,3600,MHz
296,74,module_count,2,EA
297,75,ram_type,DDR4,
298,75,capacity_gb,32,GB
299,75,speed_mhz,3200,MHz
300,75,module_count,2,EA
301,76,ram_type,DDR4,
302,76,capacity_gb,32,GB
303,76,speed_mhz,3200,MHz
304,76,module_count,2,EA
305,77,ram_type,DDR4,
306,77,capacity_gb,32,GB
307,77,speed_mhz,3600,MHz
308,77,module_count,2,EA
309,78,ram_type,DDR4,
310,78,capacity_gb,64,GB
311,78,speed_mhz,3600,MHz
312,78,module_count,2,EA
313,79,ram_type,DDR5,
314,79,capacity_gb,8,GB
315,79,speed_mhz,5600,MHz
316,79,module_count,1,EA
317,80,ram_type,DDR5,
318,80,capacity_gb,8,GB
319,80,speed_mhz,4800,MHz
320,80,module_count,1,EA
321,81,ram_type,DDR5,
322,81,capacity_gb,8,GB
323,81,speed_mhz,6400,MHz
324,81,module_count,1,EA
325,82,ram_type,DDR5,
326,82,capacity_gb,8,GB
327,82,speed_mhz,4800,MHz
328,82,module_count,1,EA
329,83,ram_type,DDR5,
330,83,capacity_gb,8,GB
331,83,speed_mhz,5600,MHz
332,83,module_count,1,EA
333,84,ram_type,DDR5,
334,84,capacity_gb,8,GB
335,84,speed_mhz,7200,MHz
336,84,module_count,1,EA
337,85,ram_type,DDR5,
338,85,capacity_gb,8,GB
339,85,speed_mhz,5600,MHz
340,85,module_count,1,EA
341,86,ram_type,DDR5,
342,86,capacity_gb,8,GB
343,86,speed_mhz,5600,MHz
344,86,module_count,1,EA
345,87,ram_type,DDR5,
346,87,capacity_gb,8,GB
347,87,speed_mhz,5600,MHz
348,87,module_count,1,EA
349,88,ram_type,DDR5,
350,88,capacity_gb,8,GB
351,88,speed_mhz,5600,MHz
352,88,module_count,1,EA
353,89,ram_type,DDR5,
354,89,capacity_gb,8,GB
355,89,speed_mhz,5600,MHz
356,89,module_count,1,EA
357,90,ram_type,DDR5,
358,90,capacity_gb,8,GB
359,90,speed_mhz,5600,MHz
360,90,module_count,1,EA
361,91,ram_type,DDR5,
362,91,capacity_gb,8,GB
363,91,speed_mhz,6000,MHz
364,91,module_count,1,EA
365,92,ram_type,DDR5,
366,92,capacity_gb,8,GB
367,92,speed_mhz,5600,MHz
368,92,module_count,1,EA
369,93,ram_type,DDR5,
370,93,capacity_gb,8,GB
371,93,speed_mhz,5600,MHz
372,93,module_count,1,EA
373,94,ram_type,DDR5,
374,94,capacity_gb,16,GB
375,94,speed_mhz,5600,MHz
376,94,module_count,1,EA
377,95,ram_type,DDR5,
378,95,capacity_gb,16,GB
379,95,speed_mhz,7200,MHz
380,95,module_count,1,EA
381,96,ram_type,DDR5,
382,96,capacity_gb,16,GB
383,96,speed_mhz,6400,MHz
384,96,module_count,1,EA
385,97,ram_type,DDR5,
386,97,capacity_gb,16,GB
387,97,speed_mhz,4800,MHz
388,97,module_count,1,EA
389,98,ram_type,DDR5,
390,98,capacity_gb,16,GB
391,98,speed_mhz,4800,MHz
392,98,module_count,1,EA
393,99,ram_type,DDR5,
394,99,capacity_gb,16,GB
395,99,speed_mhz,5600,MHz
396,99,module_count,1,EA
397,100,ram_type,DDR5,
398,100,capacity_gb,16,GB
399,100,speed_mhz,4800,MHz
400,100,module_count,1,EA
401,101,ram_type,DDR5,
402,101,capacity_gb,16,GB
403,101,speed_mhz,6000,MHz
404,101,module_count,1,EA
405,102,ram_type,DDR5,
406,102,capacity_gb,16,GB
407,102,speed_mhz,6000,MHz
408,102,module_count,1,EA
409,103,ram_type,DDR5,
410,103,capacity_gb,16,GB
411,103,speed_mhz,6000,MHz
412,103,module_count,1,EA
413,104,ram_type,DDR5,
414,104,capacity_gb,16,GB
415,104,speed_mhz,6000,MHz
416,104,module_count,1,EA
417,105,ram_type,DDR5,
418,105,capacity_gb,16,GB
419,105,speed_mhz,6000,MHz
420,105,module_count,1,EA
421,106,ram_type,DDR5,
422,106,capacity_gb,16,GB
423,106,speed_mhz,5600,MHz
424,106,module_count,1,EA
425,107,ram_type,DDR5,
426,107,capacity_gb,16,GB
427,107,speed_mhz,6000,MHz
428,107,module_count,1,EA
429,108,ram_type,DDR5,
430,108,capacity_gb,16,GB
431,108,speed_mhz,5600,MHz
432,108,module_count,1,EA
433,109,ram_type,DDR5,
434,109,capacity_gb,16,GB
435,109,speed_mhz,5600,MHz
436,109,module_count,1,EA
437,110,ram_type,DDR5,
438,110,capacity_gb,16,GB
439,110,speed_mhz,6000,MHz
440,110,module_count,2,EA
441,111,ram_type,DDR5,
442,111,capacity_gb,16,GB
443,111,speed_mhz,6000,MHz
444,111,module_count,2,EA
445,112,ram_type,DDR5,
446,112,capacity_gb,16,GB
447,112,speed_mhz,6400,MHz
448,112,module_count,1,EA
449,113,ram_type,DDR5,
450,113,capacity_gb,16,GB
451,113,speed_mhz,5600,MHz
452,113,module_count,1,EA
453,114,ram_type,DDR5,
454,114,capacity_gb,16,GB
455,114,speed_mhz,5600,MHz
456,114,module_count,1,EA
457,115,ram_type,DDR5,
458,115,capacity_gb,16,GB
459,115,speed_mhz,5600,MHz
460,115,module_count,1,EA
461,116,ram_type,DDR5,
462,116,capacity_gb,16,GB
463,116,speed_mhz,6000,MHz
464,116,module_count,1,EA
465,117,ram_type,DDR5,
466,117,capacity_gb,16,GB
467,117,speed_mhz,5600,MHz
468,117,module_count,1,EA
469,118,ram_type,DDR5,
470,118,capacity_gb,16,GB
471,118,speed_mhz,6000,MHz
472,118,module_count,1,EA
473,119,ram_type,DDR5,
474,119,capacity_gb,16,GB
475,119,speed_mhz,5600,MHz
476,119,module_count,1,EA
477,120,ram_type,DDR5,
478,120,capacity_gb,16,GB
479,120,speed_mhz,4800,MHz
480,120,module_count,1,EA
481,121,ram_type,DDR5,
482,121,capacity_gb,16,GB
483,121,speed_mhz,5200,MHz
484,121,module_count,1,EA
485,122,ram_type,DDR5,
486,122,capacity_gb,16,GB
487,122,speed_mhz,5600,MHz
488,122,module_count,1,EA
489,123,ram_type,DDR5,
490,123,capacity_gb,16,GB
491,123,speed_mhz,5600,MHz
492,123,module_count,1,EA
493,124,ram_type,DDR5,
494,124,capacity_gb,32,GB
495,124,speed_mhz,5600,MHz
496,124,module_count,1,EA
497,125,ram_type,DDR5,
498,125,capacity_gb,32,GB
499,125,speed_mhz,4800,MHz
500,125,module_count,1,EA
501,126,ram_type,DDR5,
502,126,capacity_gb,32,GB
503,126,speed_mhz,4800,MHz
504,126,module_count,1,EA
505,127,ram_type,DDR5,
506,127,capacity_gb,32,GB
507,127,speed_mhz,5600,MHz
508,127,module_count,1,EA
509,128,ram_type,DDR5,
510,128,capacity_gb,32,GB
511,128,speed_mhz,4800,MHz
512,128,module_count,1,EA
513,129,ram_type,DDR5,
514,129,capacity_gb,32,GB
515,129,speed_mhz,6000,MHz
516,129,module_count,2,EA
517,130,ram_type,DDR5,
518,130,capacity_gb,32,GB
519,130,speed_mhz,6000,MHz
520,130,module_count,2,EA
521,131,ram_type,DDR5,
522,131,capacity_gb,32,GB
523,131,speed_mhz,8000,MHz
524,131,module_count,2,EA
525,132,ram_type,DDR5,
526,132,capacity_gb,32,GB
527,132,speed_mhz,6000,MHz
528,132,module_count,2,EA
529,133,ram_type,DDR5,
530,133,capacity_gb,32,GB
531,133,speed_mhz,6400,MHz
532,133,module_count,2,EA
533,134,ram_type,DDR5,
534,134,capacity_gb,32,GB
535,134,speed_mhz,5600,MHz
536,134,module_count,1,EA
537,135,ram_type,DDR5,
538,135,capacity_gb,32,GB
539,135,speed_mhz,6400,MHz
540,135,module_count,2,EA
541,136,ram_type,DDR5,
542,136,capacity_gb,32,GB
543,136,speed_mhz,6400,MHz
544,136,module_count,2,EA
545,137,ram_type,DDR5,
546,137,capacity_gb,32,GB
547,137,speed_mhz,6200,MHz
548,137,module_count,2,EA
549,138,ram_type,DDR5,
550,138,capacity_gb,32,GB
551,138,speed_mhz,7200,MHz
552,138,module_count,2,EA
553,139,ram_type,DDR5,
554,139,capacity_gb,32,GB
555,139,speed_mhz,7400,MHz
556,139,module_count,2,EA
557,140,ram_type,DDR5,
558,140,capacity_gb,32,GB
559,140,speed_mhz,7000,MHz
560,140,module_count,2,EA
561,141,ram_type,DDR5,
562,141,capacity_gb,32,GB
563,141,speed_mhz,6600,MHz
564,141,module_count,2,EA
565,142,ram_type,DDR5,
566,142,capacity_gb,32,GB
567,142,speed_mhz,6200,MHz
568,142,module_count,2,EA
569,143,ram_type,DDR5,
570,143,capacity_gb,32,GB
571,143,speed_mhz,7400,MHz
572,143,module_count,2,EA
573,144,ram_type,DDR5,
574,144,capacity_gb,32,GB
575,144,speed_mhz,7200,MHz
576,144,module_count,2,EA
577,145,ram_type,DDR5,
578,145,capacity_gb,32,GB
579,145,speed_mhz,6800,MHz
580,145,module_count,2,EA
581,146,ram_type,DDR5,
582,146,capacity_gb,32,GB
583,146,speed_mhz,6600,MHz
584,146,module_count,2,EA
585,147,ram_type,DDR5,
586,147,capacity_gb,32,GB
587,147,speed_mhz,6000,MHz
588,147,module_count,2,EA
589,148,ram_type,DDR5,
590,148,capacity_gb,32,GB
591,148,speed_mhz,7000,MHz
592,148,module_count,2,EA
593,149,ram_type,DDR5,
594,149,capacity_gb,32,GB
595,149,speed_mhz,6200,MHz
596,149,module_count,2,EA
597,150,ram_type,DDR5,
598,150,capacity_gb,32,GB
599,150,speed_mhz,6800,MHz
600,150,module_count,2,EA
601,151,ram_type,DDR5,
602,151,capacity_gb,32,GB
603,151,speed_mhz,6600,MHz
604,151,module_count,2,EA
605,152,ram_type,DDR5,
606,152,capacity_gb,32,GB
607,152,speed_mhz,6000,MHz
608,152,module_count,2,EA
609,153,ram_type,DDR5,
610,153,capacity_gb,32,GB
611,153,speed_mhz,7000,MHz
612,153,module_count,2,EA
613,154,ram_type,DDR5,
614,154,capacity_gb,32,GB
615,154,speed_mhz,7000,MHz
616,154,module_count,2,EA
617,155,ram_type,DDR5,
618,155,capacity_gb,32,GB
619,155,speed_mhz,6000,MHz
620,155,module_count,2,EA
621,156,ram_type,DDR5,
622,156,capacity_gb,32,GB
623,156,speed_mhz,6000,MHz
624,156,module_count,2,EA
625,157,ram_type,DDR5,
626,157,capacity_gb,32,GB
627,157,speed_mhz,5600,MHz
628,157,module_count,1,EA
629,158,ram_type,DDR5,
630,158,capacity_gb,32,GB
631,158,speed_mhz,6000,MHz
632,158,module_count,2,EA
633,159,ram_type,DDR5,
634,159,capacity_gb,32,GB
635,159,speed_mhz,6000,MHz
636,159,module_count,2,EA
637,160,ram_type,DDR5,
638,160,capacity_gb,32,GB
639,160,speed_mhz,6000,MHz
640,160,module_count,2,EA
641,161,ram_type,DDR5,
642,161,capacity_gb,32,GB
643,161,speed_mhz,6000,MHz
644,161,module_count,2,EA
645,162,ram_type,DDR5,
646,162,capacity_gb,32,GB
647,162,speed_mhz,6000,MHz
648,162,module_count,2,EA
649,163,ram_type,DDR5,
650,163,capacity_gb,32,GB
651,163,speed_mhz,6000,MHz
652,163,module_count,2,EA
653,164,ram_type,DDR5,
654,164,capacity_gb,32,GB
655,164,speed_mhz,6000,MHz
656,164,module_count,2,EA
657,165,ram_type,DDR5,
658,165,capacity_gb,32,GB
659,165,speed_mhz,6400,MHz
660,165,module_count,2,EA
661,166,ram_type,DDR5,
662,166,capacity_gb,32,GB
663,166,speed_mhz,6000,MHz
664,166,module_count,2,EA
665,167,ram_type,DDR5,
666,167,capacity_gb,32,GB
667,167,speed_mhz,6000,MHz
668,167,module_count,2,EA
669,168,ram_type,DDR5,
670,168,capacity_gb,32,GB
671,168,speed_mhz,6000,MHz
672,168,module_count,2,EA
673,169,ram_type,DDR5,
674,169,capacity_gb,32,GB
675,169,speed_mhz,6000,MHz
676,169,module_count,2,EA
677,170,ram_type,DDR5,
678,170,capacity_gb,32,GB
679,170,speed_mhz,6000,MHz
680,170,module_count,2,EA
681,171,ram_type,DDR5,
682,171,capacity_gb,32,GB
683,171,speed_mhz,6000,MHz
684,171,module_count,2,EA
685,172,ram_type,DDR5,
686,172,capacity_gb,32,GB
687,172,speed_mhz,6000,MHz
688,172,module_count,2,EA
689,173,ram_type,DDR5,
690,173,capacity_gb,32,GB
691,173,speed_mhz,6000,MHz
692,173,module_count,2,EA
693,174,ram_type,DDR5,
694,174,capacity_gb,32,GB
695,174,speed_mhz,6000,MHz
696,174,module_count,2,EA
697,175,ram_type,DDR5,
698,175,capacity_gb,32,GB
699,175,speed_mhz,6000,MHz
700,175,module_count,2,EA
701,176,ram_type,DDR5,
702,176,capacity_gb,32,GB
703,176,speed_mhz,6400,MHz
704,176,module_count,2,EA
705,177,ram_type,DDR5,
706,177,capacity_gb,32,GB
707,177,speed_mhz,7200,MHz
708,177,module_count,2,EA
709,178,ram_type,DDR5,
710,178,capacity_gb,32,GB
711,178,speed_mhz,6000,MHz
712,178,module_count,2,EA
713,179,ram_type,DDR5,
714,179,capacity_gb,32,GB
715,179,speed_mhz,6400,MHz
716,179,module_count,2,EA
717,180,ram_type,DDR5,
718,180,capacity_gb,32,GB
719,180,speed_mhz,6400,MHz
720,180,module_count,2,EA
721,181,ram_type,DDR5,
722,181,capacity_gb,32,GB
723,181,speed_mhz,6400,MHz
724,181,module_count,2,EA
725,182,ram_type,DDR5,
726,182,capacity_gb,32,GB
727,182,speed_mhz,6400,MHz
728,182,module_count,2,EA
729,183,ram_type,DDR5,
730,183,capacity_gb,32,GB
731,183,speed_mhz,6400,MHz
732,183,module_count,2,EA
733,184,ram_type,DDR5,
734,184,capacity_gb,32,GB
735,184,speed_mhz,7200,MHz
736,184,module_count,2,EA
737,185,ram_type,DDR5,
738,185,capacity_gb,32,GB
739,185,speed_mhz,7200,MHz
740,185,module_count,2,EA
741,186,ram_type,DDR5,
742,186,capacity_gb,32,GB
743,186,speed_mhz,6000,MHz
744,186,module_count,2,EA
745,187,ram_type,DDR5,
746,187,capacity_gb,32,GB
747,187,speed_mhz,6000,MHz
748,187,module_count,2,EA
749,188,ram_type,DDR5,
750,188,capacity_gb,32,GB
751,188,speed_mhz,6000,MHz
752,188,module_count,2,EA
753,189,ram_type,DDR5,
754,189,capacity_gb,32,GB
755,189,speed_mhz,6400,MHz
756,189,module_count,2,EA
757,190,ram_type,DDR5,
758,190,capacity_gb,32,GB
759,190,speed_mhz,6000,MHz
760,190,module_count,2,EA
761,191,ram_type,DDR5,
762,191,capacity_gb,32,GB
763,191,speed_mhz,6000,MHz
764,191,module_count,2,EA
765,192,ram_type,DDR5,
766,192,capacity_gb,32,GB
767,192,speed_mhz,6000,MHz
768,192,module_count,2,EA
769,193,ram_type,DDR5,
770,193,capacity_gb,32,GB
771,193,speed_mhz,6000,MHz
772,193,module_count,2,EA
773,194,ram_type,DDR5,
774,194,capacity_gb,32,GB
775,194,speed_mhz,6000,MHz
776,194,module_count,2,EA
777,195,ram_type,DDR5,
778,195,capacity_gb,32,GB
779,195,speed_mhz,5600,MHz
780,195,module_count,1,EA
781,196,ram_type,DDR5,
782,196,capacity_gb,32,GB
783,196,speed_mhz,6000,MHz
784,196,module_count,2,EA
785,197,ram_type,DDR5,
786,197,capacity_gb,32,GB
787,197,speed_mhz,6000,MHz
788,197,module_count,2,EA
789,198,ram_type,DDR5,
790,198,capacity_gb,32,GB
791,198,speed_mhz,6000,MHz
792,198,module_count,2,EA
793,199,ram_type,DDR5,
794,199,capacity_gb,32,GB
795,199,speed_mhz,6000,MHz
796,199,module_count,2,EA
797,200,ram_type,DDR5,
798,200,capacity_gb,32,GB
799,200,speed_mhz,6000,MHz
800,200,module_count,2,EA
801,201,ram_type,DDR5,
802,201,capacity_gb,32,GB
803,201,speed_mhz,6000,MHz
804,201,module_count,2,EA
805,202,ram_type,DDR5,
806,202,capacity_gb,32,GB
807,202,speed_mhz,6000,MHz
808,202,module_count,2,EA
809,203,ram_type,DDR5,
810,203,capacity_gb,32,GB
811,203,speed_mhz,6000,MHz
812,203,module_count,2,EA
813,204,ram_type,DDR5,
814,204,capacity_gb,32,GB
815,204,speed_mhz,6000,MHz
816,204,module_count,2,EA
817,205,ram_type,DDR5,
818,205,capacity_gb,32,GB
819,205,speed_mhz,6000,MHz
820,205,module_count,2,EA
821,206,ram_type,DDR5,
822,206,capacity_gb,32,GB
823,206,speed_mhz,6000,MHz
824,206,module_count,2,EA
825,207,ram_type,DDR5,
826,207,capacity_gb,32,GB
827,207,speed_mhz,6400,MHz
828,207,module_count,2,EA
829,208,ram_type,DDR5,
830,208,capacity_gb,32,GB
831,208,speed_mhz,6000,MHz
832,208,module_count,2,EA
833,209,ram_type,DDR5,
834,209,capacity_gb,32,GB
835,209,speed_mhz,6000,MHz
836,209,module_count,2,EA
837,210,ram_type,DDR5,
838,210,capacity_gb,32,GB
839,210,speed_mhz,6000,MHz
840,210,module_count,2,EA
841,211,ram_type,DDR5,
842,211,capacity_gb,32,GB
843,211,speed_mhz,5200,MHz
844,211,module_count,2,EA
845,212,ram_type,DDR5,
846,212,capacity_gb,32,GB
847,212,speed_mhz,6000,MHz
848,212,module_count,2,EA
849,213,ram_type,DDR5,
850,213,capacity_gb,32,GB
851,213,speed_mhz,5200,MHz
852,213,module_count,2,EA
853,214,ram_type,DDR5,
854,214,capacity_gb,32,GB
855,214,speed_mhz,5200,MHz
856,214,module_count,2,EA
857,215,ram_type,DDR5,
858,215,capacity_gb,32,GB
859,215,speed_mhz,6000,MHz
860,215,module_count,2,EA
861,216,ram_type,DDR5,
862,216,capacity_gb,32,GB
863,216,speed_mhz,5200,MHz
864,216,module_count,2,EA
865,217,ram_type,DDR5,
866,217,capacity_gb,32,GB
867,217,speed_mhz,5600,MHz
868,217,module_count,1,EA
869,218,ram_type,DDR5,
870,218,capacity_gb,32,GB
871,218,speed_mhz,6000,MHz
872,218,module_count,2,EA
873,219,ram_type,DDR5,
874,219,capacity_gb,32,GB
875,219,speed_mhz,6000,MHz
876,219,module_count,2,EA
877,220,ram_type,DDR5,
878,220,capacity_gb,32,GB
879,220,speed_mhz,6000,MHz
880,220,module_count,2,EA
881,221,ram_type,DDR5,
882,221,capacity_gb,32,GB
883,221,speed_mhz,6000,MHz
884,221,module_count,2,EA
885,222,ram_type,DDR5,
886,222,capacity_gb,32,GB
887,222,speed_mhz,6000,MHz
888,222,module_count,2,EA
889,223,ram_type,DDR5,
890,223,capacity_gb,32,GB
891,223,speed_mhz,5600,MHz
892,223,module_count,2,EA
893,224,ram_type,DDR5,
894,224,capacity_gb,32,GB
895,224,speed_mhz,6000,MHz
896,224,module_count,2,EA
897,225,ram_type,DDR5,
898,225,capacity_gb,32,GB
899,225,speed_mhz,4800,MHz
900,225,module_count,1,EA
901,226,ram_type,DDR5,
902,226,capacity_gb,32,GB
903,226,speed_mhz,7200,MHz
904,226,module_count,2,EA
905,227,ram_type,DDR5,
906,227,capacity_gb,32,GB
907,227,speed_mhz,6000,MHz
908,227,module_count,2,EA
909,228,ram_type,DDR5,
910,228,capacity_gb,32,GB
911,228,speed_mhz,6000,MHz
912,228,module_count,2,EA
913,229,ram_type,DDR5,
914,229,capacity_gb,32,GB
915,229,speed_mhz,6000,MHz
916,229,module_count,2,EA
917,230,ram_type,DDR5,
918,230,capacity_gb,32,GB
919,230,speed_mhz,5600,MHz
920,230,module_count,1,EA
921,231,ram_type,DDR5,
922,231,capacity_gb,32,GB
923,231,speed_mhz,7200,MHz
924,231,module_count,2,EA
925,232,ram_type,DDR5,
926,232,capacity_gb,32,GB
927,232,speed_mhz,5600,MHz
928,232,module_count,2,EA
929,233,ram_type,DDR5,
930,233,capacity_gb,32,GB
931,233,speed_mhz,5600,MHz
932,233,module_count,2,EA
933,234,ram_type,DDR5,
934,234,capacity_gb,32,GB
935,234,speed_mhz,6000,MHz
936,234,module_count,2,EA
937,235,ram_type,DDR5,
938,235,capacity_gb,32,GB
939,235,speed_mhz,6400,MHz
940,235,module_count,2,EA
941,236,ram_type,DDR5,
942,236,capacity_gb,32,GB
943,236,speed_mhz,6400,MHz
944,236,module_count,2,EA
945,237,ram_type,DDR5,
946,237,capacity_gb,32,GB
947,237,speed_mhz,6000,MHz
948,237,module_count,2,EA
949,238,ram_type,DDR5,
950,238,capacity_gb,32,GB
951,238,speed_mhz,5600,MHz
952,238,module_count,1,EA
953,239,ram_type,DDR5,
954,239,capacity_gb,32,GB
955,239,speed_mhz,6000,MHz
956,239,module_count,2,EA
957,240,ram_type,DDR5,
958,240,capacity_gb,32,GB
959,240,speed_mhz,5600,MHz
960,240,module_count,1,EA
961,241,ram_type,DDR5,
962,241,capacity_gb,64,GB
963,241,speed_mhz,6400,MHz
964,241,module_count,2,EA
965,242,ram_type,DDR5,
966,242,capacity_gb,64,GB
967,242,speed_mhz,6000,MHz
968,242,module_count,2,EA
969,243,ram_type,DDR5,
970,243,capacity_gb,64,GB
971,243,speed_mhz,6000,MHz
972,243,module_count,2,EA
973,244,ram_type,DDR5,
974,244,capacity_gb,64,GB
975,244,speed_mhz,6400,MHz
976,244,module_count,2,EA
977,245,ram_type,DDR5,
978,245,capacity_gb,64,GB
979,245,speed_mhz,6000,MHz
980,245,module_count,2,EA
981,246,ram_type,DDR5,
982,246,capacity_gb,64,GB
983,246,speed_mhz,6000,MHz
984,246,module_count,2,EA
985,247,ram_type,DDR5,
986,247,capacity_gb,64,GB
987,247,speed_mhz,6400,MHz
988,247,module_count,2,EA
989,248,ram_type,DDR5,
990,248,capacity_gb,64,GB
991,248,speed_mhz,6000,MHz
992,248,module_count,2,EA
993,249,ram_type,DDR5,
994,249,capacity_gb,64,GB
995,249,speed_mhz,6000,MHz
996,249,module_count,2,EA
997,250,ram_type,DDR5,
998,250,capacity_gb,64,GB
999,250,speed_mhz,6000,MHz
1000,250,module_count,2,EA
1001,251,ram_type,DDR5,
1002,251,capacity_gb,64,GB
1003,251,speed_mhz,6000,MHz
1004,251,module_count,2,EA
1005,252,ram_type,DDR5,
1006,252,capacity_gb,64,GB
1007,252,speed_mhz,6000,MHz
1008,252,module_count,2,EA
1009,253,ram_type,DDR5,
1010,253,capacity_gb,64,GB
1011,253,speed_mhz,6000,MHz
1012,253,module_count,2,EA
1013,254,ram_type,DDR5,
1014,254,capacity_gb,64,GB
1015,254,speed_mhz,5200,MHz
1016,254,module_count,2,EA
1017,255,ram_type,DDR5,
1018,255,capacity_gb,64,GB
1019,255,speed_mhz,6000,MHz
1020,255,module_count,2,EA
1021,256,ram_type,DDR5,
1022,256,capacity_gb,64,GB
1023,256,speed_mhz,6000,MHz
1024,256,module_count,2,EA
1025,257,ram_type,DDR5,
1026,257,capacity_gb,64,GB
1027,257,speed_mhz,6000,MHz
1028,257,module_count,2,EA
1029,258,ram_type,DDR5,
1030,258,capacity_gb,64,GB
1031,258,speed_mhz,5200,MHz
1032,258,module_count,2,EA
1033,259,ram_type,DDR5,
1034,259,capacity_gb,64,GB
1035,259,speed_mhz,6400,MHz
1036,259,module_count,2,EA
1037,260,ram_type,DDR5,
1038,260,capacity_gb,64,GB
1039,260,speed_mhz,6000,MHz
1040,260,module_count,2,EA
1041,261,ram_type,DDR5,
1042,261,capacity_gb,64,GB
1043,261,speed_mhz,5200,MHz
1044,261,module_count,2,EA
1045,262,ram_type,DDR5,
1046,262,capacity_gb,64,GB
1047,262,speed_mhz,6000,MHz
1048,262,module_count,2,EA
1049,263,ram_type,DDR5,
1050,263,capacity_gb,64,GB
1051,263,speed_mhz,6000,MHz
1052,263,module_count,2,EA
1053,264,ram_type,DDR5,
1054,264,capacity_gb,64,GB
1055,264,speed_mhz,6400,MHz
1056,264,module_count,2,EA
1057,265,ram_type,DDR5,
1058,265,capacity_gb,64,GB
1059,265,speed_mhz,6000,MHz
1060,265,module_count,2,EA
1061,266,ram_type,DDR5,
1062,266,capacity_gb,64,GB
1063,266,speed_mhz,6000,MHz
1064,266,module_count,2,EA
1065,267,ram_type,DDR5,
1066,267,capacity_gb,64,GB
1067,267,speed_mhz,6000,MHz
1068,267,module_count,2,EA
1069,268,ram_type,DDR5,
1070,268,capacity_gb,64,GB
1071,268,speed_mhz,6000,MHz
1072,268,module_count,2,EA
1073,269,ram_type,DDR5,
1074,269,capacity_gb,64,GB
1075,269,speed_mhz,6000,MHz
1076,269,module_count,2,EA
1077,270,ram_type,DDR5,
1078,270,capacity_gb,64,GB
1079,270,speed_mhz,6400,MHz
1080,270,module_count,2,EA
1081,271,ram_type,DDR5,
1082,271,capacity_gb,64,GB
1083,271,speed_mhz,6000,MHz
1084,271,module_count,2,EA
1085,272,ram_type,DDR5,
1086,272,capacity_gb,64,GB
1087,272,speed_mhz,6000,MHz
1088,272,module_count,2,EA
1089,273,ram_type,DDR5,
1090,273,capacity_gb,64,GB
1091,273,speed_mhz,6000,MHz
1092,273,module_count,2,EA
1093,274,ram_type,DDR5,
1094,274,capacity_gb,64,GB
1095,274,speed_mhz,6000,MHz
1096,274,module_count,2,EA
1097,275,ram_type,DDR5,
1098,275,capacity_gb,64,GB
1099,275,speed_mhz,5600,MHz
1100,275,module_count,2,EA
1101,276,ram_type,DDR5,
1102,276,capacity_gb,64,GB
1103,276,speed_mhz,6000,MHz
1104,276,module_count,2,EA
1105,277,ram_type,DDR5,
1106,277,capacity_gb,64,GB
1107,277,speed_mhz,6400,MHz
1108,277,module_count,2,EA
1109,278,ram_type,DDR5,
1110,278,capacity_gb,64,GB
1111,278,speed_mhz,6000,MHz
1112,278,module_count,2,EA
1113,279,ram_type,DDR5,
1114,279,capacity_gb,64,GB
1115,279,speed_mhz,6000,MHz
1116,279,module_count,2,EA
1117,280,ram_type,DDR5,
1118,280,capacity_gb,64,GB
1119,280,speed_mhz,6000,MHz
1120,280,module_count,2,EA
1121,281,ram_type,DDR5,
1122,281,capacity_gb,64,GB
1123,281,speed_mhz,5600,MHz
1124,281,module_count,2,EA
1125,282,ram_type,DDR5,
1126,282,capacity_gb,64,GB
1127,282,speed_mhz,6400,MHz
1128,282,module_count,2,EA
1129,283,ram_type,DDR5,
1130,283,capacity_gb,64,GB
1131,283,speed_mhz,5600,MHz
1132,283,module_count,2,EA
1133,284,ram_type,DDR5,
1134,284,capacity_gb,64,GB
1135,284,speed_mhz,6000,MHz
1136,284,module_count,2,EA
