번호,제조사,용량_GB,제품명,가격,세부스펙,이미지,상품주소
1,삼성전자,8GB,삼성전자 DDR4-3200,"80,280",데스크탑용 / DDR4 / 3200MHz (PC4-25600) / 램개수 : 1개 / 히트싱크 : 미포함 / 단종된 모델이므로 중고상품 주의하시기 바랍니다,https://img.danuri.io/catalog-image/857/541/011/a5cd8f444ed445cf94eefda7d25a45ff.jpg?shrink=130:130&_v=20261006080652,https://prod.danawa.com/info/?pcode=11541857&cate=112752
2,삼성전자,8GB,삼성전자 DDR4-3200 중고,"75,990",데스크탑용 / DDR4 / 3200MHz (PC4-25600) / 램개수 : 1개 / 히트싱크 : 미포함,https://img.danuri.io/catalog-image/048/578/015/0eb8a8efdd134cecbdb4b118bfbcb6ef.jpg?shrink=130:130&_v=20261006161058,https://prod.danawa.com/info/?pcode=15578048&cate=112752
3,삼성전자,8GB,삼성전자 DDR4-2666 중고,"59,980",데스크탑용 / DDR4 / 2666MHz (PC4-21300) / 램개수 : 1개 / 히트싱크 : 미포함,https://img.danuri.io/catalog-image/972/158/008/c61a9e406e5e4ded92ebecaa56723ab2.jpg?shrink=130:130&_v=20261006114859,https://prod.danawa.com/info/?pcode=8158972&cate=112752
4,삼성전자,8GB,삼성전자 DDR4-2400,"63,240",데스크탑용 / DDR4 / 2400MHz (PC4-19200) / 램개수 : 1개 / 히트싱크 : 미포함,https://img.danuri.io/catalog-image/051/343/004/5e5d16947c3c418da09cbf110f418303.jpg?shrink=130:130&_v=20261006080535,https://prod.danawa.com/info/?pcode=4343051&cate=112752
5,삼성전자,8GB,삼성전자 DDR4-2133 중고,"55,390",데스크탑용 / DDR4 / 2133MHz (PC4-17000) / 램개수 : 1개 / 히트싱크 : 미포함,https://img.danuri.io/catalog-image/841/676/005/69b084a45b564b7b8fe4a490d7838c77.jpg?shrink=130:130&_v=20261006154219,https://prod.danawa.com/info/?pcode=5676841&cate=112752
6,삼성전자,8GB,삼성전자 DDR4-2666,"72,980",데스크탑용 / DDR4 / 2666MHz (PC4-21300) / 램개수 : 1개 / 히트싱크 : 미포함 / 단종된 모델이므로 중고상품 주의하시기 바랍니다,https://img.danuri.io/catalog-image/666/937/005/cefa1d5c69ad4e918d512ad0d0fa1587.jpg?shrink=130:130&_v=20261006164803,https://prod.danawa.com/info/?pcode=5937666&cate=112752
7,삼성전자,8GB,삼성전자 DDR4-2400 중고,"55,780",데스크탑용 / DDR4 / 2400MHz (PC4-19200) / 램개수 : 1개 / 히트싱크 : 미포함,https://img.danuri.io/catalog-image/449/236/011/ccb5cb44a01f4785b4f203721b3b66a9.jpg?shrink=130:130&_v=20261006080705,https://prod.danawa.com/info/?pcode=11236449&cate=112752
8,삼성전자,8GB,삼성전자 DDR4-2933,"95,000",데스크탑용 / DDR4 / 2933MHz (PC4-23400) / 1.20V / 램개수 : 1개 / 히트싱크 : 미포함,https://img.danuri.io/catalog-image/427/376/010/b17f839a12d5482b90667d9002712525.jpg?shrink=130:130&_v=20261005080429,https://prod.danawa.com/info/?pcode=10376427&cate=112752
9,삼성전자,8GB,삼성전자 DDR4-2933 중고,"98,890",데스크탑용 / DDR4 / 2933MHz (PC4-23400) / 1.20V / 램개수 : 1개 / 히트싱크 : 미포함,https://img.danuri.io/catalog-image/794/844/017/56790e9c0bd54a3082b68135606e7798.jpg?shrink=130:130&_v=20261005122633,https://prod.danawa.com/info/?pcode=17844794&cate=112752
10,ESSENCORE,8GB,ESSENCORE KLEVV DDR4-3200 CL22 파인인포,"87,490",데스크탑용 / DDR4 / 3200MHz (PC4-25600) / 램타이밍 : CL22-22-22-51 / 1.20V / 램개수 : 1개 / 히트싱크 : 미포함 / 모듈제조사 : SK하이닉스,https://img.danuri.io/catalog-image/049/787/011/347bdd54366b42bda45c57e58c8f7458.jpg?shrink=130:130&_v=20261006164614,https://prod.danawa.com/info/?pcode=11787049&cate=112752
11,ESSENCORE,8GB,ESSENCORE KLEVV DDR4-3200 CL16 BOLT X 서린,"119,000",데스크탑용 / DDR4 / 3200MHz (PC4-25600) / 램타이밍 : CL16-18-18-38 / 1.35V / 램개수 : 1개 / XMP / 히트싱크 : 방열판 / 방열판 색상 : 블랙 / 높이 : 33mm / 모듈제조사 : SK하이닉스,https://img.danuri.io/catalog-image/110/867/027/5a0a8963ae364c72b22851f732325fe9.jpg?shrink=130:130&_v=20261006080535,https://prod.danawa.com/info/?pcode=27867110&cate=112752
12,ESSENCORE,8GB,ESSENCORE KLEVV DDR4-3200 CL22 중고,"85,000",데스크탑용 / DDR4 / 3200MHz (PC4-25600) / 램타이밍 : CL22-22-22-51 / 1.20V / 램개수 : 1개 / 히트싱크 : 미포함 / 모듈제조사 : SK하이닉스,https://img.danuri.io/catalog-image/874/133/123/d87f0318f80b4b69a69b3427d26aaf7b.jpg?shrink=130:130&_v=20261005080529,https://prod.danawa.com/info/?pcode=123133874&cate=112752
13,TeamGroup,8GB,TeamGroup DDR4-3200 Elite 서린,"107,000",데스크탑용 / DDR4 / 3200MHz (PC4-25600) / 램타이밍 : CL22-22-22-52 / 1.20V / 램개수 : 1개 / 히트싱크 : 미포함,https://img.danuri.io/catalog-image/443/907/014/bc99606c337e4676b6ad50ec8df0867b.jpg?shrink=130:130&_v=20261006095058,https://prod.danawa.com/info/?pcode=14907443&cate=112752
14,TeamGroup,8GB,TeamGroup DDR4-3200 Elite,"86,830",데스크탑용 / DDR4 / 3200MHz (PC4-25600) / 램타이밍 : CL22-22-22-52 / 1.20V / 램개수 : 1개 / 히트싱크 : 미포함,https://img.danuri.io/catalog-image/141/188/010/506b651d3b5a42568bf2f8f547eed219.jpg?shrink=130:130&_v=20261006080542,https://prod.danawa.com/info/?pcode=10188141&cate=112752
15,TeamGroup,8GB,TeamGroup DDR4-2666 Elite,"86,000",데스크탑용 / DDR4 / 2666MHz (PC4-21300) / 램타이밍 : CL19-19-19-43 / 1.20V / 램개수 : 1개 / 히트싱크 : 미포함 / 2021년 3월 부로 가넷씨앤아이→아인스시스템 으로 유통사가 변경되었습니다,https://img.danuri.io/catalog-image/228/680/005/93e912e85e42400a98456411e54360fb.jpg?shrink=130:130&_v=20261006080542,https://prod.danawa.com/info/?pcode=5680228&cate=112752
16,마이크론,8GB,마이크론 Crucial DDR4-3200 CL22,"108,890","데스크탑용 / DDR4 / 3200MHz (PC4-25600) / 램타이밍 : CL22 / 1.20V / 램개수 : 1개 / 히트싱크 : 미포함 / S832A: SR(단면), x8 based / S632A: SR(단면), x16 based 확인요망 / 수입사 확인요망",https://img.danuri.io/catalog-image/017/294/010/a94344bda4a54eb093001ae9698ed793.jpg?shrink=130:130&_v=20261006080431,https://prod.danawa.com/info/?pcode=10294017&cate=112752
17,마이크론,8GB,마이크론 Crucial DDR4-3200 CL22 대원씨티에스,"117,670","데스크탑용 / DDR4 / 3200MHz (PC4-25600) / 램타이밍 : CL22 / 1.20V / 램개수 : 1개 / 히트싱크 : 미포함 / S832A: SR(단면), x8 based / S632A: SR(단면), x16 based 확인요",https://img.danuri.io/catalog-image/102/369/020/8e1cca1eb0d848d3ab3d9ae464493675.jpg?shrink=130:130&_v=20261006150249,https://prod.danawa.com/info/?pcode=20369102&cate=112752
18,마이크론,8GB,마이크론 Crucial DDR4-3200 중고,"73,370",데스크탑용 / DDR4 / 3200MHz (PC4-25600) / 램개수 : 1개 / 히트싱크 : 미포함,https://img.danuri.io/catalog-image/713/628/101/1decd82fb300456793b2e9f932696404.jpg?shrink=130:130&_v=20261005080530,https://prod.danawa.com/info/?pcode=101628713&cate=112752
19,마이크론,8GB,마이크론 DDR4-2400 중고,"76,000",데스크탑용 / DDR4 / 2400MHz (PC4-19200) / 1.20V / 램개수 : 1개 / 히트싱크 : 미포함,https://img.danuri.io/catalog-image/334/443/017/e47a49e18870477994020e0c6bee503e.jpg?shrink=130:130&_v=20261005080429,https://prod.danawa.com/info/?pcode=17443334&cate=112752
20,삼성전자,16GB,삼성전자 DDR4-3200,"193,980",데스크탑용 / DDR4 / 3200MHz (PC4-25600) / 램개수 : 1개 / 히트싱크 : 미포함 / 단종된 모델이므로 중고상품 주의하시기 바랍니다,https://img.danuri.io/catalog-image/199/790/011/2aa64d8e13ee41f291ffd8598e7961a2.jpg?shrink=130:130&_v=20261006103214,https://prod.danawa.com/info/?pcode=11790199&cate=112752
21,삼성전자,16GB,삼성전자 DDR4-3200 중고,"178,990",데스크탑용 / DDR4 / 3200MHz (PC4-25600) / 램개수 : 1개 / 히트싱크 : 미포함,https://img.danuri.io/catalog-image/766/126/016/370bda7aeaa04dd6b81a6d96cd55d09a.jpg?shrink=130:130&_v=20261006162048,https://prod.danawa.com/info/?pcode=16126766&cate=112752
22,삼성전자,16GB,삼성전자 DDR4-2133 중고,"126,620",데스크탑용 / DDR4 / 2133MHz (PC4-17000) / 램개수 : 1개 / 히트싱크 : 미포함,https://img.danuri.io/catalog-image/709/823/012/f67b478abda74d42851bb12eea29a9b0.jpg?shrink=130:130&_v=20261006160504,https://prod.danawa.com/info/?pcode=12823709&cate=112752
23,삼성전자,16GB,삼성전자 DDR4-2666 중고,"139,490",데스크탑용 / DDR4 / 2666MHz (PC4-21300) / 램개수 : 1개 / 히트싱크 : 미포함,https://img.danuri.io/catalog-image/329/165/008/440844aaa86546b2ba3f925746b0eb94.jpg?shrink=130:130&_v=20261006080445,https://prod.danawa.com/info/?pcode=8165329&cate=112752
24,삼성전자,16GB,삼성전자 DDR4-2400,"129,010",데스크탑용 / DDR4 / 2400MHz (PC4-19200) / 램개수 : 1개 / 히트싱크 : 미포함,https://img.danuri.io/catalog-image/874/519/004/76155a99343d4e90b669929eb79f5a33.jpg?shrink=130:130&_v=20261006080542,https://prod.danawa.com/info/?pcode=4519874&cate=112752
25,삼성전자,16GB,삼성전자 DDR4-2666,"147,560",데스크탑용 / DDR4 / 2666MHz (PC4-21300) / 램개수 : 1개 / 히트싱크 : 미포함 / 단종된 모델이므로 중고상품 주의하시기 바랍니다,https://img.danuri.io/catalog-image/995/941/005/5cab55f928b14a6a8308eb5b8f132241.jpg?shrink=130:130&_v=20261006080445,https://prod.danawa.com/info/?pcode=5941995&cate=112752
26,삼성전자,16GB,삼성전자 DDR4-2400 중고,"129,000",데스크탑용 / DDR4 / 2400MHz (PC4-19200) / 램개수 : 1개 / 히트싱크 : 미포함,https://img.danuri.io/catalog-image/180/298/011/2a42cc5972bd4e57b32d9993bfb565ba.jpg?shrink=130:130&_v=20261006154218,https://prod.danawa.com/info/?pcode=11298180&cate=112752
27,삼성전자,16GB,삼성전자 DDR4-2933,"199,990",데스크탑용 / DDR4 / 2933MHz (PC4-23400) / 1.20V / 램개수 : 1개 / 히트싱크 : 미포함,https://img.danuri.io/catalog-image/242/513/012/c20e8566499b48a8b0057f1cbc409dad.jpg?shrink=130:130&_v=20261006080705,https://prod.danawa.com/info/?pcode=12513242&cate=112752
28,삼성전자,16GB,삼성전자 DDR4-2133,"127,500","데스크탑용 / DDR4 / 2,133MHz(PC4-17,000) / 1.20V / 램개수 : 1개",https://img.danuri.io/catalog-image/273/898/116/4c610b6034ae412b8b38827a412187b4.jpg?shrink=130:130&_v=20261006080431,https://prod.danawa.com/info/?pcode=116898273&cate=112752
29,ESSENCORE,16GB,ESSENCORE KLEVV DDR4-3200 CL22 파인인포,"179,350",데스크탑용 / DDR4 / 3200MHz (PC4-25600) / 램타이밍 : CL22-22-22-51 / 1.20V / 램개수 : 1개 / 히트싱크 : 미포함 / 모듈제조사 : SK하이닉스,https://img.danuri.io/catalog-image/091/787/011/c695e1a1e23f43beb0d1cf8a4ab2dc41.jpg?shrink=130:130&_v=20261006144458,https://prod.danawa.com/info/?pcode=11787091&cate=112752
30,ESSENCORE,16GB,ESSENCORE KLEVV DDR4-2666 CL19 파인인포,"181,000",데스크탑용 / DDR4 / 2666MHz (PC4-21300) / 램타이밍 : CL19-19-19-43 / 1.20V / 램개수 : 1개 / 히트싱크 : 미포함 / 모듈제조사 : SK하이닉스,https://img.danuri.io/catalog-image/978/390/009/35073cfc078d4834bdce4c196e1d17d9.jpg?shrink=130:130&_v=20261006080536,https://prod.danawa.com/info/?pcode=9390978&cate=112752
31,TeamGroup,16GB,TeamGroup T-Force DDR4-3200 CL16 Delta RGB 패키지 서린,"223,890","데스크탑용 / DDR4 / 3200MHz (PC4-25600) / 램타이밍 : CL16-18-18-38 / 1.35V / 램개수 : 2개 / LED 라이트 / XMP / 히트싱크 : 방열판 / 방열판 색상 : 블랙 / LED색상 : RGB / LED 시스템 : AURA SYNC , MYSTIC LIGHT , RGB FUSION , POLYCHROME , RAZER CHROMA , TT RGB PLUS",https://img.danuri.io/catalog-image/400/320/007/7de6d35f196048d7ac2f7775c5fe4daf.jpg?shrink=130:130&_v=20261006163058,https://prod.danawa.com/info/?pcode=7320400&cate=112752
32,TeamGroup,16GB,TeamGroup T-Force DDR4-3600 CL18 Delta RGB 화이트 패키지 서린,"232,990","데스크탑용 / DDR4 / 3600MHz (PC4-28800) / 램타이밍 : CL18-22-22-42 / 1.35V / 램개수 : 2개 / LED 라이트 / XMP / 히트싱크 : 방열판 / 방열판 색상 : 화이트 / LED색상 : RGB / LED 시스템 : AURA SYNC , MYSTIC LIGHT , RGB FUSION , POLYCHROME , RAZER CHROMA , TT RGB PLUS , T-FORCE BLITZ",https://img.danuri.io/catalog-image/437/380/011/438aa93f94cd4d42bdeab8b11f827b3e.jpg?shrink=130:130&_v=20261006080652,https://prod.danawa.com/info/?pcode=11380437&cate=112752
33,TeamGroup,16GB,TeamGroup T-Force DDR4-3600 CL18 Delta RGB 패키지 서린,"227,040","데스크탑용 / DDR4 / 3600MHz (PC4-28800) / 램타이밍 : CL18-22-22-42 / 1.35V / 램개수 : 2개 / LED 라이트 / XMP / 히트싱크 : 방열판 / 방열판 색상 : 블랙 / LED색상 : RGB / LED 시스템 : AURA SYNC , MYSTIC LIGHT , RGB FUSION , POLYCHROME , RAZER CHROMA , TT RGB PLUS , T-FORCE BLITZ",https://img.danuri.io/catalog-image/119/380/011/ad0cd5f877fe421d949ef203ec4b0780.jpg?shrink=130:130&_v=20261006080542,https://prod.danawa.com/info/?pcode=11380119&cate=112752
34,TeamGroup,16GB,TeamGroup T-Force DDR4-3200 CL16 Delta RGB 화이트 패키지 서린,"230,000","데스크탑용 / DDR4 / 3200MHz (PC4-25600) / 램타이밍 : CL16-18-18-38 / 1.35V / 램개수 : 2개 / LED 라이트 / XMP / 히트싱크 : 방열판 / 방열판 색상 : 화이트 / LED색상 : RGB / LED 시스템 : TT RGB PLUS , AURA SYNC , RGB FUSION , POLYCHROME , MYSTIC LIGHT , RAZER CHROMA",https://img.danuri.io/catalog-image/475/320/007/af2d5d9aa5b144ec967ee7635f7e334d.jpg?shrink=130:130&_v=20261006080542,https://prod.danawa.com/info/?pcode=7320475&cate=112752
35,TeamGroup,16GB,TeamGroup DDR4-3200 Elite 서린,"198,980",데스크탑용 / DDR4 / 3200MHz (PC4-25600) / 램타이밍 : CL22-22-22-52 / 1.20V / 램개수 : 1개 / 히트싱크 : 미포함,https://img.danuri.io/catalog-image/467/907/014/e02d0849155840b7bac2346ebade2645.jpg?shrink=130:130&_v=20261006151044,https://prod.danawa.com/info/?pcode=14907467&cate=112752
36,TeamGroup,16GB,TeamGroup T-CREATE DDR4-3600 CL18 EXPERT OC10L 패키지 서린,"222,000",데스크탑용 / DDR4 / 3600MHz (PC4-28800) / 램타이밍 : CL18-22-22-42 / 1.35V / 램개수 : 2개 / 히트싱크 : 방열판 / 방열판 색상 : 실버/그레이,https://img.danuri.io/catalog-image/076/981/013/1af142637a6643938d837529c8bc3699.jpg?shrink=130:130&_v=20261006151158,https://prod.danawa.com/info/?pcode=13981076&cate=112752
37,TeamGroup,16GB,TeamGroup T-Force DDR4-3600 CL18 Vulcan Z Gray 패키지 서린,"223,140",데스크탑용 / DDR4 / 3600MHz (PC4-28800) / 램타이밍 : CL18-22-22-42 / 1.35V / 램개수 : 2개 / XMP / 히트싱크 : 방열판 / 방열판 색상 : 실버/그레이,https://img.danuri.io/catalog-image/745/747/106/e0cc4a09a552412694692bdeb3692f96.jpg?shrink=130:130&_v=20261006163118,https://prod.danawa.com/info/?pcode=106747745&cate=112752
38,TeamGroup,16GB,TeamGroup T-Force DDR4-3200 CL16 DARK Z RED 패키지,"215,060",데스크탑용 / DDR4 / 3200MHz (PC4-25600) / 램타이밍 : CL16-18-18-38 / 1.35V / 램개수 : 2개 / XMP / 히트싱크 : 방열판 / 방열판 색상 : 레드,https://img.danuri.io/catalog-image/006/389/010/ab620e2c462e48e3a18807342bb4da0f.jpg?shrink=130:130&_v=20261004080505,https://prod.danawa.com/info/?pcode=10389006&cate=112752
39,TeamGroup,16GB,TeamGroup T-Force DDR4-3600 CL18 Night Hawk RGB 패키지 서린,"134,200",데스크탑용 / DDR4 / 3600MHz (PC4-28800) / 램타이밍 : CL18-20-20-44 / 1.35V / 램개수 : 2개 / LED 라이트 / XMP / 히트싱크 : 방열판 / 방열판 색상 : 블랙 / LED색상 : RGB / LED 시스템 : AURA SYNC,https://img.danuri.io/catalog-image/265/305/007/aa7d259b736a4e45ada9a9cb50ba8102.jpg?shrink=130:130&_v=20261006110948,https://prod.danawa.com/info/?pcode=7305265&cate=112752
40,TeamGroup,16GB,TeamGroup DDR4-3200 Elite,"199,000",데스크탑용 / DDR4 / 3200MHz (PC4-25600) / 램타이밍 : CL22-22-22-52 / 1.20V / 램개수 : 1개 / 히트싱크 : 미포함,https://img.danuri.io/catalog-image/159/188/010/9b37f79203004855b1406be4db566826.jpg?shrink=130:130&_v=20261006080523,https://prod.danawa.com/info/?pcode=10188159&cate=112752
41,TeamGroup,16GB,TeamGroup T-Force DDR4-3200 CL16 XTREEM ARGB 패키지,"226,860","데스크탑용 / DDR4 / 3200MHz (PC4-25600) / 램타이밍 : CL16-18-18-38 / 1.35V / 램개수 : 2개 / LED 라이트 / 히트싱크 : 방열판 / 방열판 색상 : 블루 / LED색상 : RGB / LED 시스템 : AURA SYNC , MYSTIC LIGHT , T-FORCE BLITZ , RGB FUSION , POLYCHROME / 2021년 3월 부로 가넷씨앤아이→아인스시스템 으로 유통사가 변경되었습니다",https://img.danuri.io/catalog-image/262/462/011/ba4c5a2d47f748d6a7fd9cc7a011e822.jpg?shrink=130:130&_v=20261006080652,https://prod.danawa.com/info/?pcode=11462262&cate=112752
42,TeamGroup,16GB,TeamGroup T-Force DDR4-3600 CL18 Delta RGB 화이트 패키지,"233,000","데스크탑용 / DDR4 / 3600MHz (PC4-28800) / 램타이밍 : CL18-22-22-42 / 1.35V / 램개수 : 2개 / LED 라이트 / XMP / 히트싱크 : 방열판 / 방열판 색상 : 화이트 / LED색상 : RGB / LED 시스템 : RGB FUSION , T-FORCE BLITZ , RAZER CHROMA , TT RGB PLUS , POLYCHROME , AURA SYNC , MYSTIC LIGHT / 2021년 3월 부로 가넷씨앤아이→아인스시스템 으로 유통사가 변경되었습니다",https://img.danuri.io/catalog-image/869/858/011/2c9f6ee157cf4c2e89ffabe42552579d.jpg?shrink=130:130&_v=20261005080700,https://prod.danawa.com/info/?pcode=11858869&cate=112752
43,TeamGroup,16GB,TeamGroup T-Force DDR4-3200 CL16 Vulcan Z Gray 패키지,"195,000",데스크탑용 / DDR4 / 3200MHz (PC4-25600) / 램타이밍 : CL16-20-20-40 / 1.35V / 램개수 : 2개 / XMP / 히트싱크 : 방열판 / 방열판 색상 : 실버/그레이,https://img.danuri.io/catalog-image/393/658/013/7d78a401cc65438689328086d511ac2c.jpg?shrink=130:130&_v=20261006080705,https://prod.danawa.com/info/?pcode=13658393&cate=112752
44,TeamGroup,16GB,TeamGroup T-Force T-Force DDR4-3600 CL18 Delta RGB 화이트 패키지,"279,650","데스크탑용 / DDR4 / 3,600MHz(PC4-28,800) / 1.35V / 램개수 : 2개 / XMP / 방열판 색상 : 화이트 / LED색상 : RGB / LED 시스템 : AURA SYNC , RGB FUSION , MYSTIC LIGHT , POLYCHROME SYNC",https://img.danuri.io/catalog-image/632/838/118/df4a29d8ffa446b899300185d947c56b.jpg?shrink=130:130&_v=20261006080522,https://prod.danawa.com/info/?pcode=118838632&cate=112752
45,마이크론,16GB,마이크론 Crucial DDR4-3200 CL22 대원씨티에스,"192,990",데스크탑용 / DDR4 / 3200MHz (PC4-25600) / 램타이밍 : CL22 / 1.20V / 램개수 : 1개 / 히트싱크 : 미포함,https://img.danuri.io/catalog-image/935/805/035/77c42436c989471dbf225e8f44a5da7e.jpg?shrink=130:130&_v=20261006080445,https://prod.danawa.com/info/?pcode=35805935&cate=112752
46,마이크론,16GB,마이크론 Crucial DDR4-3200 CL22,"179,990","데스크탑용 / DDR4 / 3200MHz (PC4-25600) / 램타이밍 : CL22 / 1.20V / 램개수 : 1개 / 히트싱크 : 미포함 / D832A: DR(양면), x8 based / S832A: SR(단면), x8 based 확인요망 / 수입사 확인요망",https://img.danuri.io/catalog-image/092/294/010/1f8f8ad955544aa782e7b0d0bcd233b2.jpg?shrink=130:130&_v=20261006080431,https://prod.danawa.com/info/?pcode=10294092&cate=112752
47,마이크론,16GB,마이크론 Crucial DDR4-3200 CL22 패키지,"212,660",데스크탑용 / DDR4 / 3200MHz (PC4-25600) / 램타이밍 : CL22-22-22 / 1.20V / 램개수 : 2개 / 히트싱크 : 방열판 / 방열판 색상 : 블랙,https://img.danuri.io/catalog-image/847/679/105/f7599b4522744415b54b865beb7c3c2e.jpg?shrink=130:130&_v=20261001080456,https://prod.danawa.com/info/?pcode=105679847&cate=112752
48,삼성전자,32GB,삼성전자 DDR4-3200,"487,470",데스크탑용 / DDR4 / 3200MHz (PC4-25600) / 램개수 : 1개 / 히트싱크 : 미포함 / 단종된 모델이므로 중고상품 주의하시기 바랍니다,https://img.danuri.io/catalog-image/636/028/011/be1991c834bc4d7d883cc663c9de2e68.jpg?shrink=130:130&_v=20261006163518,https://prod.danawa.com/info/?pcode=11028636&cate=112752
49,삼성전자,32GB,삼성전자 DDR4-3200 중고,"358,990",데스크탑용 / DDR4 / 3200MHz (PC4-25600) / 램개수 : 1개 / 히트싱크 : 미포함,https://img.danuri.io/catalog-image/045/379/016/3ca27668d5f44c5ab40c0b5e0c6eae28.jpg?shrink=130:130&_v=20261006114058,https://prod.danawa.com/info/?pcode=16379045&cate=112752
50,삼성전자,32GB,삼성전자 DDR4-2666 중고,"304,230",데스크탑용 / DDR4 / 2666MHz (PC4-21300) / 램개수 : 1개 / 히트싱크 : 미포함,https://img.danuri.io/catalog-image/414/493/016/241bdf956c9e4e039bae5ab3e4d479dd.jpg?shrink=130:130&_v=20261006080523,https://prod.danawa.com/info/?pcode=16493414&cate=112752
51,삼성전자,32GB,삼성전자 DDR4-2933,"299,000",데스크탑용 / DDR4 / 2933MHz (PC4-23400) / 1.20V / 램개수 : 1개 / 히트싱크 : 미포함,https://img.danuri.io/catalog-image/992/541/011/427bf4323fb84ceeaa00389cf75faea2.jpg?shrink=130:130&_v=20261006080535,https://prod.danawa.com/info/?pcode=11541992&cate=112752
52,삼성전자,32GB,삼성전자 DDR4-2666,"329,990",데스크탑용 / DDR4 / 2666MHz (PC4-21300) / 램개수 : 1개 / 히트싱크 : 미포함 / 단종된 모델이므로 중고상품 주의하시기 바랍니다,https://img.danuri.io/catalog-image/391/239/009/ccd3cba1935b44eca66e365b7f22bc9d.jpg?shrink=130:130&_v=20261006080536,https://prod.danawa.com/info/?pcode=9239391&cate=112752
53,ESSENCORE,32GB,ESSENCORE KLEVV DDR4-3200 CL22 파인인포,"412,660",데스크탑용 / DDR4 / 3200MHz (PC4-25600) / 램타이밍 : CL22-22-22-51 / 1.20V / 램개수 : 1개 / 히트싱크 : 미포함 / 모듈제조사 : SK하이닉스,https://img.danuri.io/catalog-image/474/858/014/76d6cfb64668484a914be93d4c4d4eb6.jpg?shrink=130:130&_v=20261006123223,https://prod.danawa.com/info/?pcode=14858474&cate=112752
54,ESSENCORE,32GB,ESSENCORE KLEVV DDR4-3200 CL22 중고,"363,840",데스크탑용 / DDR4 / 3200MHz (PC4-25600) / 램타이밍 : CL22-22-22-51 / 1.20V / 램개수 : 1개 / 히트싱크 : 미포함 / 모듈제조사 : SK하이닉스,https://img.danuri.io/catalog-image/867/133/123/851ff3f41ce442f69c187af4b5c6865b.jpg?shrink=130:130&_v=20261005080532,https://prod.danawa.com/info/?pcode=123133867&cate=112752
55,TeamGroup,32GB,TeamGroup T-Force DDR4-3600 CL18 Delta RGB 화이트 패키지 서린,"445,000","데스크탑용 / DDR4 / 3600MHz (PC4-28800) / 램타이밍 : CL18-22-22-42 / 1.35V / 램개수 : 2개 / LED 라이트 / XMP / 히트싱크 : 방열판 / 방열판 색상 : 화이트 / LED색상 : RGB / LED 시스템 : AURA SYNC , MYSTIC LIGHT , RGB FUSION , POLYCHROME , RAZER CHROMA , TT RGB PLUS , T-FORCE BLITZ",https://img.danuri.io/catalog-image/467/380/011/cbe295ec41e148a988833179c136915f.jpg?shrink=130:130&_v=20261006080541,https://prod.danawa.com/info/?pcode=11380467&cate=112752
56,TeamGroup,32GB,TeamGroup T-CREATE DDR4-3600 CL18 EXPERT OC10L 패키지 서린,"429,000",데스크탑용 / DDR4 / 3600MHz (PC4-28800) / 램타이밍 : CL18-22-22-42 / 1.35V / 램개수 : 2개 / 히트싱크 : 방열판 / 방열판 색상 : 실버/그레이,https://img.danuri.io/catalog-image/106/981/013/33b91653bdf0416cbce21eaa595e66a6.jpg?shrink=130:130&_v=20261006104528,https://prod.danawa.com/info/?pcode=13981106&cate=112752
57,TeamGroup,32GB,TeamGroup T-Force DDR4-3600 CL18 Delta RGB 패키지 서린,"445,000","데스크탑용 / DDR4 / 3600MHz (PC4-28800) / 램타이밍 : CL18-22-22-42 / 1.35V / 램개수 : 2개 / LED 라이트 / XMP / 히트싱크 : 방열판 / 방열판 색상 : 블랙 / LED색상 : RGB / LED 시스템 : AURA SYNC , MYSTIC LIGHT , RGB FUSION , POLYCHROME , RAZER CHROMA , TT RGB PLUS , T-FORCE BLITZ",https://img.danuri.io/catalog-image/332/380/011/61665cd6df5c430190e29538f9a51576.jpg?shrink=130:130&_v=20261006090748,https://prod.danawa.com/info/?pcode=11380332&cate=112752
58,TeamGroup,32GB,TeamGroup T-Force DDR4-3200 CL16-20-20 Delta RGB 패키지 서린,"430,880","데스크탑용 / DDR4 / 3200MHz (PC4-25600) / 램타이밍 : CL16-20-20-40 / 1.35V / 램개수 : 2개 / LED 라이트 / XMP / 히트싱크 : 방열판 / 방열판 색상 : 블랙 / LED색상 : RGB / LED 시스템 : AURA SYNC , MYSTIC LIGHT , RGB FUSION , POLYCHROME , RAZER CHROMA , TT RGB PLUS",https://img.danuri.io/catalog-image/455/876/012/954e7914b7814b69811920323df3ea68.jpg?shrink=130:130&_v=20261006154638,https://prod.danawa.com/info/?pcode=12876455&cate=112752
59,TeamGroup,32GB,TeamGroup T-Force DDR4-3200 CL16-20-20 Delta RGB 화이트 패키지 서린,"433,560","데스크탑용 / DDR4 / 3200MHz (PC4-25600) / 램타이밍 : CL16-20-20-40 / 1.35V / 램개수 : 2개 / LED 라이트 / XMP / 히트싱크 : 방열판 / 방열판 색상 : 화이트 / LED색상 : RGB / LED 시스템 : AURA SYNC , MYSTIC LIGHT , RGB FUSION , POLYCHROME , RAZER CHROMA , TT RGB PLUS",https://img.danuri.io/catalog-image/503/876/012/e723d9e9432c42e295a27387a16928f8.jpg?shrink=130:130&_v=20261006080523,https://prod.danawa.com/info/?pcode=12876503&cate=112752
60,TeamGroup,32GB,TeamGroup T-Force DDR4-3200 CL16 Delta RGB 화이트 패키지 서린,"440,000","데스크탑용 / DDR4 / 3200MHz (PC4-25600) / 램타이밍 : CL16-20-20-40 / 1.35V / 램개수 : 2개 / XMP / LED 라이트 / 히트싱크 : 방열판 / 방열판 색상 : 화이트 / LED색상 : RGB / LED 시스템 : RAZER CHROMA , AURA SYNC , POLYCHROME , MYSTIC LIGHT , TT RGB PLUS , RGB FUSION",https://img.danuri.io/catalog-image/865/320/007/b669c444d0e04d5a8e10317a0d3c779e.jpg?shrink=130:130&_v=20261006080523,https://prod.danawa.com/info/?pcode=7320865&cate=112752
61,TeamGroup,32GB,TeamGroup DDR4-3200 Elite 서린,"399,000",데스크탑용 / DDR4 / 3200MHz (PC4-25600) / 램타이밍 : CL22-22-22-52 / 1.20V / 램개수 : 1개 / 히트싱크 : 미포함,https://img.danuri.io/catalog-image/485/907/014/0f223d52fa424865b92f69d1829fb006.jpg?shrink=130:130&_v=20261006164108,https://prod.danawa.com/info/?pcode=14907485&cate=112752
62,TeamGroup,32GB,TeamGroup T-Force DDR4-3200 CL16 Delta RGB 패키지 서린,"433,200","데스크탑용 / DDR4 / 3200MHz (PC4-25600) / 램타이밍 : CL16-18-18-38 / 1.35V / 램개수 : 2개 / LED 라이트 / XMP / 히트싱크 : 방열판 / 방열판 색상 : 블랙 / LED색상 : RGB / LED 시스템 : RGB FUSION , RAZER CHROMA , MYSTIC LIGHT , TT RGB PLUS , POLYCHROME , AURA SYNC",https://img.danuri.io/catalog-image/805/320/007/f421dd17cb0e4a288a6217d099a4a3af.jpg?shrink=130:130&_v=20261006163623,https://prod.danawa.com/info/?pcode=7320805&cate=112752
63,TeamGroup,32GB,TeamGroup DDR4-3200 Elite 중고,"290,000",데스크탑용 / DDR4 / 3200MHz (PC4-25600) / 램타이밍 : CL22-22-22-52 / 1.20V / 램개수 : 1개 / 히트싱크 : 미포함,https://img.danuri.io/catalog-image/860/133/123/c1a97936756a429288a8e75007a9a4a4.jpg?shrink=130:130&_v=20261006080523,https://prod.danawa.com/info/?pcode=123133860&cate=112752
64,TeamGroup,32GB,TeamGroup T-Force DDR4-3200 CL16 Delta RGB 패키지,"407,990","데스크탑용 / DDR4 / 3200MHz (PC4-25600) / 램타이밍 : CL16-18-18-38 / 1.35V / 램개수 : 2개 / LED 라이트 / XMP / 히트싱크 : 방열판 / 방열판 색상 : 블랙 / LED색상 : RGB / LED 시스템 : AURA SYNC , MYSTIC LIGHT , RGB FUSION , POLYCHROME , RAZER CHROMA , TT RGB PLUS / 2021년 3월 부로 가넷씨앤아이→아인스시스템 으로 유통사가 변경되었습니다",https://img.danuri.io/catalog-image/872/935/006/22eb5b27392d411daf696134cd4ce0c0.jpg?shrink=130:130&_v=20261006152728,https://prod.danawa.com/info/?pcode=6935872&cate=112752
65,TeamGroup,32GB,TeamGroup T-Force DDR4-3600 CL18 Delta RGB 패키지,"425,890","데스크탑용 / DDR4 / 3600MHz (PC4-28800) / 램타이밍 : CL18-22-22-42 / 1.35V / 램개수 : 2개 / XMP / LED 라이트 / 히트싱크 : 방열판 / 방열판 색상 : 블랙 / LED색상 : RGB / LED 시스템 : TT RGB PLUS , POLYCHROME , RGB FUSION , T-FORCE BLITZ , RAZER CHROMA , AURA SYNC , MYSTIC LIGHT / 2021년 3월 부로 가넷씨앤아이→아인스시스템 으로 유통사가 변경되었습니다",https://img.danuri.io/catalog-image/860/858/011/880f6ae4d2cd499eb18ba315abfdc8ae.jpg?shrink=130:130&_v=20261006080522,https://prod.danawa.com/info/?pcode=11858860&cate=112752
66,TeamGroup,32GB,TeamGroup T-Force DDR4-3200 CL16-20-20 Delta RGB 패키지,"428,240",데스크탑용 / DDR4 / 3200MHz (PC4-25600) / 램타이밍 : CL16-20-20-40 / 1.35V / 램개수 : 2개 / XMP / LED 라이트 / 히트싱크 : 방열판 / 방열판 색상 : 블랙 / LED색상 : RGB / LED 시스템 : AURA SYNC / 2021년 3월 부로 가넷씨앤아이→아인스시스템 으로 유통사가 변경되었습니다,https://img.danuri.io/catalog-image/028/958/012/01df4d5af142488cb8c763e9655422a0.jpg?shrink=130:130&_v=20261005080714,https://prod.danawa.com/info/?pcode=12958028&cate=112752
67,TeamGroup,32GB,TeamGroup T-Force DDR4-3600 CL18 Delta RGB 화이트 패키지,"445,000","데스크탑용 / DDR4 / 3600MHz (PC4-28800) / 램타이밍 : CL18-22-22-42 / 1.35V / 램개수 : 2개 / LED 라이트 / XMP / 히트싱크 : 방열판 / 방열판 색상 : 화이트 / LED색상 : RGB / LED 시스템 : TT RGB PLUS , T-FORCE BLITZ , RAZER CHROMA , MYSTIC LIGHT , AURA SYNC , POLYCHROME , RGB FUSION / 2021년 3월 부로 가넷씨앤아이→아인스시스템 으로 유통사가 변경되었습니다",https://img.danuri.io/catalog-image/875/858/011/390f4dce39a64cfd8b087c26b50a6689.jpg?shrink=130:130&_v=20260929080547,https://prod.danawa.com/info/?pcode=11858875&cate=112752
68,마이크론,32GB,마이크론 Crucial DDR4-3200 CL22 PRO 패키지 대원씨티에스,"377,970",데스크탑용 / DDR4 / 3200MHz (PC4-25600) / 램타이밍 : CL22-22-22 / 1.20V / 램개수 : 1개 / 히트싱크 : 방열판 / 방열판 색상 : 블랙,https://img.danuri.io/catalog-image/145/273/100/f6d46ed1221643ea861668a481838415.jpg?shrink=130:130&_v=20261006083848,https://prod.danawa.com/info/?pcode=100273145&cate=112752
69,마이크론,32GB,마이크론 Crucial DDR4-3200 CL22,"434,190","데스크탑용 / DDR4 / 3200MHz (PC4-25600) / 램타이밍 : CL22 / 1.20V / 램개수 : 1개 / 히트싱크 : 미포함 / D832A: DR(양면), x8 based / S832A: SR(단면), x8 based 확인요망 / 수입사 확인요망",https://img.danuri.io/catalog-image/618/038/018/968f39c917154cdba4938dc1042acbe4.jpg?shrink=130:130&_v=20261005080700,https://prod.danawa.com/info/?pcode=18038618&cate=112752
70,삼성전자,8GB,삼성전자 DDR5-5600,"182,580","데스크탑용 / DDR5 / 5600MHz (PC5-44800) / 램개수 : 1개 / 히트싱크 : 미포함 / 모듈제조사 : 삼성전자 / 병행수입, 벌크, AS 등 여부 판매처 확인요망",https://img.danuri.io/catalog-image/771/911/018/9d0b8840eb7b4413bfc91bc45fac4970.jpg?shrink=130:130&_v=20261006080535,https://prod.danawa.com/info/?pcode=18911771&cate=112752
71,삼성전자,8GB,삼성전자 DDR5-6400 CL52 CUDIMM,"181,600",데스크탑용 / DDR5 / 6400MHz (PC5-51200) / 램타이밍 : CL52 / 1.10V / 램개수 : 1개 / 클럭드라이버 / 온다이ECC / 히트싱크 : 미포함 / 모듈제조사 : 삼성전자,https://img.danuri.io/catalog-image/649/391/108/62988408143049909624ea820be34ebe.jpg?shrink=130:130&_v=20261006152923,https://prod.danawa.com/info/?pcode=108391649&cate=112752
72,삼성전자,8GB,삼성전자 DDR5-7200 CL58 CUDIMM,"177,620","데스크탑용 / DDR5 / 7200MHz (PC5-57600) / 1.10V / 램개수 : 1개 / 클럭드라이버 / 온다이ECC / 히트싱크 : 미포함 / 모듈제조사 : 삼성전자 / 병행수입, 중고, A/S 등 여부 판매처 확인요망",https://img.danuri.io/catalog-image/277/237/124/32d24ce029124eccbbbb9ea7a165016b.jpeg?shrink=130:130&_v=20261006090013,https://prod.danawa.com/info/?pcode=124237277&cate=112752
73,삼성전자,8GB,삼성전자 DDR5-4800 병행수입,"173,590",데스크탑용 / DDR5 / 4800MHz (PC5-38400) / 램개수 : 1개 / 히트싱크 : 미포함 / 모듈제조사 : 삼성전자,https://img.danuri.io/catalog-image/247/390/016/1ce11be439be4cfe913dec96aa3256f7.jpg?shrink=130:130&_v=20261006124333,https://prod.danawa.com/info/?pcode=16390247&cate=112752
74,삼성전자,8GB,삼성전자 DDR5-4800,"182,400","데스크탑용 / DDR5 / 4800MHz (PC5-38400) / 램개수 : 1개 / 히트싱크 : 미포함 / 모듈제조사 : 삼성전자 / 병행수입, 벌크, A/S 등 여부 판매처 확인요망",https://img.danuri.io/catalog-image/927/388/016/4cc3e3ef5e94404aa8b0bd107d5ce38c.jpg?shrink=130:130&_v=20261006141508,https://prod.danawa.com/info/?pcode=16388927&cate=112752
75,삼성전자,8GB,삼성전자 DDR5-5600 중고,"189,900","데스크탑용 / DDR5 / 5600MHz (PC5-44800) / 램개수 : 1개 / 히트싱크 : 미포함 / 모듈제조사 : 삼성전자 / 병행수입, 벌크, A/S 등 여부 판매처 확인요망",https://img.danuri.io/catalog-image/097/623/122/9ce77d1016204fe784d0eb5730a2823c.jpg?shrink=130:130&_v=20261006080652,https://prod.danawa.com/info/?pcode=122623097&cate=112752
76,ESSENCORE,8GB,ESSENCORE KLEVV DDR5-5600 CL46 AMD 파인인포,"181,500",데스크탑용 / DDR5 / 5600MHz (PC5-44800) / 램타이밍 : CL46-46-46-90 / 1.10V / 램개수 : 1개 / 온다이ECC / 히트싱크 : 미포함 / 높이 : 31.25mm / 모듈제조사 : SK하이닉스 / 코어울트라 미지원,https://img.danuri.io/catalog-image/203/638/094/70f27cf46c8648e5b207ece42a677447.jpg?shrink=130:130&_v=20261006162738,https://prod.danawa.com/info/?pcode=94638203&cate=112752
77,TeamGroup,8GB,TeamGroup DDR5-5600 CL46 Elite 서린,"182,500",데스크탑용 / DDR5 / 5600MHz (PC5-44800) / 램타이밍 : CL46-46-46-90 / 1.10V / 램개수 : 1개 / 온다이ECC / 히트싱크 : 미포함 / 높이 : 32mm,https://img.danuri.io/catalog-image/683/369/033/179d204fb0f94048bcf16c7d8f2e081b.jpg?shrink=130:130&_v=20261006110123,https://prod.danawa.com/info/?pcode=33369683&cate=112752
78,TeamGroup,8GB,TeamGroup DDR5-5600 CL46 Elite,"182,500",데스크탑용 / DDR5 / 5600MHz (PC5-44800) / 램타이밍 : CL46-46-46-90 / 1.10V / 램개수 : 1개 / 온다이ECC / 히트싱크 : 미포함 / 높이 : 32mm,https://img.danuri.io/catalog-image/886/345/037/36c41cc5ac8344dea7a1bab4c4f612c2.jpg?shrink=130:130&_v=20261005080714,https://prod.danawa.com/info/?pcode=37345886&cate=112752
79,마이크론,8GB,마이크론 Crucial DDR5-5600 CL46 대원씨티에스,"165,000",데스크탑용 / DDR5 / 5600MHz (PC5-44800) / 램타이밍 : CL46-45-45 / 1.10V / 램개수 : 1개 / XMP3.0 / EXPO / 온다이ECC / 히트싱크 : 미포함 / 모듈제조사 : 마이크론,https://img.danuri.io/catalog-image/775/782/053/fb2fa8881aa643e895cb37133fcf7df8.jpg?shrink=130:130&_v=20261006080535,https://prod.danawa.com/info/?pcode=53782775&cate=112752
80,마이크론,8GB,마이크론 Crucial DDR5-5600 CL46,"174,830",데스크탑용 / DDR5 / 5600MHz (PC5-44800) / 램타이밍 : CL46-45-45 / 1.10V / 램개수 : 1개 / XMP3.0 / EXPO / 온다이ECC / 히트싱크 : 미포함 / 모듈제조사 : 마이크론,https://img.danuri.io/catalog-image/090/609/020/8fa4afa87fc6453daefddd14832e5352.jpg?shrink=130:130&_v=20261006080431,https://prod.danawa.com/info/?pcode=20609090&cate=112752
81,마이크론,8GB,마이크론 Crucial DDR5-4800 CL40,"188,000",데스크탑용 / DDR5 / 4800MHz (PC5-38400) / 램타이밍 : CL40-39-39 / 1.10V / 램개수 : 1개 / 히트싱크 : 미포함 / 모듈제조사 : 마이크론 / 수입사 확인요망,https://img.danuri.io/catalog-image/694/988/015/cadbbd082f9049179b66ec4d2107e0c3.jpg?shrink=130:130&_v=20261006080445,https://prod.danawa.com/info/?pcode=15988694&cate=112752
82,삼성전자,16GB,삼성전자 DDR5-5600,"349,890","데스크탑용 / DDR5 / 5600MHz (PC5-44800) / 램개수 : 1개 / 히트싱크 : 미포함 / 모듈제조사 : 삼성전자 / 병행수입, 벌크, AS 등 여부 판매처 확인요망",https://img.danuri.io/catalog-image/780/911/018/1e7b1c0f060d4bb1b4002868cc9202c2.jpg?shrink=130:130&_v=20261006164524,https://prod.danawa.com/info/?pcode=18911780&cate=112752
83,삼성전자,16GB,삼성전자 DDR5-6400 CL52 CUDIMM,"353,920",데스크탑용 / DDR5 / 6400MHz (PC5-51200) / 램타이밍 : CL52 / 1.10V / 램개수 : 1개 / 클럭드라이버 / 온다이ECC / 히트싱크 : 미포함 / 모듈제조사 : 삼성전자,https://img.danuri.io/catalog-image/655/391/108/8fd3760310ef48268d88a45cbfce9e62.jpg?shrink=130:130&_v=20261006080523,https://prod.danawa.com/info/?pcode=108391655&cate=112752
84,삼성전자,16GB,삼성전자 DDR5-5600 중고,"345,020","데스크탑용 / DDR5 / 5600MHz (PC5-44800) / 램개수 : 1개 / 히트싱크 : 미포함 / 모듈제조사 : 삼성전자 / 병행수입, 벌크, A/S 등 여부 판매처 확인요망",https://img.danuri.io/catalog-image/367/621/122/5a85f088840d407ebae1e5b4e3287719.jpg?shrink=130:130&_v=20261006081639,https://prod.danawa.com/info/?pcode=122621367&cate=112752
85,삼성전자,16GB,삼성전자 DDR5-7200 CL58 CUDIMM,"417,910","데스크탑용 / DDR5 / 7200MHz (PC5-57600) / 1.10V / 램개수 : 1개 / 클럭드라이버 / 온다이ECC / 히트싱크 : 미포함 / 모듈제조사 : 삼성전자 / 병행수입, 중고, A/S 등 여부 판매처 확인요망",https://img.danuri.io/catalog-image/611/658/122/7da5c2d997dd4318af4946d67a64fd7a.jpeg?shrink=130:130&_v=20261006140428,https://prod.danawa.com/info/?pcode=122658611&cate=112752
86,삼성전자,16GB,삼성전자 DDR5-4800,"363,950","데스크탑용 / DDR5 / 4800MHz (PC5-38400) / 램개수 : 1개 / 히트싱크 : 미포함 / 모듈제조사 : 삼성전자 / 병행수입, 벌크, A/S 등 여부 판매처 확인요망",https://img.danuri.io/catalog-image/071/759/015/15e0a2ac2c7f403c9468fc62d01b50f5.jpg?shrink=130:130&_v=20261006080541,https://prod.danawa.com/info/?pcode=15759071&cate=112752
87,삼성전자,16GB,삼성전자 DDR5-4800 병행수입,"320,860",데스크탑용 / DDR5 / 4800MHz (PC5-38400) / 램개수 : 1개 / 히트싱크 : 미포함 / 모듈제조사 : 삼성전자,https://img.danuri.io/catalog-image/262/390/016/01757a41076245c88bf4f24d0bd827a3.jpg?shrink=130:130&_v=20261006080445,https://prod.danawa.com/info/?pcode=16390262&cate=112752
88,삼성전자,16GB,삼성전자 DDR5-4800 중고,"350,000",데스크탑용 / DDR5 / 4800MHz (PC5-38400) / 램개수 : 1개 / 히트싱크 : 미포함 / 모듈제조사 : 삼성전자,https://img.danuri.io/catalog-image/325/799/123/830324745ca448c4a6b60fcbc3419c80.jpg?shrink=130:130&_v=20261006080542,https://prod.danawa.com/info/?pcode=123799325&cate=112752
89,ESSENCORE,16GB,ESSENCORE KLEVV DDR5-5600 CL46 파인인포,"340,940",데스크탑용 / DDR5 / 5600MHz (PC5-44800) / 램타이밍 : CL46-46-46-90 / 1.10V / 램개수 : 1개 / 온다이ECC / 히트싱크 : 미포함 / 높이 : 31.25mm / 모듈제조사 : SK하이닉스,https://img.danuri.io/catalog-image/774/965/018/ac99721b271747c59acec2f3ad07483e.jpg?shrink=130:130&_v=20261006163133,https://prod.danawa.com/info/?pcode=18965774&cate=112752
90,ESSENCORE,16GB,ESSENCORE KLEVV DDR5-5600 CL46 AMD 파인인포,"325,490",데스크탑용 / DDR5 / 5600MHz (PC5-44800) / 램타이밍 : CL46-46-46-90 / 1.10V / 램개수 : 1개 / 온다이ECC / 히트싱크 : 미포함 / 높이 : 31.25mm / 모듈제조사 : SK하이닉스 / 코어울트라 미지원,https://img.danuri.io/catalog-image/185/638/094/0d51f3baad7b4c31a0ec5945b704ae6b.jpg?shrink=130:130&_v=20261006133728,https://prod.danawa.com/info/?pcode=94638185&cate=112752
91,ESSENCORE,16GB,ESSENCORE KLEVV DDR5-6000 CL30 FIT V WHITE AMD 패키지 서린,"375,000",데스크탑용 / DDR5 / 6000MHz (PC5-48000) / 램타이밍 : CL30-36-36-76 / 1.35V / 램개수 : 2개 / XMP3.0 / EXPO / 온다이ECC / 히트싱크 : 방열판 / 방열판 색상 : 화이트 / 높이 : 33.21mm / 모듈제조사 : SK하이닉스 / 코어울트라 미지원,https://img.danuri.io/catalog-image/232/663/122/395c9a5a98264af18f3cc4354c2a3c9c.jpeg?shrink=130:130&_v=20261006161624,https://prod.danawa.com/info/?pcode=122663232&cate=112752
92,ESSENCORE,16GB,ESSENCORE KLEVV DDR5-6000 CL30 FIT V AMD 패키지 서린,"365,000",데스크탑용 / DDR5 / 6000MHz (PC5-48000) / 램타이밍 : CL30-36-36-76 / 1.35V / 램개수 : 2개 / XMP3.0 / EXPO / 온다이ECC / 히트싱크 : 방열판 / 방열판 색상 : 블랙 / 높이 : 33.21mm / 모듈제조사 : SK하이닉스 / 코어울트라 미지원,https://img.danuri.io/catalog-image/226/663/122/3efdae24134c40ac9357bd6945b8fe98.jpeg?shrink=130:130&_v=20261006161033,https://prod.danawa.com/info/?pcode=122663226&cate=112752
93,ESSENCORE,16GB,ESSENCORE KLEVV DDR5-6400 CL52 CUDIMM 파인인포,"364,850",데스크탑용 / DDR5 / 6400MHz (PC5-51200) / 램타이밍 : CL52-52-52-103 / 1.10V / 램개수 : 1개 / LED 라이트 / 클럭드라이버 / 히트싱크 : 미포함 / 높이 : 31.25mm / 모듈제조사 : SK하이닉스 / A다이 언락,https://img.danuri.io/catalog-image/050/340/074/c089839a8c4d45778c1571c4f791393b.jpg?shrink=130:130&_v=20261006161118,https://prod.danawa.com/info/?pcode=74340050&cate=112752
94,ESSENCORE,16GB,ESSENCORE KLEVV DDR5-5600 CL30 FIT V 서린,"360,000",데스크탑용 / DDR5 / 5600MHz (PC5-44800) / 램타이밍 : CL30-36-36-88 / 1.25V / 램개수 : 1개 / XMP3.0 / EXPO / 온다이ECC / 히트싱크 : 방열판 / 방열판 색상 : 블랙 / 높이 : 33.21mm / 모듈제조사 : SK하이닉스 / 코어울트라 미지원,https://img.danuri.io/catalog-image/220/152/092/abcdf2ccfe47492fb01062f5d93656d4.jpg?shrink=130:130&_v=20261006163638,https://prod.danawa.com/info/?pcode=92152220&cate=112752
95,ESSENCORE,16GB,ESSENCORE KLEVV DDR5-5600 CL30 FIT V WHITE 서린,"360,000",데스크탑용 / DDR5 / 5600MHz (PC5-44800) / 램타이밍 : CL30-36-36-88 / 1.25V / 램개수 : 1개 / XMP3.0 / EXPO / 온다이ECC / 히트싱크 : 방열판 / 방열판 색상 : 화이트 / 높이 : 33.21mm / 모듈제조사 : SK하이닉스 / 코어울트라 미지원,https://img.danuri.io/catalog-image/197/107/058/3f0476f860b441b3ace44f4d40a61f5b.jpg?shrink=130:130&_v=20261006080536,https://prod.danawa.com/info/?pcode=58107197&cate=112752
96,ESSENCORE,16GB,ESSENCORE KLEVV DDR5-5600 CL46 NEO 파인인포,"345,700",데스크탑용 / DDR5 / 5600MHz (PC5-44800) / 램타이밍 : CL46-46-46-90 / 1.10V / 램개수 : 1개 / 온다이ECC / 히트싱크 : 미포함 / 높이 : 31.25mm / 모듈제조사 : SK하이닉스,https://img.danuri.io/catalog-image/363/216/071/e4e1df4f7a0f43a9a634feb2f81e81af.jpg?shrink=130:130&_v=20261006080536,https://prod.danawa.com/info/?pcode=71216363&cate=112752
97,ESSENCORE,16GB,ESSENCORE KLEVV DDR5-5600 CL46 NEO 중고,"333,000",데스크탑용 / DDR5 / 5600MHz (PC5-44800) / 램타이밍 : CL46-46-46-90 / 1.10V / 램개수 : 1개 / 온다이ECC / 히트싱크 : 미포함 / 높이 : 31.25mm / 모듈제조사 : SK하이닉스,https://img.danuri.io/catalog-image/264/167/124/de032efee1204d1287758325e572a3be.jpg?shrink=130:130&_v=20261005080532,https://prod.danawa.com/info/?pcode=124167264&cate=112752
98,TeamGroup,16GB,TeamGroup DDR5-5600 CL46 Elite 서린,"350,000",데스크탑용 / DDR5 / 5600MHz (PC5-44800) / 램타이밍 : CL46-46-46-90 / 1.10V / 램개수 : 1개 / 온다이ECC / 히트싱크 : 미포함 / 높이 : 32mm,https://img.danuri.io/catalog-image/839/535/017/f65101d98b1645069576dcc5325f469f.jpg?shrink=130:130&_v=20261006145318,https://prod.danawa.com/info/?pcode=17535839&cate=112752
99,TeamGroup,16GB,TeamGroup DDR5-4800 CL40 Elite 서린,"318,890",데스크탑용 / DDR5 / 4800MHz (PC5-38400) / 램타이밍 : CL40-40-40-77 / 1.10V / 램개수 : 1개 / 온다이ECC / 히트싱크 : 미포함 / 높이 : 32mm,https://img.danuri.io/catalog-image/233/535/017/0b5e0e7388b243a186afdd452c3cd3bf.jpg?shrink=130:130&_v=20261006161153,https://prod.danawa.com/info/?pcode=17535233&cate=112752
100,TeamGroup,16GB,TeamGroup DDR5-5200 CL42 Elite 서린,"337,500",데스크탑용 / DDR5 / 5200MHz (PC5-41600) / 램타이밍 : CL42-42-42-84 / 1.10V / 램개수 : 1개 / 히트싱크 : 미포함 / 높이 : 32mm,https://img.danuri.io/catalog-image/360/767/018/574b962a356d4c27a59944d24851816c.jpg?shrink=130:130&_v=20261006080522,https://prod.danawa.com/info/?pcode=18767360&cate=112752
101,TeamGroup,16GB,TeamGroup DDR5-5600 CL46 Elite,"344,980",데스크탑용 / DDR5 / 5600MHz (PC5-44800) / 램타이밍 : CL46-46-46-90 / 1.10V / 램개수 : 1개 / 온다이ECC / 히트싱크 : 미포함 / 높이 : 32mm,https://img.danuri.io/catalog-image/973/563/023/8c4db447c2334614a8bc74b8dbeb1621.jpg?shrink=130:130&_v=20261006080523,https://prod.danawa.com/info/?pcode=23563973&cate=112752
102,마이크론,16GB,마이크론 Crucial DDR5-5600 CL46 대원씨티에스,"349,000","데스크탑용 / DDR5 / 5600MHz (PC5-44800) / 램타이밍 : CL46-45-45 / 1.10V / 램개수 : 1개 / 온다이ECC / 히트싱크 : 미포함 / 모듈제조사 : 마이크론 / Single Ranked, x16 based",https://img.danuri.io/catalog-image/126/369/020/ee311652a9394b1494c01cefa6456ce9.jpg?shrink=130:130&_v=20261006133814,https://prod.danawa.com/info/?pcode=20369126&cate=112752
103,마이크론,16GB,마이크론 Crucial DDR5-5600 CL46 PRO 대원씨티에스,"355,330",데스크탑용 / DDR5 / 5600MHz (PC5-44800) / 램타이밍 : CL46-45-45 / 1.10V / 램개수 : 1개 / XMP3.0 / EXPO / 온다이ECC / 히트싱크 : 방열판 / 방열판 색상 : 블랙 / 높이 : 31.9mm / 모듈제조사 : 마이크론,https://img.danuri.io/catalog-image/519/640/028/f6bb2e8442ba4b0bb3d43a9f9b8adf21.jpg?shrink=130:130&_v=20261006165434,https://prod.danawa.com/info/?pcode=28640519&cate=112752
104,마이크론,16GB,마이크론 Crucial DDR5-5600 CL46,"349,000","데스크탑용 / DDR5 / 5600MHz (PC5-44800) / 램타이밍 : CL46-45-45 / 1.10V / 램개수 : 1개 / 온다이ECC / 히트싱크 : 미포함 / 모듈제조사 : 마이크론 / Single Ranked, x16 based / 수입사 확인요망(대원, 아스크텍)",https://img.danuri.io/catalog-image/497/486/018/acd2d6aec9a647a686d2446b9f05885e.jpg?shrink=130:130&_v=20261006080522,https://prod.danawa.com/info/?pcode=18486497&cate=112752
105,마이크론,16GB,마이크론 Crucial DDR5-6400 CL38 PRO Overclocking 대원씨티에스,"366,790",데스크탑용 / DDR5 / 6400MHz (PC5-51200) / 램타이밍 : CL38-40-40-84 / 1.35V / 램개수 : 1개 / XMP3.0 / EXPO / 온다이ECC / 히트싱크 : 방열판 / 방열판 색상 : 블랙 / 높이 : 34.8mm,https://img.danuri.io/catalog-image/609/749/099/b733685b57bf4cb7b8cc6cada92fbfd3.jpg?shrink=130:130&_v=20261006080542,https://prod.danawa.com/info/?pcode=99749609&cate=112752
106,마이크론,16GB,마이크론 Crucial DDR5-6400 CL52 CUDIMM 대원씨티에스,"354,250",데스크탑용 / DDR5 / 6400MHz (PC5-51200) / 램타이밍 : CL52-52-52-103 / 1.10V / 램개수 : 1개 / 클럭드라이버 / 온다이ECC / 히트싱크 : 미포함 / 모듈제조사 : 마이크론,https://img.danuri.io/catalog-image/223/791/077/f9a4f0a8e36d4b79af941b8c18cee022.jpg?shrink=130:130&_v=20261006080541,https://prod.danawa.com/info/?pcode=77791223&cate=112752
107,마이크론,16GB,마이크론 Crucial DDR5-5600 CL46 PRO 아스크텍,"391,820",데스크탑용 / DDR5 / 5600MHz (PC5-44800) / 램타이밍 : CL46-45-45 / 1.10V / 램개수 : 1개 / XMP3.0 / EXPO / 온다이ECC / 히트싱크 : 방열판 / 방열판 색상 : 블랙 / 높이 : 31.9mm,https://img.danuri.io/catalog-image/738/386/033/bfda7660c64a42999b7381a59bb82d88.jpg?shrink=130:130&_v=20261004080635,https://prod.danawa.com/info/?pcode=33386738&cate=112752
108,마이크론,16GB,마이크론 Crucial DDR5-5600 CL46 중고,"338,830",데스크탑용 / DDR5 / 5600MHz (PC5-44800) / 램타이밍 : CL46-45-45 / 1.10V / 램개수 : 1개 / 온다이ECC / 히트싱크 : 미포함 / 모듈제조사 : 마이크론,https://img.danuri.io/catalog-image/018/436/123/9574a2a9bc8b4560b1f2bf1daaba264d.jpg?shrink=130:130&_v=20261006032952,https://prod.danawa.com/info/?pcode=123436018&cate=112752
109,삼성전자,32GB,삼성전자 DDR5-5600,"790,960","데스크탑용 / DDR5 / 5600MHz (PC5-44800) / 램개수 : 1개 / 히트싱크 : 미포함 / 모듈제조사 : 삼성전자 / 병행수입, 벌크, AS 등 여부 판매처 확인요망",https://img.danuri.io/catalog-image/043/644/020/697226f9da3b4183a68d85ce8e8031a4.jpg?shrink=130:130&_v=20261006164433,https://prod.danawa.com/info/?pcode=20644043&cate=112752
110,삼성전자,32GB,삼성전자 DDR5-4800,"737,990","데스크탑용 / DDR5 / 4800MHz (PC5-38400) / 램개수 : 1개 / 히트싱크 : 미포함 / 모듈제조사 : 삼성전자 / 병행수입, 벌크, A/S 등 여부 판매처 확인요망",https://img.danuri.io/catalog-image/342/764/015/992aa0c3080b41d0a77914e6938ce3c6.jpg?shrink=130:130&_v=20261006080705,https://prod.danawa.com/info/?pcode=15764342&cate=112752
111,삼성전자,32GB,삼성전자 DDR5-4800 병행수입,"621,120",데스크탑용 / DDR5 / 4800MHz (PC5-38400) / 램개수 : 1개 / 히트싱크 : 미포함 / 모듈제조사 : 삼성전자,https://img.danuri.io/catalog-image/268/390/016/04beee63344544169422706d6ee67c34.jpg?shrink=130:130&_v=20261006120453,https://prod.danawa.com/info/?pcode=16390268&cate=112752
112,삼성전자,32GB,삼성전자 DDR5-5600 중고,"769,990",데스크탑용 / DDR5 / 5600MHz (PC5-44800) / 램개수 : 1개 / 히트싱크 : 미포함 / 모듈제조사 : 삼성전자,https://img.danuri.io/catalog-image/337/799/123/aa8c71bfbf7142afb4f9ae285a302bb3.jpg?shrink=130:130&_v=20261006080541,https://prod.danawa.com/info/?pcode=123799337&cate=112752
113,삼성전자,32GB,삼성전자 DDR5-4800 중고,"722,160",데스크탑용 / DDR5 / 4800MHz (PC5-38400) / 램개수 : 1개 / 히트싱크 : 미포함 / 모듈제조사 : 삼성전자,https://img.danuri.io/catalog-image/326/799/123/385b3153b71242cea5e00c3cf94b4515.jpg?shrink=130:130&_v=20261006080522,https://prod.danawa.com/info/?pcode=123799326&cate=112752
114,ESSENCORE,32GB,ESSENCORE KLEVV DDR5-5600 CL46 파인인포,"720,000",데스크탑용 / DDR5 / 5600MHz (PC5-44800) / 램타이밍 : CL46-46-46-90 / 1.10V / 램개수 : 1개 / 온다이ECC / 히트싱크 : 미포함 / 높이 : 31.25mm / 모듈제조사 : SK하이닉스,https://img.danuri.io/catalog-image/391/913/027/585ad12bee4c45cb881774a9d227ef02.jpg?shrink=130:130&_v=20261006165428,https://prod.danawa.com/info/?pcode=27913391&cate=112752
115,ESSENCORE,32GB,ESSENCORE KLEVV DDR5-6000 CL30 CRAS V RGB WHITE 패키지 서린,"919,000","데스크탑용 / DDR5 / 6000MHz (PC5-48000) / 램타이밍 : CL30-36-36-76 / 1.35V / 램개수 : 2개 / LED 라이트 / XMP3.0 / EXPO / 온다이ECC / 히트싱크 : 방열판 / 방열판 색상 : 화이트 / LED색상 : RGB / LED 시스템 : AURA SYNC , MYSTIC LIGHT , RGB FUSION , POLYCHROME / 높이 : 44mm / 모듈제조사 : SK하이닉스",https://img.danuri.io/catalog-image/077/076/032/b48e8547888841238f36c821e49ba56c.jpg?shrink=130:130&_v=20261006132244,https://prod.danawa.com/info/?pcode=32076077&cate=112752
116,ESSENCORE,32GB,ESSENCORE KLEVV DDR5-6000 CL30 BOLT V 패키지 서린,"817,900",데스크탑용 / DDR5 / 6000MHz (PC5-48000) / 램타이밍 : CL30-36-36-76 / 1.35V / 램개수 : 2개 / XMP3.0 / EXPO / 온다이ECC / 히트싱크 : 방열판 / 방열판 색상 : 블랙 / 높이 : 34mm / 모듈제조사 : SK하이닉스,https://img.danuri.io/catalog-image/470/894/027/e10c9fd675e6446dbfd879bbe8ffc0b7.jpeg?shrink=130:130&_v=20261006163753,https://prod.danawa.com/info/?pcode=27894470&cate=112752
117,ESSENCORE,32GB,ESSENCORE KLEVV DDR5-6000 CL30 FIT V WHITE 패키지 서린,"799,000",데스크탑용 / DDR5 / 6000MHz (PC5-48000) / 램타이밍 : CL30-36-36-76 / 1.35V / 램개수 : 2개 / XMP3.0 / EXPO / 온다이ECC / 히트싱크 : 방열판 / 방열판 색상 : 화이트 / 높이 : 33.21mm / 모듈제조사 : SK하이닉스 / 코어울트라 미지원,https://img.danuri.io/catalog-image/716/188/091/850659e8414f475b9e59e050947efb50.jpg?shrink=130:130&_v=20261006163354,https://prod.danawa.com/info/?pcode=91188716&cate=112752
118,ESSENCORE,32GB,ESSENCORE KLEVV DDR5-6000 CL28 CRAS V RGB WHITE 패키지 서린,"919,000","데스크탑용 / DDR5 / 6000MHz (PC5-48000) / 램타이밍 : CL28-36-36-76 / 1.40V / 램개수 : 2개 / LED 라이트 / XMP3.0 / EXPO / 온다이ECC / 히트싱크 : 방열판 / 방열판 색상 : 화이트 / LED색상 : RGB / LED 시스템 : AURA SYNC , MYSTIC LIGHT , RGB FUSION , POLYCHROME / 높이 : 44mm / 모듈제조사 : SK하이닉스",https://img.danuri.io/catalog-image/470/188/091/9949a36a3f98474d8b21ab2c2850e120.jpg?shrink=130:130&_v=20261006152245,https://prod.danawa.com/info/?pcode=91188470&cate=112752
119,ESSENCORE,32GB,ESSENCORE KLEVV DDR5-6000 CL30 CRAS V RGB 패키지 서린,"851,910","데스크탑용 / DDR5 / 6000MHz (PC5-48000) / 램타이밍 : CL30-36-36-76 / 1.35V / 램개수 : 2개 / LED 라이트 / XMP3.0 / EXPO / 온다이ECC / 히트싱크 : 방열판 / 방열판 색상 : 블랙 / LED색상 : RGB / LED 시스템 : AURA SYNC , MYSTIC LIGHT , RGB FUSION , POLYCHROME / 높이 : 44mm / 모듈제조사 : SK하이닉스",https://img.danuri.io/catalog-image/268/886/027/a391f71a8ad94663bc8ce3866bb4df68.jpg?shrink=130:130&_v=20261006165758,https://prod.danawa.com/info/?pcode=27886268&cate=112752
120,ESSENCORE,32GB,ESSENCORE KLEVV DDR5-6000 CL30 FIT V 패키지 서린,"799,000",데스크탑용 / DDR5 / 6000MHz (PC5-48000) / 램타이밍 : CL30-36-36-76 / 1.35V / 램개수 : 2개 / XMP3.0 / EXPO / 온다이ECC / 히트싱크 : 방열판 / 방열판 색상 : 블랙 / 높이 : 33.21mm / 모듈제조사 : SK하이닉스 / 코어울트라 미지원,https://img.danuri.io/catalog-image/656/188/091/14acb896c1ce4137b87fe34f73ed472d.jpeg?shrink=130:130&_v=20261006165643,https://prod.danawa.com/info/?pcode=91188656&cate=112752
121,ESSENCORE,32GB,ESSENCORE KLEVV DDR5-6400 CL32 CRAS V RGB 패키지 서린,"909,000","데스크탑용 / DDR5 / 6400MHz (PC5-51200) / 램타이밍 : CL32-38-38-78 / 1.35V / 램개수 : 2개 / LED 라이트 / XMP3.0 / 온다이ECC / 히트싱크 : 방열판 / 방열판 색상 : 블랙 / LED색상 : RGB / LED 시스템 : AURA SYNC , MYSTIC LIGHT , RGB FUSION , POLYCHROME / 높이 : 44mm / 모듈제조사 : SK하이닉스",https://img.danuri.io/catalog-image/454/886/027/d406cf891eda40b296476de8126992a6.jpg?shrink=130:130&_v=20261006161658,https://prod.danawa.com/info/?pcode=27886454&cate=112752
122,ESSENCORE,32GB,ESSENCORE KLEVV DDR5-6000 CL28 FIT V BLACK AMD 패키지 서린,"739,000",데스크탑용 / DDR5 / 6000MHz (PC5-48000) / 램타이밍 : CL28-36-36-76 / 1.40V / 램개수 : 2개 / XMP3.0 / EXPO / 온다이ECC / 히트싱크 : 방열판 / 방열판 색상 : 블랙 / 높이 : 33.21mm / 모듈제조사 : SK하이닉스 / 코어울트라 미지원,https://img.danuri.io/catalog-image/610/437/123/e030be34f0ae46948382be87ee956721.jpeg?shrink=130:130&_v=20261006080536,https://prod.danawa.com/info/?pcode=123437610&cate=112752
123,ESSENCORE,32GB,ESSENCORE KLEVV DDR5-6000 CL30 URBANE V RGB 패키지 서린,"889,000","데스크탑용 / DDR5 / 6000MHz (PC5-48000) / 램타이밍 : CL30-36-36-76 / 1.35V / 램개수 : 2개 / LED 라이트 / XMP3.0 / EXPO / 온다이ECC / 히트싱크 : 방열판 / 방열판 색상 : 화이트 / LED색상 : RGB / LED 시스템 : AURA SYNC , MYSTIC LIGHT , RGB FUSION , POLYCHROME / 높이 : 42.5mm / 모듈제조사 : SK하이닉스",https://img.danuri.io/catalog-image/681/587/072/86ab5a68e504487eac02a0481e6913ca.jpg?shrink=130:130&_v=20261006111733,https://prod.danawa.com/info/?pcode=72587681&cate=112752
124,ESSENCORE,32GB,ESSENCORE KLEVV DDR5-6000 CL28 URBANE V RGB 블랙 패키지 서린,"889,000","데스크탑용 / DDR5 / 6000MHz (PC5-48000) / 램타이밍 : CL28-36-36-76 / 1.40V / 램개수 : 2개 / LED 라이트 / XMP3.0 / EXPO / 온다이ECC / 히트싱크 : 방열판 / 방열판 색상 : 블랙 / LED색상 : RGB / LED 시스템 : AURA SYNC , MYSTIC LIGHT , RGB FUSION , POLYCHROME / 높이 : 42.5mm / 모듈제조사 : SK하이닉스",https://img.danuri.io/catalog-image/755/692/100/ab6171769042450cbf077b253a3bbd1d.jpg?shrink=130:130&_v=20261006160518,https://prod.danawa.com/info/?pcode=100692755&cate=112752
125,ESSENCORE,32GB,ESSENCORE KLEVV DDR5-6400 CL32 BOLT V WHITE AMD 패키지 서린,"797,430",데스크탑용 / DDR5 / 6400MHz (PC5-51200) / 램타이밍 : CL32-38-38-78 / 1.35V / 램개수 : 2개 / XMP3.0 / 온다이ECC / 히트싱크 : 방열판 / 방열판 색상 : 화이트 / 높이 : 34mm / 모듈제조사 : SK하이닉스 / 코어울트라 미지원,https://img.danuri.io/catalog-image/770/538/123/f6b589ea4d494cebb94f766f78635b57.jpeg?shrink=130:130&_v=20261006112613,https://prod.danawa.com/info/?pcode=123538770&cate=112752
126,ESSENCORE,32GB,ESSENCORE KLEVV DDR5-6000 CL30 URBANE V RGB 블랙 패키지 서린,"889,000","데스크탑용 / DDR5 / 6000MHz (PC5-48000) / 램타이밍 : CL30-36-36-76 / 1.35V / 램개수 : 2개 / LED 라이트 / XMP3.0 / EXPO / 온다이ECC / 히트싱크 : 방열판 / 방열판 색상 : 블랙 / LED색상 : RGB / LED 시스템 : AURA SYNC , MYSTIC LIGHT , RGB FUSION , POLYCHROME / 높이 : 42.5mm / 모듈제조사 : SK하이닉스",https://img.danuri.io/catalog-image/833/692/100/baf6df5ca82f40d2951d77eae2a2642d.jpg?shrink=130:130&_v=20261006163208,https://prod.danawa.com/info/?pcode=100692833&cate=112752
127,ESSENCORE,32GB,ESSENCORE KLEVV DDR5-6000 CL28 FIT V WHITE AMD 패키지 서린,"759,000",데스크탑용 / DDR5 / 6000MHz (PC5-48000) / 램타이밍 : CL28-36-36-76 / 1.40V / 램개수 : 2개 / XMP3.0 / EXPO / 온다이ECC / 히트싱크 : 방열판 / 방열판 색상 : 화이트 / 높이 : 33.21mm / 모듈제조사 : SK하이닉스 / 코어울트라 미지원,https://img.danuri.io/catalog-image/617/437/123/aee1922b51df40cbac4211bafa692d51.jpeg?shrink=130:130&_v=20261006080431,https://prod.danawa.com/info/?pcode=123437617&cate=112752
128,ESSENCORE,32GB,ESSENCORE KLEVV DDR5-6000 CL30 BOLT V WHITE AMD 패키지 서린,"797,430",데스크탑용 / DDR5 / 6000MHz (PC5-48000) / 램타이밍 : CL30-36-36-76 / 1.35V / 램개수 : 2개 / XMP3.0 / EXPO / 온다이ECC / 히트싱크 : 방열판 / 방열판 색상 : 화이트 / 높이 : 34mm / 모듈제조사 : SK하이닉스 / 코어울트라 미지원,https://img.danuri.io/catalog-image/748/538/123/178b5e1657eb4127aafcef3ced817e39.jpeg?shrink=130:130&_v=20261006151158,https://prod.danawa.com/info/?pcode=123538748&cate=112752
129,ESSENCORE,32GB,ESSENCORE KLEVV DDR5-6000 CL28 URBANE V RGB 화이트 패키지 서린,"889,000","데스크탑용 / DDR5 / 6000MHz (PC5-48000) / 램타이밍 : CL28-36-36-76 / 1.40V / 램개수 : 2개 / LED 라이트 / XMP3.0 / EXPO / 온다이ECC / 히트싱크 : 방열판 / 방열판 색상 : 화이트 / LED색상 : RGB / LED 시스템 : AURA SYNC , MYSTIC LIGHT , RGB FUSION , POLYCHROME / 높이 : 42.5mm / 모듈제조사 : SK하이닉스",https://img.danuri.io/catalog-image/737/692/100/3df1e0efd7984b3793927e3c7cbde70d.jpg?shrink=130:130&_v=20261006163848,https://prod.danawa.com/info/?pcode=100692737&cate=112752
130,ESSENCORE,32GB,ESSENCORE KLEVV DDR5-6400 CL32 CRAS V RGB WHITE 패키지 서린,"919,000","데스크탑용 / DDR5 / 6400MHz (PC5-51200) / 램타이밍 : CL32-38-38-78 / 1.35V / 램개수 : 2개 / LED 라이트 / XMP3.0 / 온다이ECC / 히트싱크 : 방열판 / 방열판 색상 : 화이트 / LED색상 : RGB / LED 시스템 : AURA SYNC , MYSTIC LIGHT , RGB FUSION , POLYCHROME / 높이 : 44mm",https://img.danuri.io/catalog-image/993/075/032/ca6e95a9254b4d6eb9ef800b122bbd36.jpg?shrink=130:130&_v=20261006131338,https://prod.danawa.com/info/?pcode=32075993&cate=112752
131,ESSENCORE,32GB,ESSENCORE KLEVV DDR5-6000 CL28 CRAS V RGB 패키지 서린,"903,520","데스크탑용 / DDR5 / 6000MHz (PC5-48000) / 램타이밍 : CL28-36-36-76 / 1.40V / 램개수 : 2개 / LED 라이트 / XMP3.0 / EXPO / 온다이ECC / 히트싱크 : 방열판 / 방열판 색상 : 블랙 / LED색상 : RGB / LED 시스템 : AURA SYNC , MYSTIC LIGHT , RGB FUSION , POLYCHROME / 높이 : 44mm / 모듈제조사 : SK하이닉스",https://img.danuri.io/catalog-image/443/188/091/2879d21d60fb4c2b8dd52cbd12cd53da.jpg?shrink=130:130&_v=20261006135329,https://prod.danawa.com/info/?pcode=91188443&cate=112752
132,ESSENCORE,32GB,ESSENCORE KLEVV DDR5-6000 CL30 BOLT V WHITE 패키지 서린,"819,000",데스크탑용 / DDR5 / 6000MHz (PC5-48000) / 램타이밍 : CL30-36-36-76 / 1.35V / 램개수 : 2개 / XMP3.0 / EXPO / 온다이ECC / 히트싱크 : 방열판 / 방열판 색상 : 화이트 / 높이 : 34mm / 모듈제조사 : SK하이닉스,https://img.danuri.io/catalog-image/256/152/092/4f75e0c4e3c74380b3330ca2e0003e72.jpg?shrink=130:130&_v=20261006124943,https://prod.danawa.com/info/?pcode=92152256&cate=112752
133,ESSENCORE,32GB,ESSENCORE KLEVV DDR5-7200 CL34 CRAS V RGB 패키지 서린,"922,740","데스크탑용 / DDR5 / 7200MHz (PC5-57600) / 램타이밍 : CL34-44-44-84 / 1.40V / 램개수 : 2개 / LED 라이트 / XMP3.0 / 온다이ECC / 히트싱크 : 방열판 / 방열판 색상 : 블랙 / LED색상 : RGB / LED 시스템 : AURA SYNC , MYSTIC LIGHT , RGB FUSION , POLYCHROME / 높이 : 44mm / 모듈제조사 : SK하이닉스",https://img.danuri.io/catalog-image/676/886/027/90e2d992b14943d8b0e7416f455e54b0.jpg?shrink=130:130&_v=20261006163633,https://prod.danawa.com/info/?pcode=27886676&cate=112752
134,ESSENCORE,32GB,ESSENCORE KLEVV DDR5-6000 CL28 BOLT V WHITE 패키지 서린,"801,500",데스크탑용 / DDR5 / 6000MHz (PC5-48000) / 램타이밍 : CL28-36-36-76 / 1.40V / 램개수 : 2개 / XMP3.0 / EXPO / 온다이ECC / 히트싱크 : 방열판 / 방열판 색상 : 화이트 / 높이 : 34mm / 모듈제조사 : SK하이닉스,https://img.danuri.io/catalog-image/350/188/091/40f55bbb314448e5a49faa549870809d.jpg?shrink=130:130&_v=20261006132503,https://prod.danawa.com/info/?pcode=91188350&cate=112752
135,ESSENCORE,32GB,ESSENCORE KLEVV DDR5-6400 CL32 URBANE V RGB 패키지 서린,"886,000","데스크탑용 / DDR5 / 6400MHz (PC5-51200) / 램타이밍 : CL32-38-38-78 / 1.35V / 램개수 : 2개 / LED 라이트 / XMP3.0 / EXPO / 온다이ECC / 히트싱크 : 방열판 / 방열판 색상 : 화이트 / LED색상 : RGB / LED 시스템 : AURA SYNC , MYSTIC LIGHT , RGB FUSION , POLYCHROME / 높이 : 42.5mm / 모듈제조사 : SK하이닉스",https://img.danuri.io/catalog-image/687/587/072/97ad459f26264ad98fbc491c5534445e.jpg?shrink=130:130&_v=20261006150828,https://prod.danawa.com/info/?pcode=72587687&cate=112752
136,ESSENCORE,32GB,ESSENCORE KLEVV DDR5-6000 CL30 CRAS V RGB WHITE AMD 패키지 서린,"889,000","데스크탑용 / DDR5 / 6000MHz (PC5-48000) / 램타이밍 : CL30-36-36-76 / 1.35V / 램개수 : 2개 / LED 라이트 / XMP3.0 / EXPO / 온다이ECC / 히트싱크 : 방열판 / 방열판 색상 : 화이트 / LED색상 : RGB / LED 시스템 : AURA SYNC , MYSTIC LIGHT , RGB FUSION , POLYCHROME / 높이 : 44mm / 모듈제조사 : SK하이닉스 / 코어울트라 미지원",https://img.danuri.io/catalog-image/636/010/079/dd6866883ece4ff18bbe55ec02467f27.jpg?shrink=130:130&_v=20261006080652,https://prod.danawa.com/info/?pcode=79010636&cate=112752
137,ESSENCORE,32GB,ESSENCORE KLEVV DDR5-6400 CL30 BOLT V WHITE 패키지 서린,"875,500",데스크탑용 / DDR5 / 6400MHz (PC5-51200) / 램타이밍 : CL30-38-38-78 / 1.40V / 램개수 : 2개 / XMP3.0 / EXPO / 온다이ECC / 히트싱크 : 방열판 / 방열판 색상 : 화이트 / 높이 : 34mm / 모듈제조사 : SK하이닉스 / 25년 8월부로 전압 1.35V→1.4V 변경,https://img.danuri.io/catalog-image/103/805/093/636d88ba47474e2c8bdd0f9fa4a97fdb.jpg?shrink=130:130&_v=20261006140803,https://prod.danawa.com/info/?pcode=93805103&cate=112752
138,ESSENCORE,32GB,ESSENCORE KLEVV DDR5-6400 CL32 CRAS V RGB WHITE AMD 패키지 서린,"909,000","데스크탑용 / DDR5 / 6400MHz (PC5-51200) / 램타이밍 : CL32-38-38-78 / 1.35V / 램개수 : 2개 / LED 라이트 / XMP3.0 / 온다이ECC / 히트싱크 : 방열판 / 방열판 색상 : 화이트 / LED색상 : RGB / LED 시스템 : AURA SYNC , MYSTIC LIGHT , RGB FUSION , POLYCHROME / 높이 : 44mm / 코어울트라 미지원",https://img.danuri.io/catalog-image/092/017/079/0c26e1fb14bf48d397833d8c26e27ef6.jpg?shrink=130:130&_v=20261006080652,https://prod.danawa.com/info/?pcode=79017092&cate=112752
139,ESSENCORE,32GB,ESSENCORE KLEVV DDR5-7200 CL34 CRAS V RGB White 패키지 서린,"935,490","데스크탑용 / DDR5 / 7200MHz (PC5-57600) / 램타이밍 : CL34-44-44-84 / 1.40V / 램개수 : 2개 / LED 라이트 / XMP3.0 / 온다이ECC / 히트싱크 : 방열판 / 방열판 색상 : 화이트 / LED색상 : RGB / LED 시스템 : AURA SYNC , MYSTIC LIGHT , RGB FUSION , POLYCHROME / 높이 : 44mm",https://img.danuri.io/catalog-image/197/989/037/c04eeb13a6624d63b56518197bc51b02.jpg?shrink=130:130&_v=20261006162548,https://prod.danawa.com/info/?pcode=37989197&cate=112752
140,ESSENCORE,32GB,ESSENCORE KLEVV DDR5-7200 CL34 CRAS V RGB ROG 패키지 서린,"789,000","데스크탑용 / DDR5 / 7200MHz (PC5-57600) / 램타이밍 : CL34-44-44-84 / 1.40V / 램개수 : 2개 / LED 라이트 / XMP3.0 / EXPO / 온다이ECC / 히트싱크 : 방열판 / 방열판 색상 : 실버/그레이 / LED색상 : RGB / LED 시스템 : AURA SYNC , MYSTIC LIGHT , RGB FUSION , POLYCHROME / 높이 : 44mm",https://img.danuri.io/catalog-image/690/376/064/b963f60cb5374e65a3c6e9d10610f21f.jpg?shrink=130:130&_v=20261006080542,https://prod.danawa.com/info/?pcode=64376690&cate=112752
141,ESSENCORE,32GB,ESSENCORE KLEVV DDR5-6400 CL30 BOLT V 패키지 서린,"867,900",데스크탑용 / DDR5 / 6400MHz (PC5-51200) / 램타이밍 : CL30-38-38-78 / 1.40V / 램개수 : 2개 / XMP3.0 / EXPO / 온다이ECC / 히트싱크 : 방열판 / 방열판 색상 : 블랙 / 높이 : 34mm / 모듈제조사 : SK하이닉스 / 25년 8월부로 전압 1.35V→1.4V 변경,https://img.danuri.io/catalog-image/016/805/093/2e929290c7d744c3becfe934949bbc3e.jpg?shrink=130:130&_v=20261006080542,https://prod.danawa.com/info/?pcode=93805016&cate=112752
142,TeamGroup,32GB,TeamGroup DDR5-5600 CL46 Elite 서린,"720,000",데스크탑용 / DDR5 / 5600MHz (PC5-44800) / 램타이밍 : CL46-46-46-90 / 1.10V / 램개수 : 1개 / 온다이ECC / 히트싱크 : 미포함 / 높이 : 32mm,https://img.danuri.io/catalog-image/627/545/027/77772ac03a1940afa24513d618d32ec8.jpg?shrink=130:130&_v=20261006080535,https://prod.danawa.com/info/?pcode=27545627&cate=112752
143,TeamGroup,32GB,TeamGroup T-Force DDR5-6000 CL30 Delta RGB 화이트 패키지,"810,000","데스크탑용 / DDR5 / 6000MHz (PC5-48000) / 램타이밍 : CL30-36-36-76 / 1.35V / 램개수 : 2개 / LED 라이트 / XMP3.0 / 온다이ECC / 히트싱크 : 방열판 / 방열판 색상 : 화이트 / LED색상 : RGB / LED 시스템 : AURA SYNC , MYSTIC LIGHT , RGB FUSION , POLYCHROME / 높이 : 46.1mm",https://img.danuri.io/catalog-image/029/135/018/c20bd359d94f45139738ee638b0262e1.jpg?shrink=130:130&_v=20261006164558,https://prod.danawa.com/info/?pcode=18135029&cate=112752
144,TeamGroup,32GB,TeamGroup T-Force DDR5-6000 CL30 Delta RGB 패키지,"809,900","데스크탑용 / DDR5 / 6000MHz (PC5-48000) / 램타이밍 : CL30-36-36-76 / 1.35V / 램개수 : 2개 / LED 라이트 / XMP3.0 / 온다이ECC / 히트싱크 : 방열판 / 방열판 색상 : 블랙 / LED색상 : RGB / LED 시스템 : AURA SYNC , MYSTIC LIGHT , RGB FUSION , POLYCHROME / 높이 : 46.1mm",https://img.danuri.io/catalog-image/999/134/018/8c880cf3491e4211818f219b3d5bc860.jpg?shrink=130:130&_v=20261006080542,https://prod.danawa.com/info/?pcode=18134999&cate=112752
145,TeamGroup,32GB,TeamGroup T-CREATE DDR5-6000 CL30 EXPERT 패키지 서린,"799,000",데스크탑용 / DDR5 / 6000MHz (PC5-48000) / 램타이밍 : CL30-36-36-76 / 1.35V / 램개수 : 2개 / XMP / EXPO / 온다이ECC / 히트싱크 : 방열판 / 방열판 색상 : 블랙 / 높이 : 32mm,https://img.danuri.io/catalog-image/438/546/020/e31131043ad7473fada9af68d1a21df2.jpg?shrink=130:130&_v=20261006080536,https://prod.danawa.com/info/?pcode=20546438&cate=112752
146,TeamGroup,32GB,TeamGroup T-CREATE DDR5-5600 CL46 CLASSIC 패키지 서린,"743,780",데스크탑용 / DDR5 / 5600MHz (PC5-44800) / 램타이밍 : CL46-46-46-90 / 1.10V / 램개수 : 2개 / 온다이ECC / 히트싱크 : 방열판 / 방열판 색상 : 블랙 / 높이 : 32mm,https://img.danuri.io/catalog-image/122/566/019/5207d963463047efb7c6a5116a8c88c3.jpg?shrink=130:130&_v=20261006114343,https://prod.danawa.com/info/?pcode=19566122&cate=112752
147,TeamGroup,32GB,TeamGroup T-Force DDR5-5600 CL40 Delta RGB 블랙 패키지,"750,000","데스크탑용 / DDR5 / 5600MHz (PC5-44800) / 램타이밍 : CL40-40-40-84 / 1.20V / 램개수 : 2개 / LED 라이트 / XMP3.0 / EXPO / 온다이ECC / 히트싱크 : 방열판 / 방열판 색상 : 블랙 / LED색상 : RGB / LED 시스템 : AURA SYNC , MYSTIC LIGHT , RGB FUSION , POLYCHROME / 높이 : 46.1mm",https://img.danuri.io/catalog-image/101/199/124/ec7393dea9fb4247bb218d56dd298cb2.jpeg?shrink=130:130&_v=20261006135733,https://prod.danawa.com/info/?pcode=124199101&cate=112752
148,TeamGroup,32GB,TeamGroup T-Force DDR5-5600 CL40 Delta RGB 화이트 패키지,"750,000","데스크탑용 / DDR5 / 5600MHz (PC5-44800) / 램타이밍 : CL40-40-40-84 / 1.20V / 램개수 : 2개 / LED 라이트 / XMP3.0 / EXPO / 온다이ECC / 히트싱크 : 방열판 / 방열판 색상 : 화이트 / LED색상 : RGB / LED 시스템 : AURA SYNC , MYSTIC LIGHT , RGB FUSION , POLYCHROME / 높이 : 46.1mm",https://img.danuri.io/catalog-image/132/199/124/d09d50e6d2684c3e8f1fb1577182012e.jpeg?shrink=130:130&_v=20261006092123,https://prod.danawa.com/info/?pcode=124199132&cate=112752
149,TeamGroup,32GB,TeamGroup T-Force DDR5-6000 CL38 Delta RGB 화이트 패키지 서린,"784,000","데스크탑용 / DDR5 / 6000MHz (PC5-48000) / 램타이밍 : CL38-38-38-78 / 1.25V / 램개수 : 2개 / LED 라이트 / XMP3.0 / 온다이ECC / 히트싱크 : 방열판 / 방열판 색상 : 화이트 / LED색상 : RGB / LED 시스템 : AURA SYNC , MYSTIC LIGHT , RGB FUSION , POLYCHROME / 높이 : 46.1mm",https://img.danuri.io/catalog-image/341/443/016/1b107d7d17b641de80c984243431d304.jpg?shrink=130:130&_v=20261006160933,https://prod.danawa.com/info/?pcode=16443341&cate=112752
150,TeamGroup,32GB,TeamGroup T-Force DDR5-7200 CL34 Delta RGB 패키지,"770,000","데스크탑용 / DDR5 / 7200MHz (PC5-57600) / 램타이밍 : CL34-42-42-84 / 1.40V / 램개수 : 2개 / LED 라이트 / XMP3.0 / 온다이ECC / 히트싱크 : 방열판 / 방열판 색상 : 블랙 / LED색상 : RGB / LED 시스템 : AURA SYNC , MYSTIC LIGHT , RGB FUSION , POLYCHROME / 높이 : 46.1mm",https://img.danuri.io/catalog-image/167/135/018/384274176b734e6f91e6188b323baf5c.jpg?shrink=130:130&_v=20261006164728,https://prod.danawa.com/info/?pcode=18135167&cate=112752
151,TeamGroup,32GB,TeamGroup T-Force DDR5-6000 CL38 Delta RGB 패키지 서린,"784,000","데스크탑용 / DDR5 / 6000MHz (PC5-48000) / 램타이밍 : CL38-38-38-78 / 1.25V / 램개수 : 2개 / LED 라이트 / XMP3.0 / 온다이ECC / 히트싱크 : 방열판 / 방열판 색상 : 블랙 / LED색상 : RGB / LED 시스템 : AURA SYNC , MYSTIC LIGHT , RGB FUSION , POLYCHROME / 높이 : 46.1mm",https://img.danuri.io/catalog-image/945/034/016/22e156ca90f94561b0fb59199fac2e41.jpg?shrink=130:130&_v=20261006141258,https://prod.danawa.com/info/?pcode=16034945&cate=112752
152,TeamGroup,32GB,TeamGroup T-CREATE DDR5-6000 CL30 EXPERT 화이트 패키지 서린,"798,000",데스크탑용 / DDR5 / 6000MHz (PC5-48000) / 램타이밍 : CL30-36-36-76 / 1.35V / 램개수 : 2개 / XMP / EXPO / 온다이ECC / 히트싱크 : 방열판 / 방열판 색상 : 화이트 / 높이 : 32mm,https://img.danuri.io/catalog-image/684/546/020/89a26dfc240d43f59b19cc1bcf0d6484.jpg?shrink=130:130&_v=20261006133428,https://prod.danawa.com/info/?pcode=20546684&cate=112752
153,TeamGroup,32GB,TeamGroup T-CREATE DDR5-6000 CL48 CLASSIC 패키지 서린,"752,980",데스크탑용 / DDR5 / 6000MHz (PC5-48000) / 램타이밍 : CL48-48-48-96 / 1.10V / 램개수 : 2개 / 온다이ECC / 히트싱크 : 방열판 / 방열판 색상 : 블랙 / 높이 : 32mm,https://img.danuri.io/catalog-image/433/567/019/1fd0c5f6ca5344b2912eba6a70e6572d.jpg?shrink=130:130&_v=20261006114748,https://prod.danawa.com/info/?pcode=19567433&cate=112752
154,TeamGroup,32GB,TeamGroup T-Force DDR5-6000 CL28 Delta RGB 화이트 패키지 서린,"918,000","데스크탑용 / DDR5 / 6000MHz (PC5-48000) / 램타이밍 : CL28-36-36-76 / 1.40V / 램개수 : 2개 / LED 라이트 / XMP3.0 / EXPO / 온다이ECC / 히트싱크 : 방열판 / 방열판 색상 : 화이트 / LED색상 : RGB / LED 시스템 : AURA SYNC , MYSTIC LIGHT , RGB FUSION , POLYCHROME , RGB SYNC / 높이 : 46.1mm",https://img.danuri.io/catalog-image/892/341/074/18012ebc6d4b4730a50d3b389eb4565c.jpg?shrink=130:130&_v=20261006161923,https://prod.danawa.com/info/?pcode=74341892&cate=112752
155,TeamGroup,32GB,TeamGroup T-Force DDR5-6000 CL28 Delta RGB 블랙 패키지 서린,"918,000","데스크탑용 / DDR5 / 6000MHz (PC5-48000) / 램타이밍 : CL28-36-36-76 / 1.40V / 램개수 : 2개 / LED 라이트 / XMP3.0 / EXPO / 온다이ECC / 히트싱크 : 방열판 / 방열판 색상 : 블랙 / LED색상 : RGB / LED 시스템 : AURA SYNC , MYSTIC LIGHT , RGB FUSION , POLYCHROME , RGB SYNC / 높이 : 46.1mm",https://img.danuri.io/catalog-image/889/341/074/2b931131ade34b64b08e685a7225cc74.jpg?shrink=130:130&_v=20261006143323,https://prod.danawa.com/info/?pcode=74341889&cate=112752
156,TeamGroup,32GB,TeamGroup DDR5-4800 CL40 Elite Plus 실버 서린,"649,800",데스크탑용 / DDR5 / 4800MHz (PC5-38400) / 램타이밍 : CL40-40-40-77 / 1.10V / 램개수 : 1개 / 온다이ECC / 히트싱크 : 방열판 / 방열판 색상 : 실버/그레이 / 높이 : 31.25mm,https://img.danuri.io/catalog-image/579/767/018/3fdd467c9e554112a80f725c45565626.jpg?shrink=130:130&_v=20261006080535,https://prod.danawa.com/info/?pcode=18767579&cate=112752
157,TeamGroup,32GB,TeamGroup T-Force DDR5-6000 CL38 Vulcan Black 패키지 서린,"740,000",데스크탑용 / DDR5 / 6000MHz (PC5-48000) / 램타이밍 : CL38-38-38-78 / 1.25V / 램개수 : 2개 / XMP3.0 / EXPO / 온다이ECC / 히트싱크 : 방열판 / 방열판 색상 : 블랙 / 높이 : 32.7mm,https://img.danuri.io/catalog-image/178/613/018/90f1929fcf0e41e0b360e682bacd1f3a.jpg?shrink=130:130&_v=20261006164448,https://prod.danawa.com/info/?pcode=18613178&cate=112752
158,TeamGroup,32GB,TeamGroup DDR5-5600 CL46 Elite Plus 블랙 서린,"693,000",데스크탑용 / DDR5 / 5600MHz (PC5-44800) / 램타이밍 : CL46-46-46-90 / 1.10V / 램개수 : 1개 / 온다이ECC / 히트싱크 : 방열판 / 방열판 색상 : 블랙 / 높이 : 31.25mm,https://img.danuri.io/catalog-image/675/545/027/5586a8b0947c4e6db85e7aa2ddb0c335.jpg?shrink=130:130&_v=20261006080652,https://prod.danawa.com/info/?pcode=27545675&cate=112752
159,TeamGroup,32GB,TeamGroup T-Force DDR5-7200 CL34 Delta RGB 화이트 패키지,"770,000","데스크탑용 / DDR5 / 7200MHz (PC5-57600) / 램타이밍 : CL34-42-42-84 / 1.40V / 램개수 : 2개 / LED 라이트 / XMP3.0 / 온다이ECC / 히트싱크 : 방열판 / 방열판 색상 : 화이트 / LED색상 : RGB / LED 시스템 : AURA SYNC , MYSTIC LIGHT , RGB FUSION , POLYCHROME / 높이 : 46.1mm",https://img.danuri.io/catalog-image/173/135/018/4f5f9d5a9a8b466c93cab7246d8abf50.jpg?shrink=130:130&_v=20261006135604,https://prod.danawa.com/info/?pcode=18135173&cate=112752
160,TeamGroup,32GB,TeamGroup T-Force DDR5-6400 CL40 Delta RGB 패키지 서린,"761,300","데스크탑용 / DDR5 / 6400MHz (PC5-51200) / 램타이밍 : CL40-40-40-84 / 1.35V / 램개수 : 2개 / LED 라이트 / XMP3.0 / 온다이ECC / 히트싱크 : 방열판 / 방열판 색상 : 블랙 / LED색상 : RGB / LED 시스템 : AURA SYNC , MYSTIC LIGHT , RGB FUSION , POLYCHROME / 높이 : 46.1mm",https://img.danuri.io/catalog-image/029/035/016/888afdecb3c145329ed67821771b0c49.jpg?shrink=130:130&_v=20261006080705,https://prod.danawa.com/info/?pcode=16035029&cate=112752
161,TeamGroup,32GB,TeamGroup T-Force DDR5-6000 CL38 Delta RGB 화이트 패키지,"784,000","데스크탑용 / DDR5 / 6000MHz (PC5-48000) / 램타이밍 : CL38-38-38-78 / 1.25V / 램개수 : 2개 / LED 라이트 / XMP3.0 / 온다이ECC / 히트싱크 : 방열판 / 방열판 색상 : 화이트 / LED색상 : RGB / LED 시스템 : AURA SYNC , MYSTIC LIGHT , RGB FUSION , POLYCHROME / 높이 : 46.1mm",https://img.danuri.io/catalog-image/009/483/029/32b8b73a194644659460c86eaa71405d.jpg?shrink=130:130&_v=20261004080455,https://prod.danawa.com/info/?pcode=29483009&cate=112752
162,마이크론,32GB,마이크론 Crucial DDR5-5600 CL46 대원씨티에스,"790,490",데스크탑용 / DDR5 / 5600MHz (PC5-44800) / 램타이밍 : CL46-45-45 / 1.10V / 램개수 : 1개 / 온다이ECC / 히트싱크 : 미포함 / 모듈제조사 : 마이크론,https://img.danuri.io/catalog-image/123/544/061/210c289c83fc40fc9f517b2a4c9a8097.jpg?shrink=130:130&_v=20261006161423,https://prod.danawa.com/info/?pcode=61544123&cate=112752
163,마이크론,32GB,마이크론 Crucial DDR5-5600 CL46,"755,990","데스크탑용 / DDR5 / 5600MHz (PC5-44800) / 램타이밍 : CL46-45-45 / 1.10V / 램개수 : 1개 / 온다이ECC / 히트싱크 : 미포함 / 모듈제조사 : 마이크론 / Single Ranked, x32 based",https://img.danuri.io/catalog-image/506/486/018/059d626ffc3a44fb8ca1da6d9bb5ef55.jpg?shrink=130:130&_v=20261006125308,https://prod.danawa.com/info/?pcode=18486506&cate=112752
164,마이크론,32GB,마이크론 Crucial DDR5-6400 CL38 PRO Overclocking 패키지 대원씨티에스,"729,990",데스크탑용 / DDR5 / 6400MHz (PC5-51200) / 램타이밍 : CL38-40-40-84 / 1.35V / 램개수 : 2개 / XMP3.0 / EXPO / 온다이ECC / 히트싱크 : 방열판 / 방열판 색상 : 블랙,https://img.danuri.io/catalog-image/959/061/071/3c4f91baaedc419ca0cca07f5ad9e6e9.jpg?shrink=130:130&_v=20261006103113,https://prod.danawa.com/info/?pcode=71061959&cate=112752
165,마이크론,32GB,마이크론 Crucial DDR5-5600 CL46 PRO 패키지 대원씨티에스,"710,090",데스크탑용 / DDR5 / 5600MHz (PC5-44800) / 램타이밍 : CL46-45-45 / 1.10V / 램개수 : 2개 / XMP3.0 / EXPO / 온다이ECC / 히트싱크 : 방열판 / 방열판 색상 : 블랙 / 높이 : 31.9mm,https://img.danuri.io/catalog-image/066/369/020/3553f95a7b9449aab9052dc51e80dcec.jpg?shrink=130:130&_v=20261006134814,https://prod.danawa.com/info/?pcode=20369066&cate=112752
166,마이크론,32GB,마이크론 Crucial DDR5-6000 CL36 PRO Overclocking White 패키지 대원씨티에스,"739,950",데스크탑용 / DDR5 / 6000MHz (PC5-48000) / 램타이밍 : CL36-38-38-80 / 1.35V / 램개수 : 2개 / XMP3.0 / EXPO / 온다이ECC / 히트싱크 : 방열판 / 방열판 색상 : 화이트,https://img.danuri.io/catalog-image/055/100/054/eb9faa82679042a39592bc90525537ec.jpg?shrink=130:130&_v=20261006084543,https://prod.danawa.com/info/?pcode=54100055&cate=112752
167,마이크론,32GB,마이크론 Crucial DDR5-6400 CL52 CUDIMM 아스크텍,"640,880",데스크탑용 / DDR5 / 6400MHz (PC5-51200) / 램타이밍 : CL52-52-52-103 / 1.10V / 램개수 : 1개 / 클럭드라이버 / 온다이ECC / 히트싱크 : 미포함 / 모듈제조사 : 마이크론,https://img.danuri.io/catalog-image/693/946/076/af9b775d670e459294bd2ffc473a08c2.jpg?shrink=130:130&_v=20261006080536,https://prod.danawa.com/info/?pcode=76946693&cate=112752
168,마이크론,32GB,마이크론 Crucial DDR5-6400 CL32 PRO Overclocking 패키지 대원씨티에스,"732,080",데스크탑용 / DDR5 / 6400MHz (PC5-51200) / 램타이밍 : CL32-40-40-103 / 1.35V / 램개수 : 2개 / XMP3.0 / EXPO / 온다이ECC / 히트싱크 : 방열판 / 방열판 색상 : 블랙,https://img.danuri.io/catalog-image/607/273/100/7c7c07176bc64f2aa8161f72d6a6f82c.jpg?shrink=130:130&_v=20261006080705,https://prod.danawa.com/info/?pcode=100273607&cate=112752
169,마이크론,32GB,마이크론 Crucial DDR5-6400 CL32 PRO Overclocking White 패키지 대원씨티에스,"747,140",데스크탑용 / DDR5 / 6400MHz (PC5-51200) / 램타이밍 : CL32-40-40-103 / 1.35V / 램개수 : 2개 / XMP3.0 / EXPO / 온다이ECC / 히트싱크 : 방열판 / 방열판 색상 : 화이트,https://img.danuri.io/catalog-image/628/273/100/aa11b06683554473824b398eff1959d5.jpg?shrink=130:130&_v=20261006123729,https://prod.danawa.com/info/?pcode=100273628&cate=112752
170,마이크론,32GB,마이크론 Crucial DDR5-6400 CL38 PRO Overclocking White 패키지 대원씨티에스,"730,000",데스크탑용 / DDR5 / 6400MHz (PC5-51200) / 램타이밍 : CL38-40-40-84 / 1.35V / 램개수 : 2개 / XMP3.0 / EXPO / 온다이ECC / 히트싱크 : 방열판 / 방열판 색상 : 블랙 / 높이 : 34.8mm,https://img.danuri.io/catalog-image/334/158/071/091a7dfcc3604e2fbbbf78b762cffd3c.jpg?shrink=130:130&_v=20261006080652,https://prod.danawa.com/info/?pcode=71158334&cate=112752
171,마이크론,32GB,마이크론 Crucial DDR5-6400 CL40 PRO OC Gaming Edition White 대원씨티에스,"760,410",데스크탑용 / DDR5 / 6400MHz (PC5-51200) / 램타이밍 : CL40-40-40 / 램개수 : 1개 / XMP3.0 / EXPO / 온다이ECC / 히트싱크 : 방열판 / 방열판 색상 : 화이트 / 높이 : 34.8mm,https://img.danuri.io/catalog-image/027/331/076/439f14c9773846c39c39435fd65d04c4.jpg?shrink=130:130&_v=20261006123939,https://prod.danawa.com/info/?pcode=76331027&cate=112752
172,마이크론,32GB,마이크론 Crucial DDR5-6400 CL52 CUDIMM 대원씨티에스,"815,500",데스크탑용 / DDR5 / 6400MHz (PC5-51200) / 램타이밍 : CL52-52-52-103 / 1.10V / 램개수 : 1개 / 클럭드라이버 / 온다이ECC / 히트싱크 : 미포함 / 모듈제조사 : 마이크론,https://img.danuri.io/catalog-image/217/791/077/4d06abcb5d7a4b01bf2d3c707aa0e465.jpg?shrink=130:130&_v=20261006080431,https://prod.danawa.com/info/?pcode=77791217&cate=112752
173,마이크론,32GB,마이크론 Crucial DDR5-5600 CL46 PRO 아스크텍,"794,250",데스크탑용 / DDR5 / 5600MHz (PC5-44800) / 램타이밍 : CL46-45-45 / 1.10V / 램개수 : 1개 / XMP3.0 / EXPO / 온다이ECC / 히트싱크 : 방열판 / 방열판 색상 : 블랙 / 높이 : 31.9mm,https://img.danuri.io/catalog-image/789/549/074/82f7d6ef77fb4995b99ae911fefade40.jpg?shrink=130:130&_v=20261006080445,https://prod.danawa.com/info/?pcode=74549789&cate=112752
174,마이크론,32GB,마이크론 Crucial DDR5-6000 CL36 PRO Overclocking 패키지 대원씨티에스,"736,670",데스크탑용 / DDR5 / 6000MHz (PC5-48000) / 램타이밍 : CL36-38-38-80 / 1.35V / 램개수 : 2개 / XMP3.0 / EXPO / 온다이ECC / 히트싱크 : 방열판 / 방열판 색상 : 블랙,https://img.danuri.io/catalog-image/770/102/039/1a327b4772d648ebadef306c24039c5f.jpg?shrink=130:130&_v=20261006121613,https://prod.danawa.com/info/?pcode=39102770&cate=112752
175,마이크론,32GB,마이크론 Crucial DDR5-5600 CL46 PRO 대원씨티에스,"794,250",데스크탑용 / DDR5 / 5600MHz (PC5-44800) / 램타이밍 : CL46 / 램개수 : 1개 / XMP3.0 / EXPO / 온다이ECC / 히트싱크 : 방열판 / 방열판 색상 : 블랙 / 높이 : 31.9mm / 모듈제조사 : 마이크론,https://img.danuri.io/catalog-image/215/750/099/70beaaca05b0418c87c175fe8ed6fb76.jpg?shrink=130:130&_v=20261006080542,https://prod.danawa.com/info/?pcode=99750215&cate=112752
176,마이크론,32GB,마이크론 Crucial DDR5-6400 CL32 PRO Overclocking White 패키지 아스크텍,"751,890",데스크탑용 / DDR5 / 6400MHz (PC5-51200) / 램타이밍 : CL32-40-40-103 / 1.35V / 램개수 : 2개 / XMP3.0 / EXPO / 온다이ECC / 히트싱크 : 방열판 / 방열판 색상 : 화이트,https://img.danuri.io/catalog-image/838/553/099/15599c278abc4618bda0eb2e2c79d99e.jpg?shrink=130:130&_v=20261006080445,https://prod.danawa.com/info/?pcode=99553838&cate=112752
177,마이크론,32GB,마이크론 Crucial DDR5-6400 CL32 PRO Overclocking 패키지 아스크텍,"751,890",데스크탑용 / DDR5 / 6400MHz (PC5-51200) / 램타이밍 : CL32-40-40-103 / 1.35V / 램개수 : 2개 / XMP3.0 / EXPO / 온다이ECC / 히트싱크 : 방열판 / 방열판 색상 : 블랙,https://img.danuri.io/catalog-image/832/553/099/cb640ee26cb9484ab917eac9590e34e7.jpg?shrink=130:130&_v=20261006080536,https://prod.danawa.com/info/?pcode=99553832&cate=112752
178,마이크론,32GB,마이크론 Crucial DDR5-5600 CL46 PRO 패키지 아스크텍,"769,000",데스크탑용 / DDR5 / 5600MHz (PC5-44800) / 램타이밍 : CL46-45-45 / 1.10V / 램개수 : 2개 / XMP3.0 / EXPO / 온다이ECC / 히트싱크 : 방열판 / 방열판 색상 : 블랙 / 높이 : 31.9mm,https://img.danuri.io/catalog-image/421/356/020/34f12621c694493da13c57296363e3f3.jpg?shrink=130:130&_v=20261005080442,https://prod.danawa.com/info/?pcode=20356421&cate=112752
179,마이크론,32GB,마이크론 Crucial DDR5-6400 CL52 CUDIMM 패키지 대원씨티에스,"787,000",데스크탑용 / DDR5 / 6400MHz (PC5-51200) / 램타이밍 : CL52-52-52-103 / 1.10V / 램개수 : 2개 / 클럭드라이버 / 온다이ECC / 히트싱크 : 미포함 / 모듈제조사 : 마이크론,https://img.danuri.io/catalog-image/612/749/099/1649e961bae74a328b94af3d8c29a8e5.jpg?shrink=130:130&_v=20261005080532,https://prod.danawa.com/info/?pcode=99749612&cate=112752
180,마이크론,32GB,마이크론 Crucial DDR5-6000 CL48 PRO 패키지 대원씨티에스,"1,000,000",데스크탑용 / DDR5 / 6000MHz (PC5-48000) / 램타이밍 : CL48-48-48 / 1.10V / 램개수 : 2개 / XMP3.0 / EXPO / 온다이ECC / 히트싱크 : 방열판 / 방열판 색상 : 블랙 / 모듈제조사 : 마이크론,https://img.danuri.io/catalog-image/210/156/056/4dc0ec50b0c34eb2a28370f785dc7337.jpg?shrink=130:130&_v=20261003080514,https://prod.danawa.com/info/?pcode=56156210&cate=112752
181,마이크론,32GB,마이크론 Crucial DDR5-5600 CL46 중고,"758,000",데스크탑용 / DDR5 / 5600MHz (PC5-44800) / 램타이밍 : CL46-45-45 / 1.10V / 램개수 : 1개 / 온다이ECC / 히트싱크 : 미포함 / 모듈제조사 : 마이크론,https://img.danuri.io/catalog-image/849/133/123/65491270487a4522a373eb10832bda51.jpg?shrink=130:130&_v=20261006080652,https://prod.danawa.com/info/?pcode=123133849&cate=112752
182,마이크론,32GB,마이크론 Crucial DDR5-6400 CL38 PRO Overclocking 패키지 아스크텍,"827,150",데스크탑용 / DDR5 / 6400MHz (PC5-51200) / 램타이밍 : CL38-40-40-84 / 1.35V / 램개수 : 2개 / XMP3.0 / EXPO / 온다이ECC / 히트싱크 : 방열판 / 방열판 색상 : 블랙,https://img.danuri.io/catalog-image/999/566/069/db981d9d8ea942d3a1092414a24dc8d5.jpg?shrink=130:130&_v=20261006080445,https://prod.danawa.com/info/?pcode=69566999&cate=112752
183,ESSENCORE,64GB,ESSENCORE KLEVV DDR5-6000 CL30 CRAS V RGB WHITE 패키지 서린,"1,850,000","데스크탑용 / DDR5 / 6000MHz (PC5-48000) / 램타이밍 : CL30-36-36-76 / 1.35V / 램개수 : 2개 / LED 라이트 / XMP3.0 / EXPO / 온다이ECC / 히트싱크 : 방열판 / 방열판 색상 : 화이트 / LED색상 : RGB / LED 시스템 : AURA SYNC , MYSTIC LIGHT , RGB FUSION , POLYCHROME / 높이 : 44mm",https://img.danuri.io/catalog-image/017/989/037/f27eeb35ae58402082e0c5f9904d1391.jpg?shrink=130:130&_v=20261006101928,https://prod.danawa.com/info/?pcode=37989017&cate=112752
184,ESSENCORE,64GB,ESSENCORE KLEVV DDR5-6000 CL30 CRAS V RGB 패키지 서린,"1,850,000","데스크탑용 / DDR5 / 6000MHz (PC5-48000) / 램타이밍 : CL30-36-36-76 / 1.35V / 램개수 : 2개 / LED 라이트 / XMP3.0 / EXPO / 온다이ECC / 히트싱크 : 방열판 / 방열판 색상 : 블랙 / LED색상 : RGB / LED 시스템 : AURA SYNC , MYSTIC LIGHT , RGB FUSION , POLYCHROME / 높이 : 44mm / 모듈제조사 : SK하이닉스",https://img.danuri.io/catalog-image/663/002/030/fb841e6a626048808f04a1e2484a5372.jpg?shrink=130:130&_v=20261006141324,https://prod.danawa.com/info/?pcode=30002663&cate=112752
185,ESSENCORE,64GB,ESSENCORE KLEVV DDR5-6000 CL30 BOLT V 패키지 서린,"1,811,300",데스크탑용 / DDR5 / 6000MHz (PC5-48000) / 램타이밍 : CL30-36-36-76 / 1.35V / 램개수 : 2개 / XMP3.0 / EXPO / 온다이ECC / 히트싱크 : 방열판 / 방열판 색상 : 블랙 / 높이 : 34mm / 모듈제조사 : SK하이닉스,https://img.danuri.io/catalog-image/963/568/094/3fd090741b034a62b50362018eae890a.jpg?shrink=130:130&_v=20261006080536,https://prod.danawa.com/info/?pcode=94568963&cate=112752
186,ESSENCORE,64GB,ESSENCORE KLEVV DDR5-6400 CL32 CRAS V RGB WHITE 패키지 서린,"1,849,800","데스크탑용 / DDR5 / 6400MHz (PC5-51200) / 램타이밍 : CL32-38-38-78 / 1.35V / 램개수 : 2개 / LED 라이트 / XMP3.0 / 온다이ECC / 히트싱크 : 방열판 / 방열판 색상 : 화이트 / LED색상 : RGB / LED 시스템 : AURA SYNC , MYSTIC LIGHT , RGB FUSION , POLYCHROME / 높이 : 44mm",https://img.danuri.io/catalog-image/125/989/037/3f100208f0594f32a1c6625b32a95576.jpg?shrink=130:130&_v=20261006162859,https://prod.danawa.com/info/?pcode=37989125&cate=112752
187,TeamGroup,64GB,TeamGroup T-Force DDR5-6000 CL38 Delta RGB 화이트 패키지 서린,"1,560,000","데스크탑용 / DDR5 / 6000MHz (PC5-48000) / 램타이밍 : CL38 / 1.30V / 램개수 : 2개 / LED 라이트 / XMP3.0 / 온다이ECC / 히트싱크 : 방열판 / 방열판 색상 : 화이트 / LED색상 : RGB / LED 시스템 : AURA SYNC , MYSTIC LIGHT , RGB FUSION , POLYCHROME / 높이 : 46.1mm",https://img.danuri.io/catalog-image/282/553/019/913ec489ed7f4404a63d8fe327c8810a.jpg?shrink=130:130&_v=20261006092053,https://prod.danawa.com/info/?pcode=19553282&cate=112752
188,TeamGroup,64GB,TeamGroup T-Force DDR5-5600 CL36 Delta RGB 패키지 서린,"1,519,900","데스크탑용 / DDR5 / 5600MHz (PC5-44800) / 램타이밍 : CL36-36-36-76 / 1.30V / 램개수 : 2개 / LED 라이트 / XMP3.0 / 온다이ECC / 히트싱크 : 방열판 / 방열판 색상 : 블랙 / LED색상 : RGB / LED 시스템 : AURA SYNC , MYSTIC LIGHT , RGB FUSION , POLYCHROME / 높이 : 46.1mm",https://img.danuri.io/catalog-image/202/552/019/8237a7fa46a54444b6c0fd7bd1a5502e.jpg?shrink=130:130&_v=20261006162438,https://prod.danawa.com/info/?pcode=19552202&cate=112752
189,TeamGroup,64GB,TeamGroup T-CREATE DDR5-5600 CL46 CLASSIC 패키지 서린,"1,500,000",데스크탑용 / DDR5 / 5600MHz (PC5-44800) / 램타이밍 : CL46-46-46-90 / 1.10V / 램개수 : 2개 / 온다이ECC / 히트싱크 : 방열판 / 방열판 색상 : 블랙 / 높이 : 32mm,https://img.danuri.io/catalog-image/335/566/019/ae126aebb87c46e598629ea77740a62e.jpg?shrink=130:130&_v=20261006080705,https://prod.danawa.com/info/?pcode=19566335&cate=112752
190,TeamGroup,64GB,TeamGroup T-Force DDR5-6000 CL38 Delta RGB 패키지 서린,"1,560,000","데스크탑용 / DDR5 / 6000MHz (PC5-48000) / 램타이밍 : CL38-38-38-78 / 1.30V / 램개수 : 2개 / LED 라이트 / XMP3.0 / 온다이ECC / 히트싱크 : 방열판 / 방열판 색상 : 블랙 / LED색상 : RGB / LED 시스템 : AURA SYNC , MYSTIC LIGHT , RGB FUSION , POLYCHROME / 높이 : 46.1mm",https://img.danuri.io/catalog-image/994/552/019/f8c2e6dc04534c298494221405ba6e6c.jpg?shrink=130:130&_v=20261006151318,https://prod.danawa.com/info/?pcode=19552994&cate=112752
191,TeamGroup,64GB,TeamGroup T-Force DDR5-5600 CL36 Delta RGB 화이트 패키지 서린,"1,520,000","데스크탑용 / DDR5 / 5600MHz (PC5-44800) / 램타이밍 : CL36-36-36-76 / 1.30V / 램개수 : 2개 / LED 라이트 / XMP3.0 / 온다이ECC / 히트싱크 : 방열판 / 방열판 색상 : 화이트 / LED색상 : RGB / LED 시스템 : AURA SYNC , MYSTIC LIGHT , RGB FUSION , POLYCHROME / 높이 : 46.1mm",https://img.danuri.io/catalog-image/541/552/019/87ff799a6f8d4317999951d9996e045b.jpg?shrink=130:130&_v=20261006162543,https://prod.danawa.com/info/?pcode=19552541&cate=112752
192,TeamGroup,64GB,TeamGroup T-CREATE DDR5-6400 CL34 EXPERT 패키지 서린,"1,670,000",데스크탑용 / DDR5 / 6400MHz (PC5-51200) / 램타이밍 : CL34-44-44-84 / 1.35V / 램개수 : 2개 / XMP / 온다이ECC / 히트싱크 : 방열판 / 방열판 색상 : 블랙 / 높이 : 32mm,https://img.danuri.io/catalog-image/934/567/019/8d374d5d6d7b45cca00f6e4b25d400fd.jpg?shrink=130:130&_v=20261006140518,https://prod.danawa.com/info/?pcode=19567934&cate=112752
193,TeamGroup,64GB,TeamGroup T-CREATE DDR5-6400 CL34 EXPERT 화이트 패키지 서린,"1,670,000",데스크탑용 / DDR5 / 6400MHz (PC5-51200) / 램타이밍 : CL34-44-44-84 / 1.35V / 램개수 : 2개 / XMP / 온다이ECC / 히트싱크 : 방열판 / 방열판 색상 : 화이트 / 높이 : 32mm,https://img.danuri.io/catalog-image/080/547/020/875f1ca68e644c008bf8fae6b228a79e.jpg?shrink=130:130&_v=20261006162303,https://prod.danawa.com/info/?pcode=20547080&cate=112752
194,마이크론,64GB,마이크론 Crucial DDR5-6400 CL52 CUDIMM 대원씨티에스,"1,933,170",데스크탑용 / DDR5 / 6400MHz (PC5-51200) / 램타이밍 : CL52-52-52-103 / 1.10V / 램개수 : 1개 / 클럭드라이버 / 온다이ECC / 히트싱크 : 미포함 / 모듈제조사 : 마이크론,https://img.danuri.io/catalog-image/211/791/077/7eeb456d99384c46aca0d25168d8911b.jpg?shrink=130:130&_v=20261006142808,https://prod.danawa.com/info/?pcode=77791211&cate=112752
195,마이크론,64GB,마이크론 Crucial DDR5-5600 CL46 PRO 대원씨티에스,"1,760,000",데스크탑용 / DDR5 / 5600MHz (PC5-44800) / 램타이밍 : CL46-45-45 / 1.10V / 램개수 : 1개 / XMP3.0 / EXPO / 온다이ECC / 히트싱크 : 방열판 / 방열판 색상 : 블랙 / 높이 : 31.9mm / 모듈제조사 : 마이크론,https://img.danuri.io/catalog-image/337/273/100/3b729d3527d54f48ab43da4d3d9699b7.jpg?shrink=130:130&_v=20261006080705,https://prod.danawa.com/info/?pcode=100273337&cate=112752
196,마이크론,64GB,마이크론 Crucial DDR5-5600 CL46 대원씨티에스,"2,150,000",데스크탑용 / DDR5 / 5600MHz (PC5-44800) / 램타이밍 : CL46-45-45 / 1.10V / 램개수 : 1개 / 온다이ECC / 히트싱크 : 미포함 / 모듈제조사 : 마이크론,https://img.danuri.io/catalog-image/769/991/075/502465e33c124fb6aba3814037e82d60.jpg?shrink=130:130&_v=20261006080542,https://prod.danawa.com/info/?pcode=75991769&cate=112752
197,마이크론,64GB,마이크론 Crucial DDR5-5600 CL46 패키지 아스크텍,"1,514,360",데스크탑용 / DDR5 / 5600MHz (PC5-44800) / 램타이밍 : CL46-45-45 / 1.10V / 램개수 : 2개 / XMP3.0 / EXPO / 온다이ECC / 히트싱크 : 미포함 / 모듈제조사 : 마이크론,https://img.danuri.io/catalog-image/711/040/091/bcedf027f3aa4864a8ca7b74fb75e8ea.jpg?shrink=130:130&_v=20261006080542,https://prod.danawa.com/info/?pcode=91040711&cate=112752
198,마이크론,64GB,마이크론 Crucial DDR5-5600 CL46,"2,150,000",데스크탑용 / DDR5 / 5600MHz (PC5-44800) / 램타이밍 : CL46-45-45 / 1.10V / 램개수 : 1개 / 온다이ECC / 히트싱크 : 미포함 / 모듈제조사 : 마이크론,https://img.danuri.io/catalog-image/597/946/076/0711b557d2b94ca9bc2501030d1e4c87.jpg?shrink=130:130&_v=20261006080523,https://prod.danawa.com/info/?pcode=76946597&cate=112752
199,마이크론,64GB,마이크론 Crucial DDR5-5600 CL46 PRO 패키지 대원씨티에스,"1,799,000",데스크탑용 / DDR5 / 5600MHz (PC5-44800) / 램타이밍 : CL46-45-45 / 1.10V / 램개수 : 2개 / XMP3.0 / EXPO / 온다이ECC / 히트싱크 : 방열판 / 방열판 색상 : 블랙 / 높이 : 31.9mm,https://img.danuri.io/catalog-image/552/640/028/664a54930edb4f8bb16c59c2e111df74.jpg?shrink=130:130&_v=20261005080442,https://prod.danawa.com/info/?pcode=28640552&cate=112752
200,마이크론,64GB,마이크론 Crucial DDR5-5600 CL46 PRO 패키지 아스크텍,"1,588,500",데스크탑용 / DDR5 / 5600MHz (PC5-44800) / 램타이밍 : CL46-45-45 / 1.10V / 램개수 : 2개 / XMP3.0 / EXPO / 온다이ECC / 히트싱크 : 방열판 / 방열판 색상 : 블랙 / 높이 : 31.9mm,https://img.danuri.io/catalog-image/522/553/028/107b1bab72ed41698221b7459171d78a.jpg?shrink=130:130&_v=20261006080445,https://prod.danawa.com/info/?pcode=28553522&cate=112752
